"","speciesCode","comName","sciName","locId","locName","obsDt","howMany","lat","lng","obsValid","obsReviewed","locationPrivate","subId"
"1","lbbgul","Lesser Black-backed Gull","Larus fuscus","L454613","Detroit River IWR--Refuge Gateway (Humbug Marsh)","2026-01-20 17:29",1,42.1155366,-83.1875275,TRUE,FALSE,FALSE,"S295405340"
"2","lbbgul","Lesser Black-backed Gull","Larus fuscus","L57474116","Bunces Pass, Tierra Verde US-FL 27.65056, -82.74498","2026-01-20 17:09",1,27.650556,-82.744984,TRUE,FALSE,TRUE,"S295406696"
"3","lbbgul","Lesser Black-backed Gull","Larus fuscus","L2687825","Indian Rocks Beach Nature Preserve","2026-01-20 17:00",1,27.8925567,-82.8469609,TRUE,FALSE,FALSE,"S295409210"
"4","lbbgul","Lesser Black-backed Gull","Larus fuscus","L1495055","Lori Wilson Park","2026-01-20 17:00",7,28.3361402,-80.6083331,TRUE,FALSE,FALSE,"S295405671"
"5","lbbgul","Lesser Black-backed Gull","Larus fuscus","L831672","Notre Dame--Saint Joseph's Lake","2026-01-20 16:36",2,41.7059848,-86.2414742,TRUE,FALSE,FALSE,"S295415378"
"6","lbbgul","Lesser Black-backed Gull","Larus fuscus","L286699","Lynn Lane Reservoir & area","2026-01-20 16:34",1,36.1273683,-95.7692549,TRUE,FALSE,FALSE,"S295410253"
"7","lbbgul","Lesser Black-backed Gull","Larus fuscus","L3200013","Sebastian Inlet SP--north side (Brevard co.)","2026-01-20 16:20",2,27.8611424,-80.4495764,TRUE,FALSE,FALSE,"S295412542"
"8","lbbgul","Lesser Black-backed Gull","Larus fuscus","L57473133","147 Olde Duck Rd, Duck US-NC 36.17359, -75.74816","2026-01-20 16:10",5,36.173595,-75.748157,TRUE,FALSE,TRUE,"S295401949"
"9","lbbgul","Lesser Black-backed Gull","Larus fuscus","L57471841","2101 SR-A1A, Melbourne Beach US-FL 28.05847, -80.55159","2026-01-20 16:07",4,28.058468,-80.551591,TRUE,FALSE,TRUE,"S295394631"
"10","lbbgul","Lesser Black-backed Gull","Larus fuscus","L57471432","14850, Ithaca US-NY (42.4451,-76.4411)","2026-01-20 15:48",2,42.445085,-76.441082,TRUE,FALSE,TRUE,"S295392716"
"11","lbbgul","Lesser Black-backed Gull","Larus fuscus","L1414004","Ben Butterworth Parkway, Moline","2026-01-20 15:46",2,41.5149548,-90.4857273,TRUE,FALSE,FALSE,"S295403818"
"12","lbbgul","Lesser Black-backed Gull","Larus fuscus","L190873","North Point Marina/State Line Beach, Winthrop Harbor","2026-01-20 15:45",2,42.4877956,-87.8023911,TRUE,FALSE,FALSE,"S295405014"
"13","lbbgul","Lesser Black-backed Gull","Larus fuscus","L263704","Morrisville Levee","2026-01-20 15:40",4,40.2146879,-74.7737246,TRUE,FALSE,FALSE,"S295393690"
"14","lbbgul","Lesser Black-backed Gull","Larus fuscus","L5199505","Bellport Bay Yacht Club","2026-01-20 15:35",1,40.7522773,-72.9330471,TRUE,FALSE,FALSE,"S295407259"
"15","lbbgul","Lesser Black-backed Gull","Larus fuscus","L284586","Wendy Park, Whiskey Island","2026-01-20 15:35",4,41.4991725,-81.7146913,TRUE,FALSE,FALSE,"S295398905"
"16","lbbgul","Lesser Black-backed Gull","Larus fuscus","L422541","Leonabelle Turnbull Birding Ctr. (CTC 057)","2026-01-20 15:30",1,27.8275297,-97.0789558,TRUE,FALSE,FALSE,"S295414669"
"17","lbbgul","Lesser Black-backed Gull","Larus fuscus","L57470609","2825 Gulf of Mexico Drive, Longboat Key, Florida, US (27.368, -82.628)","2026-01-20 15:24",1,27.3679831,-82.6276175,TRUE,FALSE,TRUE,"S295387936"
"18","lbbgul","Lesser Black-backed Gull","Larus fuscus","L903606","Lock and Dam 14 (Illinois)","2026-01-20 15:04",1,41.5694812,-90.3956795,TRUE,FALSE,FALSE,"S295396821"
"19","lbbgul","Lesser Black-backed Gull","Larus fuscus","L1990251","Pleasure House Point Natural Area","2026-01-20 15:02",6,36.903226,-76.0994303,TRUE,FALSE,FALSE,"S295382110"
"20","lbbgul","Lesser Black-backed Gull","Larus fuscus","L280564","Sherwood Island State Park","2026-01-20 14:57",1,41.1157809,-73.3305955,TRUE,FALSE,FALSE,"S295396173"
"21","lbbgul","Lesser Black-backed Gull","Larus fuscus","L458906","Sand Key Park","2026-01-20 14:40",3,27.960064,-82.8294897,TRUE,FALSE,FALSE,"S295390142"
"22","lbbgul","Lesser Black-backed Gull","Larus fuscus","L498948","Siesta Key Public Beach","2026-01-20 14:36",2,27.2643958,-82.5517845,TRUE,FALSE,FALSE,"S295409553"
"23","lbbgul","Lesser Black-backed Gull","Larus fuscus","L10334097","Round Valley Reservoir--Main Boat Launch","2026-01-20 14:35",82,40.6316886,-74.8486733,TRUE,FALSE,FALSE,"S295406322"
"24","lbbgul","Lesser Black-backed Gull","Larus fuscus","L376483","Mississippi River Lock & Dam 14 (Iowa)","2026-01-20 14:08",2,41.5742329,-90.401516,TRUE,FALSE,FALSE,"S295389844"
"25","lbbgul","Lesser Black-backed Gull","Larus fuscus","L604728","Fort Monroe","2026-01-20 13:58",2,37.0039407,-76.3073874,TRUE,FALSE,FALSE,"S295379630"
"26","lbbgul","Lesser Black-backed Gull","Larus fuscus","L1379126","Sapsucker Woods--Lab Building Area","2026-01-20 13:57",1,42.4796874,-76.4509829,TRUE,FALSE,FALSE,"S295397017"
"27","lbbgul","Lesser Black-backed Gull","Larus fuscus","L57468601","23455, Virginia Beach US-VA 36.90409, -76.09625","2026-01-20 13:55",2,36.904095,-76.096247,TRUE,FALSE,TRUE,"S295378430"
"28","lbbgul","Lesser Black-backed Gull","Larus fuscus","L11348659","Grand Isle--east side beaches","2026-01-20 13:45",1,29.2401211,-89.9782189,TRUE,FALSE,FALSE,"S295415937"
"29","lbbgul","Lesser Black-backed Gull","Larus fuscus","L467585","MacMillan Wharf","2026-01-20 13:40",1,42.0494838,-70.181694,TRUE,FALSE,FALSE,"S295386599"
"30","lbbgul","Lesser Black-backed Gull","Larus fuscus","L5129750","Prairie View Landfill","2026-01-20 13:40",3,41.49836,-86.1755703,TRUE,FALSE,FALSE,"S295375808"
"31","lbbgul","Lesser Black-backed Gull","Larus fuscus","L2126660","Green Lane Park--Hill Rd.","2026-01-20 13:33",1,40.3488336,-75.4907298,TRUE,FALSE,FALSE,"S295373585"
"32","lbbgul","Lesser Black-backed Gull","Larus fuscus","L3261332","Lake Ronkonkoma","2026-01-20 13:30",1,40.827497,-73.1226826,TRUE,FALSE,FALSE,"S295369466"
"33","lbbgul","Lesser Black-backed Gull","Larus fuscus","L13384903","Newbold Pond","2026-01-20 13:19",1,35.8657608,-77.5007236,TRUE,FALSE,FALSE,"S295371752"
"34","lbbgul","Lesser Black-backed Gull","Larus fuscus","L21835062","Surfside-- Casko Rd","2026-01-20 13:06",1,28.9577172,-95.2966068,TRUE,FALSE,TRUE,"S295375116"
"35","lbbgul","Lesser Black-backed Gull","Larus fuscus","L328286","Ft. Collins City Park and Sheldon Lake","2026-01-20 12:53",1,40.5827044,-105.1037522,TRUE,FALSE,FALSE,"S295386696"
"36","lbbgul","Lesser Black-backed Gull","Larus fuscus","L4919916","Patrick AFB Beaches","2026-01-20 12:47",20,28.257741,-80.604023,TRUE,FALSE,FALSE,"S295380417"
"37","lbbgul","Lesser Black-backed Gull","Larus fuscus","L3468904","Bird Key Park","2026-01-20 12:45",1,27.3268847,-82.5622961,TRUE,FALSE,FALSE,"S295365772"
"38","lbbgul","Lesser Black-backed Gull","Larus fuscus","L57466632","Ramp 25, North Carolina, US (35.499, -75.476)","2026-01-20 12:26",2,35.4985387,-75.4761512,TRUE,FALSE,TRUE,"S295370349"
"39","lbbgul","Lesser Black-backed Gull","Larus fuscus","L57468372","500 W Cocoa Beach Cswy, Cocoa Beach US-FL 28.35751, -80.61472","2026-01-20 12:18",1,28.357508,-80.61472,TRUE,FALSE,TRUE,"S295377378"
"40","lbbgul","Lesser Black-backed Gull","Larus fuscus","L1818121","Rocky Mountain Arsenal NWR--Lake Ladora","2026-01-20 12:15",1,39.8170715,-104.8569235,TRUE,FALSE,FALSE,"S295404767"
"41","lbbgul","Lesser Black-backed Gull","Larus fuscus","L1078923","First Landing SP--Campground/Beach","2026-01-20 11:58",1,36.9182984,-76.0542297,TRUE,FALSE,FALSE,"S295355625"
"42","lbbgul","Lesser Black-backed Gull","Larus fuscus","L1575305","Brazoria NWR--Auto Tour Loop and Discovery Center","2026-01-20 11:55",16,29.0599843,-95.267568,TRUE,FALSE,FALSE,"S295386412"
"43","lbbgul","Lesser Black-backed Gull","Larus fuscus","L5765319","Cherry Creek SP--Pelican Point area","2026-01-20 11:55",1,39.6364436,-104.8418274,TRUE,FALSE,FALSE,"S295376082"
"44","lbbgul","Lesser Black-backed Gull","Larus fuscus","L1670512","Perry Township Park","2026-01-20 11:44",1,41.7955076,-81.1628468,TRUE,FALSE,FALSE,"S295369933"
"45","lbbgul","Lesser Black-backed Gull","Larus fuscus","L921248","Maumee River--Roche De Boeuf","2026-01-20 11:15",18,41.4870722,-83.7285662,TRUE,FALSE,FALSE,"S295357900"
"46","lbbgul","Lesser Black-backed Gull","Larus fuscus","L20261154","American Landfill (Private Property) - Stark Co.","2026-01-20 10:59",3,40.723023,-81.267334,TRUE,FALSE,TRUE,"S295361654"
"47","lbbgul","Lesser Black-backed Gull","Larus fuscus","L276368","Packery Channel Park (CTC 064)","2026-01-20 10:55",1,27.6264996,-97.2204369,TRUE,FALSE,FALSE,"S295357973"
"48","lbbgul","Lesser Black-backed Gull","Larus fuscus","L813960","Indiatlantic Beach","2026-01-20 10:52",24,28.0865201,-80.5606842,TRUE,FALSE,FALSE,"S295360840"
"49","lbbgul","Lesser Black-backed Gull","Larus fuscus","L3146221","Gulfside City Park Beach","2026-01-20 10:31",16,26.4263044,-82.065541,TRUE,FALSE,FALSE,"S295347221"
"50","lbbgul","Lesser Black-backed Gull","Larus fuscus","L1332667","Buckhorn Reservoir -- Bunn Rd","2026-01-20 10:29",8,35.7295569,-78.1651689,TRUE,FALSE,TRUE,"S295383207"
"51","lbbgul","Lesser Black-backed Gull","Larus fuscus","L6940373","MacLearie Park","2026-01-20 10:04",1,40.1788913,-74.0365552,TRUE,FALSE,FALSE,"S295336997"
"52","lbbgul","Lesser Black-backed Gull","Larus fuscus","L465138","Hurlock WWTP","2026-01-20 10:00",1,38.6124442,-75.8425713,TRUE,FALSE,FALSE,"S295340239"
"53","lbbgul","Lesser Black-backed Gull","Larus fuscus","L4031191","Powerton Lake","2026-01-20 09:40",1,40.5383949,-89.7053432,TRUE,FALSE,FALSE,"S295351763"
"54","lbbgul","Lesser Black-backed Gull","Larus fuscus","L298435","Charlotte Harbor Buffer Preserve","2026-01-20 09:38",3,26.7333333,-82.0633333,TRUE,FALSE,FALSE,"S295343933"
"55","lbbgul","Lesser Black-backed Gull","Larus fuscus","L357324","Tucker Lake","2026-01-20 09:36",2,39.8254172,-105.1970959,TRUE,FALSE,FALSE,"S295358942"
"56","lbbgul","Lesser Black-backed Gull","Larus fuscus","L7019159","Ocean View Beach Park","2026-01-20 09:26",4,36.955484,-76.2523001,TRUE,FALSE,FALSE,"S295330541"
"57","lbbgul","Lesser Black-backed Gull","Larus fuscus","L57437596","764 Beach Rd, Sanibel US-FL 26.44054, -82.03963","2026-01-20 09:26",3,26.440542,-82.03963,TRUE,FALSE,TRUE,"S295336333"
"58","lbbgul","Lesser Black-backed Gull","Larus fuscus","L246835","Round Valley Recreation Area","2026-01-20 09:24",20,40.623175,-74.8515027,TRUE,FALSE,FALSE,"S295352614"
"59","lbbgul","Lesser Black-backed Gull","Larus fuscus","L127332","Fort De Soto Park","2026-01-20 09:23",3,27.6327266,-82.718157,TRUE,FALSE,FALSE,"S295359028"
"60","lbbgul","Lesser Black-backed Gull","Larus fuscus","L713205","Meaher SP","2026-01-20 09:10",1,30.6655138,-87.9324138,TRUE,FALSE,FALSE,"S295348602"
"61","lbbgul","Lesser Black-backed Gull","Larus fuscus","L2975878","Royal Palm Park","2026-01-20 09:09",1,26.1742346,-80.1643288,TRUE,FALSE,FALSE,"S295327913"
"62","lbbgul","Lesser Black-backed Gull","Larus fuscus","L1824240","Mouton Cove and environs","2026-01-20 09:00",1,29.9109006,-92.1968279,TRUE,FALSE,TRUE,"S295393626"
"63","lbbgul","Lesser Black-backed Gull","Larus fuscus","L2753861","Ellis Island--Riverlands Migratory Bird Sanctuary","2026-01-20 09:00",1,38.8742116,-90.1772886,TRUE,FALSE,FALSE,"S295353556"
"64","lbbgul","Lesser Black-backed Gull","Larus fuscus","L57437811","SR-528 E, Cocoa US-FL 28.40180, -80.74135","2026-01-20 08:54",16,28.4018,-80.741345,TRUE,FALSE,TRUE,"S295329739"
"65","lbbgul","Lesser Black-backed Gull","Larus fuscus","L165048","Farmington Bay WMA","2026-01-20 08:45",1,40.955141,-111.9191396,TRUE,FALSE,FALSE,"S295384619"
"66","lbbgul","Lesser Black-backed Gull","Larus fuscus","L270567","White Rock Lake & Old Fish Hatchery (PPW-W 086)","2026-01-20 08:28",2,32.8156276,-96.7264652,TRUE,FALSE,FALSE,"S295354247"
"67","lbbgul","Lesser Black-backed Gull","Larus fuscus","L54279108","Lake Hefner - East Gull Spot.","2026-01-20 08:15",4,35.570984,-97.57725,TRUE,FALSE,TRUE,"S295338305"
"68","lbbgul","Lesser Black-backed Gull","Larus fuscus","L200627","Horseshoe Lake State Park","2026-01-20 08:14",3,38.7039503,-90.0724398,TRUE,FALSE,FALSE,"S295341748"
"69","lbbgul","Lesser Black-backed Gull","Larus fuscus","L870652","Boynton Beach Inlet Park","2026-01-20 07:30",3,26.5446541,-80.0426102,TRUE,FALSE,FALSE,"S295328329"
"70","lbbgul","Lesser Black-backed Gull","Larus fuscus","L127422","Crandon Park","2026-01-20 07:30",8,25.7089712,-80.1536322,TRUE,FALSE,FALSE,"S295334515"
"71","lbbgul","Lesser Black-backed Gull","Larus fuscus","L23463161","Country Knolls","2026-01-20 07:27",12,26.2932485,-80.1273477,TRUE,FALSE,TRUE,"S295322753"
"72","lbbgul","Lesser Black-backed Gull","Larus fuscus","L3129074","Waves soundfront","2026-01-20 07:11",2,35.5622821,-75.4715037,TRUE,FALSE,TRUE,"S295342631"
"73","lbbgul","Lesser Black-backed Gull","Larus fuscus","L6666238","Gulfstream Park","2026-01-20 06:50",4,26.504624,-80.0528347,TRUE,FALSE,FALSE,"S295384936"
"74","lbbgul","Lesser Black-backed Gull","Larus fuscus","L1433931","Lake Carl Blackwell","2026-01-19 17:08",3,36.134915,-97.2001329,TRUE,FALSE,FALSE,"S295255506"
"75","lbbgul","Lesser Black-backed Gull","Larus fuscus","L338859","Horsetooth Reservoir","2026-01-19 16:54",2,40.5504025,-105.1549884,TRUE,FALSE,FALSE,"S295278119"
"76","lbbgul","Lesser Black-backed Gull","Larus fuscus","L57419163","Patrick SFB, DVQ","2026-01-19 16:53",6,28.260466,-80.6045648,TRUE,FALSE,TRUE,"S295243003"
"77","lbbgul","Lesser Black-backed Gull","Larus fuscus","L151122","Antelope Island SP--Causeway","2026-01-19 16:06",1,41.08841,-112.186714,TRUE,FALSE,FALSE,"S295275974"
"78","lbbgul","Lesser Black-backed Gull","Larus fuscus","L22504105","David Douglass Sr. Memorial Park, Cape May US-NJ 38.96786, -74.96339","2026-01-19 16:00",3,38.967857,-74.963391,TRUE,FALSE,TRUE,"S295239406"
"79","lbbgul","Lesser Black-backed Gull","Larus fuscus","L447759","Morgan's Point","2026-01-19 15:56",2,29.6784474,-94.9826073,TRUE,FALSE,FALSE,"S295272674"
"80","lbbgul","Lesser Black-backed Gull","Larus fuscus","L129822","Peace Valley Park (IBA)","2026-01-19 15:46",1,40.3261424,-75.1893997,TRUE,FALSE,FALSE,"S295238778"
"81","lbbgul","Lesser Black-backed Gull","Larus fuscus","L283140","Jetty Park","2026-01-19 15:46",50,28.4064535,-80.5924523,TRUE,FALSE,FALSE,"S295282495"
"82","lbbgul","Lesser Black-backed Gull","Larus fuscus","L5407726","Point Pleasant Beach--Baltimore Avenue","2026-01-19 15:25",1,40.1021132,-74.0424518,TRUE,FALSE,FALSE,"S295223060"
"83","lbbgul","Lesser Black-backed Gull","Larus fuscus","L842062","Fort Fisher--Ocean Overlook/Coquina Outcropping/Gazebo","2026-01-19 15:24",1,33.9697726,-77.9176569,TRUE,FALSE,FALSE,"S295231310"
"84","lbbgul","Lesser Black-backed Gull","Larus fuscus","L160668","Lovers Key SP","2026-01-19 15:20",6,26.3911316,-81.8713188,TRUE,FALSE,FALSE,"S295249824"
"85","lbbgul","Lesser Black-backed Gull","Larus fuscus","L16762389","Humbug Marina","2026-01-19 15:19",1,42.098433,-83.1886654,TRUE,FALSE,FALSE,"S295222725"
"86","lbbgul","Lesser Black-backed Gull","Larus fuscus","L39745464","Farmington Bay WMA -- Levee Road & Dike Road","2026-01-19 15:17",3,40.9306664,-111.9478512,TRUE,FALSE,FALSE,"S295277026"
"87","lbbgul","Lesser Black-backed Gull","Larus fuscus","L582112","National Key Deer NWR--Long Beach Rd","2026-01-19 15:16",1,24.63433,-81.360299,TRUE,FALSE,FALSE,"S295249800"
"88","lbbgul","Lesser Black-backed Gull","Larus fuscus","L1033102","Cahoon Park","2026-01-19 14:58",1,41.4896054,-81.9233215,TRUE,FALSE,FALSE,"S295218255"
"89","lbbgul","Lesser Black-backed Gull","Larus fuscus","L622135","Bountiful Pond","2026-01-19 14:55",7,40.9057611,-111.9219303,TRUE,FALSE,FALSE,"S295244635"
"90","lbbgul","Lesser Black-backed Gull","Larus fuscus","L1286411","Jekyll Island--4H Center and Soccer Fields","2026-01-19 14:47",1,31.0192453,-81.4235669,TRUE,FALSE,FALSE,"S295254658"
"91","lbbgul","Lesser Black-backed Gull","Larus fuscus","L718480","Grandview Nature Preserve","2026-01-19 14:30",2,37.0869534,-76.2774324,TRUE,FALSE,FALSE,"S295238345"
"92","lbbgul","Lesser Black-backed Gull","Larus fuscus","L57436866","Shures Landing Road, Darlington, MD","2026-01-19 14:29",1,39.6546961,-76.1727422,TRUE,FALSE,TRUE,"S295229412"
"93","lbbgul","Lesser Black-backed Gull","Larus fuscus","L18467809","Rotary Park","2026-01-19 14:22",1,42.1468205,-83.1733424,TRUE,FALSE,FALSE,"S295253924"
"94","lbbgul","Lesser Black-backed Gull","Larus fuscus","L165348","Fort Cassin / Porter Bay","2026-01-19 14:15",1,44.2206227,-73.3140314,TRUE,TRUE,FALSE,"S295247656"
"95","lbbgul","Lesser Black-backed Gull","Larus fuscus","L1349537","Ceasar's Bay Bazaar","2026-01-19 14:13",1,40.5942621,-74.0017768,TRUE,TRUE,FALSE,"S295226692"
"96","lbbgul","Lesser Black-backed Gull","Larus fuscus","L207416","West Dennis Beach","2026-01-19 14:10",1,41.65,-70.189,TRUE,FALSE,FALSE,"S295242231"
"97","lbbgul","Lesser Black-backed Gull","Larus fuscus","L140473","Cherry Creek SP","2026-01-19 14:00",1,39.6402646,-104.8538589,TRUE,FALSE,FALSE,"S295272715"
"98","lbbgul","Lesser Black-backed Gull","Larus fuscus","L248017","Bolivar Flats Shorebird Sanctuary","2026-01-19 13:53",1,29.3711371,-94.7287083,TRUE,FALSE,FALSE,"S295235895"
"99","lbbgul","Lesser Black-backed Gull","Larus fuscus","L10382424","Fulgur Beach Access","2026-01-19 13:53",19,26.4337081,-82.0461086,TRUE,FALSE,FALSE,"S295221249"
"100","lbbgul","Lesser Black-backed Gull","Larus fuscus","L17998137","Bonner Bridge Pier","2026-01-19 13:52",1,35.766961,-75.52565,TRUE,FALSE,FALSE,"S295208683"
"101","lbbgul","Lesser Black-backed Gull","Larus fuscus","L475876","Lake Pueblo SP--South Marina area","2026-01-19 13:40",1,38.2539529,-104.7348791,TRUE,FALSE,FALSE,"S295242498"
"102","lbbgul","Lesser Black-backed Gull","Larus fuscus","L57433493","Big Marco Island, Marco Island US-FL 25.94790, -81.74213","2026-01-19 13:38",1,25.947897,-81.74213,TRUE,FALSE,TRUE,"S295215140"
"103","lbbgul","Lesser Black-backed Gull","Larus fuscus","L810737","Barefoot Beach County Preserve","2026-01-19 13:25",1,26.2960121,-81.8330705,TRUE,FALSE,FALSE,"S295217569"
"104","lbbgul","Lesser Black-backed Gull","Larus fuscus","L718573","Little Island Park","2026-01-19 13:18",1,36.6939,-75.9243,TRUE,FALSE,FALSE,"S295211251"
"105","lbbgul","Lesser Black-backed Gull","Larus fuscus","L127416","Spanish River Park","2026-01-19 13:18",3,26.3829,-80.0692,TRUE,FALSE,FALSE,"S295223192"
"106","lbbgul","Lesser Black-backed Gull","Larus fuscus","L4054273","Virginia Beach Inshore Waters--South (Rudee)","2026-01-19 13:13",NA,36.8359986,-75.8550253,TRUE,FALSE,FALSE,"S295266472"
"107","lbbgul","Lesser Black-backed Gull","Larus fuscus","L668283","Magnolia Springs Landfill","2026-01-19 13:04",5,30.4468701,-87.7706122,TRUE,FALSE,FALSE,"S295258079"
"108","lbbgul","Lesser Black-backed Gull","Larus fuscus","L8327891","Conesus Lake, West Lake Rd. near Cottonwood","2026-01-19 12:58",1,42.7381984,-77.7268714,TRUE,TRUE,FALSE,"S295197638"
"109","lbbgul","Lesser Black-backed Gull","Larus fuscus","L17339918","Virginia Beach, Virginia, US (36.842, -75.961)","2026-01-19 12:58",2,36.8422503,-75.9605215,TRUE,FALSE,TRUE,"S295216672"
"110","lbbgul","Lesser Black-backed Gull","Larus fuscus","L109146","Jones Beach SP--Coast Guard Station","2026-01-19 12:48",1,40.5888889,-73.5566667,TRUE,FALSE,FALSE,"S295193626"
"111","lbbgul","Lesser Black-backed Gull","Larus fuscus","L315008","Fairfax State Recreation Area","2026-01-19 12:31",1,39.0229757,-86.4850893,TRUE,TRUE,FALSE,"S295201757"
"112","lbbgul","Lesser Black-backed Gull","Larus fuscus","L4705858","Bradenton Beach","2026-01-19 12:26",1,27.4685637,-82.7000395,TRUE,FALSE,FALSE,"S295190000"
"113","lbbgul","Lesser Black-backed Gull","Larus fuscus","L1265319","Cape Henlopen SP--The Point","2026-01-19 12:23",3,38.8000272,-75.092376,TRUE,FALSE,FALSE,"S295204407"
"114","lbbgul","Lesser Black-backed Gull","Larus fuscus","L18739228","Fossilized Reef","2026-01-19 12:01",1,25.7263798,-80.1484823,TRUE,FALSE,FALSE,"S295204015"
"115","lbbgul","Lesser Black-backed Gull","Larus fuscus","L1398808","Nags Head--Jennette's Pier","2026-01-19 12:00",2,35.9100819,-75.5955505,TRUE,FALSE,FALSE,"S295241452"
"116","lbbgul","Lesser Black-backed Gull","Larus fuscus","L127386","Sebastian Inlet SP (Indian River co.)","2026-01-19 11:47",38,27.8568345,-80.448761,TRUE,TRUE,FALSE,"S295225991"
"117","lbbgul","Lesser Black-backed Gull","Larus fuscus","L2578688","Lakefront Reservation--Scranton Road Peninsula","2026-01-19 11:45",1,41.4911372,-81.6940677,TRUE,FALSE,FALSE,"S295322827"
"118","lbbgul","Lesser Black-backed Gull","Larus fuscus","L2466964","Rockaway Beach--Edgemere (Beach 32nd-56th St.)","2026-01-19 11:43",2,40.5905359,-73.7753534,TRUE,FALSE,FALSE,"S295211857"
"119","lbbgul","Lesser Black-backed Gull","Larus fuscus","L57428882","1791 Merwin Ave, Cleveland US-OH (41.4895,-81.7029)","2026-01-19 11:38",1,41.489548,-81.702924,TRUE,FALSE,TRUE,"S295195118"
"120","lbbgul","Lesser Black-backed Gull","Larus fuscus","L650476","Lake Muhlenberg","2026-01-19 11:35",1,40.594012,-75.5066729,TRUE,FALSE,FALSE,"S295180399"
"121","lbbgul","Lesser Black-backed Gull","Larus fuscus","L6762353","4 Union Sq, Phillipsburg US-NJ (40.6912,-75.2029)","2026-01-19 11:33",20,40.691161,-75.202926,TRUE,FALSE,TRUE,"S295301319"
"122","lbbgul","Lesser Black-backed Gull","Larus fuscus","L6420309","Loreley Beach Community Pier (private)","2026-01-19 11:30",2,39.3855603,-76.4096506,TRUE,FALSE,FALSE,"S295232425"
"123","lbbgul","Lesser Black-backed Gull","Larus fuscus","L192679","Indian River Inlet","2026-01-19 11:23",2,38.6082524,-75.0613403,TRUE,FALSE,FALSE,"S295186449"
"124","lbbgul","Lesser Black-backed Gull","Larus fuscus","L27970909","Ocean Reef Park","2026-01-19 11:22",1,26.793709,-80.033195,TRUE,FALSE,FALSE,"S295222374"
"125","lbbgul","Lesser Black-backed Gull","Larus fuscus","L588392","Jupiter Inlet","2026-01-19 11:20",3,26.9436681,-80.0716799,TRUE,FALSE,FALSE,"S295198312"
"126","lbbgul","Lesser Black-backed Gull","Larus fuscus","L57425697","48184, Wayne US-MI (42.2515,-83.4282)","2026-01-19 11:20",1,42.251491,-83.428233,TRUE,FALSE,TRUE,"S295180449"
"127","lbbgul","Lesser Black-backed Gull","Larus fuscus","L57424183","Courtney Campbell Recreation Trail, Clearwater US-FL 27.96165, -82.69122","2026-01-19 11:16",1,27.961653,-82.691219,TRUE,FALSE,TRUE,"S295172513"
"128","lbbgul","Lesser Black-backed Gull","Larus fuscus","L467579","High Head, Pilgrim Heights","2026-01-19 11:16",1,42.0563031,-70.1161194,TRUE,FALSE,FALSE,"S295180505"
"129","lbbgul","Lesser Black-backed Gull","Larus fuscus","L17583336","2249–2299 Drydock Ave, Cleveland US-OH (41.4889,-81.6822)","2026-01-19 11:15",1,41.488941,-81.682179,TRUE,FALSE,TRUE,"S295322622"
"130","lbbgul","Lesser Black-backed Gull","Larus fuscus","L16035128","IRC","2026-01-19 11:08",12,28.3348542,-80.7172018,TRUE,FALSE,TRUE,"S295199252"
"131","lbbgul","Lesser Black-backed Gull","Larus fuscus","L26660336","Arverne East Nature Preserve","2026-01-19 11:00",2,40.591905,-73.7773538,TRUE,FALSE,FALSE,"S295341934"
"132","lbbgul","Lesser Black-backed Gull","Larus fuscus","L3513041","Farm on West Walworth between Rt. 31F and Quaker Rd.","2026-01-19 10:54",1,43.0902258,-77.354393,TRUE,FALSE,TRUE,"S295248408"
"133","lbbgul","Lesser Black-backed Gull","Larus fuscus","L510858","Courtney Campbell Causeway (Pinellas Co.)","2026-01-19 10:51",1,27.9632485,-82.6800583,TRUE,FALSE,FALSE,"S295172423"
"134","lbbgul","Lesser Black-backed Gull","Larus fuscus","L3291424","Jefferson Ave. Dead End","2026-01-19 10:50",1,41.4820551,-81.6761532,TRUE,FALSE,FALSE,"S295166468"
"135","lbbgul","Lesser Black-backed Gull","Larus fuscus","L845817","Coney Island Beach & Boardwalk","2026-01-19 10:46",1,40.5719793,-73.9778996,TRUE,TRUE,FALSE,"S295217302"
"136","lbbgul","Lesser Black-backed Gull","Larus fuscus","L1166668","Cape Island--Higbee Beach WMA--Canal Overlook/Jetty","2026-01-19 10:37",1,38.9658365,-74.9632305,TRUE,FALSE,FALSE,"S295171033"
"137","lbbgul","Lesser Black-backed Gull","Larus fuscus","L126644","Cape Henlopen State Park","2026-01-19 10:28",2,38.7714636,-75.086344,TRUE,FALSE,FALSE,"S295185776"
"138","lbbgul","Lesser Black-backed Gull","Larus fuscus","L1035233","Buckhorn Reservoir","2026-01-19 10:27",31,35.7004112,-78.1393919,TRUE,TRUE,FALSE,"S295180807"
"139","lbbgul","Lesser Black-backed Gull","Larus fuscus","L21518617","2nd Point","2026-01-19 10:26",1,41.309215,-70.765767,TRUE,FALSE,TRUE,"S295188177"
"140","lbbgul","Lesser Black-backed Gull","Larus fuscus","L13116728","Jones Beach SP--West End 2","2026-01-19 10:15",NA,40.5844142,-73.5627208,TRUE,FALSE,FALSE,"S295269972"
"141","lbbgul","Lesser Black-backed Gull","Larus fuscus","L489376","Race Point Beach, Provincetown","2026-01-19 09:57",1,42.0782217,-70.2263891,TRUE,FALSE,FALSE,"S295244766"
"142","lbbgul","Lesser Black-backed Gull","Larus fuscus","L56829052","Phillipsburg Riverfront","2026-01-19 09:53",138,40.6924038,-75.2031971,TRUE,TRUE,TRUE,"S295154585"
"143","lbbgul","Lesser Black-backed Gull","Larus fuscus","L806695","Aransas Bay--Rockport/Fulton to Aransas NWR by boat","2026-01-19 09:37",1,28.1347449,-96.912117,TRUE,FALSE,FALSE,"S295190043"
"144","lbbgul","Lesser Black-backed Gull","Larus fuscus","L57420869","Hightower Beach Park, Satellite Beach US-FL 28.19416, -80.59407","2026-01-19 09:37",1,28.194163,-80.594071,TRUE,FALSE,TRUE,"S295155866"
"145","lbbgul","Lesser Black-backed Gull","Larus fuscus","L3350033","Waves Beach Front","2026-01-19 09:35",2,35.56274,-75.4628241,TRUE,FALSE,TRUE,"S295160975"
"146","lbbgul","Lesser Black-backed Gull","Larus fuscus","L12170208","Cherry Creek SP--Prairie Loop","2026-01-19 09:30",1,39.6310891,-104.8538449,TRUE,FALSE,FALSE,"S295179059"
"147","lbbgul","Lesser Black-backed Gull","Larus fuscus","L1069194","Philadelphia Naval Yard (restricted access)","2026-01-19 09:21",1,39.8876082,-75.1659143,TRUE,FALSE,FALSE,"S295164102"
"148","lbbgul","Lesser Black-backed Gull","Larus fuscus","L857100","Little Creek West Side Beach","2026-01-19 09:11",1,36.929562,-76.1795004,TRUE,FALSE,FALSE,"S295173020"
"149","lbbgul","Lesser Black-backed Gull","Larus fuscus","L38558199","Bittern Marsh","2026-01-19 09:11",2,32.843848,-96.729466,TRUE,FALSE,TRUE,"S295161354"
"150","lbbgul","Lesser Black-backed Gull","Larus fuscus","L39624855","Backyard Beach","2026-01-19 09:05",2,36.918577,-76.130491,TRUE,FALSE,TRUE,"S295407370"
"151","lbbgul","Lesser Black-backed Gull","Larus fuscus","L3485992","Bay Vista Park","2026-01-19 08:55",1,27.7040856,-82.6399863,TRUE,FALSE,FALSE,"S295152084"
"152","lbbgul","Lesser Black-backed Gull","Larus fuscus","L23850089","George A Tony Ellis Memorial Bridge, Calvert City US-KY 37.01303, -88.27485","2026-01-19 08:54",2,37.013034,-88.274851,TRUE,FALSE,TRUE,"S295167745"
"153","lbbgul","Lesser Black-backed Gull","Larus fuscus","L2223569","Boulder Open Space--Lefthand Trail","2026-01-19 08:52",3,40.1018685,-105.2755606,TRUE,FALSE,FALSE,"S295201150"
"154","lbbgul","Lesser Black-backed Gull","Larus fuscus","L1210095","Antelope Island SP--Road to Garr Ranch","2026-01-19 08:51",1,40.9836063,-112.1903591,TRUE,FALSE,FALSE,"S295193913"
"155","lbbgul","Lesser Black-backed Gull","Larus fuscus","L57420729","Lake View Point","2026-01-19 08:46",2,32.83835,-96.723948,TRUE,FALSE,TRUE,"S295155182"
"156","lbbgul","Lesser Black-backed Gull","Larus fuscus","L22415261","Lake Hefner--East Spit","2026-01-19 08:21",2,35.5715365,-97.5782329,TRUE,FALSE,FALSE,"S295158960"
"157","lbbgul","Lesser Black-backed Gull","Larus fuscus","L1433921","Arcadia Lake","2026-01-19 08:11",1,35.6369014,-97.3741909,TRUE,FALSE,FALSE,"S295225217"
"158","lbbgul","Lesser Black-backed Gull","Larus fuscus","L55734751","Wolfberry Whooping Crane Sanctuary (LIMITED ACCESS)","2026-01-19 08:08",1,28.373795,-96.577686,TRUE,FALSE,FALSE,"S295393406"
"159","lbbgul","Lesser Black-backed Gull","Larus fuscus","L557007","Cape Hatteras NS--Salt Pond","2026-01-19 08:02",5,35.2300561,-75.5322504,TRUE,FALSE,FALSE,"S295154563"
"160","lbbgul","Lesser Black-backed Gull","Larus fuscus","L189725","Pettigrew State Park","2026-01-19 08:00",2,35.8068158,-76.451879,TRUE,FALSE,FALSE,"S295262948"
"161","lbbgul","Lesser Black-backed Gull","Larus fuscus","L127381","Merritt Island NWR--Black Point Wildlife Drive","2026-01-19 07:57",1,28.6575241,-80.7545391,TRUE,FALSE,FALSE,"S295282366"
"162","lbbgul","Lesser Black-backed Gull","Larus fuscus","L12674537","Lake Hefner","2026-01-19 07:56",1,35.5624736,-97.5985341,TRUE,FALSE,TRUE,"S295164817"
"163","lbbgul","Lesser Black-backed Gull","Larus fuscus","L287881","Brownsville Landfill (LTC 041) - check in at office","2026-01-19 07:40",2,25.9365631,-97.3924657,TRUE,FALSE,FALSE,"S295172608"
"164","lbbgul","Lesser Black-backed Gull","Larus fuscus","L508481","Pelican Island NWR","2026-01-19 07:35",2,27.8035911,-80.426723,TRUE,FALSE,FALSE,"S295225767"
"165","lbbgul","Lesser Black-backed Gull","Larus fuscus","L38749912","Black Creek Trail","2026-01-19 07:35",1,25.5422276,-80.330548,TRUE,FALSE,FALSE,"S295155121"
"166","lbbgul","Lesser Black-backed Gull","Larus fuscus","L127286","Huguenot Memorial City Park","2026-01-19 07:30",1,30.4112444,-81.4206594,TRUE,FALSE,FALSE,"S295211392"
"167","lbbgul","Lesser Black-backed Gull","Larus fuscus","L1054424","Wrightsville Beach--Masonboro Inlet","2026-01-19 07:27",24,34.1870979,-77.8114414,TRUE,FALSE,FALSE,"S295135934"
"168","lbbgul","Lesser Black-backed Gull","Larus fuscus","L7582187","Lake Vista Park","2026-01-19 07:18",1,42.8742501,-87.8464437,TRUE,FALSE,FALSE,"S295142091"
"169","lbbgul","Lesser Black-backed Gull","Larus fuscus","L3954218","South Beach, Miami","2026-01-19 07:17",4,25.7843211,-80.1279857,TRUE,FALSE,FALSE,"S295130501"
"170","lbbgul","Lesser Black-backed Gull","Larus fuscus","L38194786","Harbor's Edge 1423","2026-01-19 06:59",1,36.8573625,-76.3045985,TRUE,FALSE,TRUE,"S295246932"
"171","lbbgul","Lesser Black-backed Gull","Larus fuscus","L469346","Cape Canaveral Lock","2026-01-18 16:58",8,28.4071047,-80.6238556,TRUE,FALSE,FALSE,"S295043688"
"172","lbbgul","Lesser Black-backed Gull","Larus fuscus","L591483","Saint Simons Island--Goulds Inlet","2026-01-18 16:55",1,31.1570695,-81.3650036,TRUE,FALSE,FALSE,"S295065866"
"173","lbbgul","Lesser Black-backed Gull","Larus fuscus","L6114739","Kleberg County Beach N. of National Seashore","2026-01-18 16:32",1,27.5512938,-97.2363746,TRUE,FALSE,FALSE,"S295222248"
"174","lbbgul","Lesser Black-backed Gull","Larus fuscus","L57408000","Nerita Beach, Sanibel US-FL","2026-01-18 16:26",8,26.43524,-82.042873,TRUE,FALSE,TRUE,"S295089889"
"175","lbbgul","Lesser Black-backed Gull","Larus fuscus","L55648653","Tradewinds Park","2026-01-18 16:20",2,26.262063,-80.174344,TRUE,FALSE,TRUE,"S295233835"
"176","lbbgul","Lesser Black-backed Gull","Larus fuscus","L4026633","Marsh Creek SP--West Side","2026-01-18 16:06",1,40.064103,-75.729668,TRUE,FALSE,FALSE,"S295041257"
"177","lbbgul","Lesser Black-backed Gull","Larus fuscus","L1096078","Goose Island SP--Big Tree/Lamar Beach rd area","2026-01-18 15:56",1,28.1497681,-96.976254,TRUE,FALSE,FALSE,"S295050414"
"178","lbbgul","Lesser Black-backed Gull","Larus fuscus","L617867","Headlands Dunes State Nature Preserve","2026-01-18 15:49",1,41.7642698,-81.2838936,TRUE,FALSE,FALSE,"S295043060"
"179","lbbgul","Lesser Black-backed Gull","Larus fuscus","L1056667","Presque Isle SP--Ranger Station","2026-01-18 15:37",3,42.1424131,-80.1357043,TRUE,FALSE,FALSE,"S295022123"
"180","lbbgul","Lesser Black-backed Gull","Larus fuscus","L21386901","Big Johnson Reservoir","2026-01-18 15:32",1,38.746917,-104.697154,TRUE,FALSE,TRUE,"S295050062"
"181","lbbgul","Lesser Black-backed Gull","Larus fuscus","L169447","Riverlands Migratory Bird Sanctuary","2026-01-18 15:15",1,38.8719313,-90.1843917,TRUE,FALSE,FALSE,"S295065178"
"182","lbbgul","Lesser Black-backed Gull","Larus fuscus","L576881","New Buffalo beach and marina","2026-01-18 15:00",1,41.8007831,-86.7489052,TRUE,FALSE,FALSE,"S295020512"
"183","lbbgul","Lesser Black-backed Gull","Larus fuscus","L288909","Wreck Pond","2026-01-18 14:53",1,40.1406097,-74.0303025,TRUE,FALSE,FALSE,"S295016733"
"184","lbbgul","Lesser Black-backed Gull","Larus fuscus","L212389","Stevenson Rd. Game Farm and Compost","2026-01-18 14:50",1,42.4467995,-76.4406126,TRUE,FALSE,FALSE,"S295013275"
"185","lbbgul","Lesser Black-backed Gull","Larus fuscus","L1047362","John's Pass","2026-01-18 14:49",1,27.7819866,-82.7840424,TRUE,FALSE,FALSE,"S295023570"
"186","lbbgul","Lesser Black-backed Gull","Larus fuscus","L207766","Niagara Falls SP--Goat Island","2026-01-18 14:43",3,43.080477,-79.0683617,TRUE,FALSE,FALSE,"S295019825"
"187","lbbgul","Lesser Black-backed Gull","Larus fuscus","L127423","Bill Baggs Cape Florida SP","2026-01-18 14:42",1,25.6733,-80.1582,TRUE,FALSE,FALSE,"S295026981"
"188","lbbgul","Lesser Black-backed Gull","Larus fuscus","L57405265","zVA-VIRG-CITY-20260118-05","2026-01-18 14:23",1,36.632413,-76.039612,TRUE,FALSE,TRUE,"S295077400"
"189","lbbgul","Lesser Black-backed Gull","Larus fuscus","L266141","Granite Pier","2026-01-18 14:20",1,42.6673951,-70.6219601,TRUE,FALSE,FALSE,"S295053085"
"190","lbbgul","Lesser Black-backed Gull","Larus fuscus","L30643199","Flightlock Road Boat Launch, Waterford, NY","2026-01-18 14:13",1,42.8074385,-73.7145317,TRUE,FALSE,TRUE,"S295005939"
"191","lbbgul","Lesser Black-backed Gull","Larus fuscus","L140460","Big Johnson Reservoir & Bluestem Prairie Open Space","2026-01-18 14:13",1,38.7482319,-104.6943795,TRUE,FALSE,FALSE,"S295061288"
"192","lbbgul","Lesser Black-backed Gull","Larus fuscus","L455913","D&R Canal -- Landing Lane","2026-01-18 14:10",5,40.5080179,-74.4640499,TRUE,TRUE,FALSE,"S295036455"
"193","lbbgul","Lesser Black-backed Gull","Larus fuscus","L793778","Port Aransas Nature Preserve at Charlie's Pasture","2026-01-18 14:05",1,27.8327765,-97.0873833,TRUE,FALSE,FALSE,"S295029147"
"194","lbbgul","Lesser Black-backed Gull","Larus fuscus","L298359","Lake of the Lilies","2026-01-18 14:05",1,40.0830235,-74.0431967,TRUE,FALSE,FALSE,"S295044419"
"195","lbbgul","Lesser Black-backed Gull","Larus fuscus","L3243111","Siesta Key--Beach Access 5","2026-01-18 14:05",2,27.2726991,-82.5676659,TRUE,FALSE,FALSE,"S295016555"
"196","lbbgul","Lesser Black-backed Gull","Larus fuscus","L476309","Carlyle Lake--West Access Marina and Beach","2026-01-18 14:01",1,38.626071,-89.3591022,TRUE,FALSE,FALSE,"S295015530"
"197","lbbgul","Lesser Black-backed Gull","Larus fuscus","L6193969","Tybee Island--North Jetty","2026-01-18 13:52",1,32.0241168,-80.8430266,TRUE,FALSE,FALSE,"S295067551"
"198","lbbgul","Lesser Black-backed Gull","Larus fuscus","L2332723","Anne Kolb Nature Center","2026-01-18 13:45",6,26.0380637,-80.1197398,TRUE,FALSE,FALSE,"S295014512"
"199","lbbgul","Lesser Black-backed Gull","Larus fuscus","L303269","Port Aransas Jetty (CTC 058)","2026-01-18 13:35",1,27.8348271,-97.046015,TRUE,FALSE,FALSE,"S295015285"
"200","lbbgul","Lesser Black-backed Gull","Larus fuscus","L17034055","South Arsenal Rd, Wilmington IL","2026-01-18 13:35",1,41.335502,-88.102433,TRUE,FALSE,TRUE,"S295056147"
"201","lbbgul","Lesser Black-backed Gull","Larus fuscus","L28803963","4226 West Lake Road, Geneseo, New York, US (42.802, -77.719)","2026-01-18 13:29",1,42.8017443,-77.7185686,TRUE,TRUE,TRUE,"S295061126"
"202","lbbgul","Lesser Black-backed Gull","Larus fuscus","L486062","Mill Creek Cove","2026-01-18 13:20",1,43.6373274,-70.2487908,TRUE,TRUE,FALSE,"S294998274"
"203","lbbgul","Lesser Black-backed Gull","Larus fuscus","L28984761","Richmond Sanitation Center (sidewalk access only)","2026-01-18 13:14",1,39.9833378,-75.0819784,TRUE,FALSE,FALSE,"S295075412"
"204","lbbgul","Lesser Black-backed Gull","Larus fuscus","L10637444","43 and k7","2026-01-18 13:08",1,39.0507256,-94.8634749,TRUE,FALSE,TRUE,"S295032005"
"205","lbbgul","Lesser Black-backed Gull","Larus fuscus","L57385219","Seagrape Trail Beach Access 540 N Monterey Dr, Indian River Shores US-FL 27.74427, -80.38639","2026-01-18 13:07",1,27.744271,-80.386394,TRUE,FALSE,TRUE,"S294992153"
"206","lbbgul","Lesser Black-backed Gull","Larus fuscus","L1289850","Treasure Island Beach","2026-01-18 13:05",1,27.770092,-82.7740321,TRUE,FALSE,FALSE,"S295154707"
"207","lbbgul","Lesser Black-backed Gull","Larus fuscus","L7009489","Rickenbacker Cswy--Los Pinos Park","2026-01-18 13:05",1,25.745922,-80.194295,TRUE,FALSE,FALSE,"S295001936"
"208","lbbgul","Lesser Black-backed Gull","Larus fuscus","L4013926","SunWest Park","2026-01-18 13:00",1,28.4049115,-82.6717544,TRUE,TRUE,FALSE,"S295082126"
"209","lbbgul","Lesser Black-backed Gull","Larus fuscus","L4075571","Rocky Mountain Arsenal NWR--Lake Mary","2026-01-18 12:52",1,39.8184974,-104.8641694,TRUE,FALSE,FALSE,"S295017335"
"210","lbbgul","Lesser Black-backed Gull","Larus fuscus","L142261","Dunkirk Harbor","2026-01-18 12:51",5,42.490799,-79.3367996,TRUE,FALSE,FALSE,"S294985756"
"211","lbbgul","Lesser Black-backed Gull","Larus fuscus","L275456","Cleveland Harbor","2026-01-18 12:48",2,41.5047335,-81.7106867,TRUE,FALSE,FALSE,"S294996260"
"212","lbbgul","Lesser Black-backed Gull","Larus fuscus","L2852627","Turtle Beach","2026-01-18 12:45",1,27.217448,-82.5167958,TRUE,FALSE,FALSE,"S295014506"
"213","lbbgul","Lesser Black-backed Gull","Larus fuscus","L40495769","Yards Island Pull-off—Rt. 29 South","2026-01-18 12:42",8,40.218022,-74.771345,TRUE,FALSE,FALSE,"S294984912"
"214","lbbgul","Lesser Black-backed Gull","Larus fuscus","L1003088","Cheney SP--East Shore Area","2026-01-18 12:34",1,37.7500865,-97.7811527,TRUE,FALSE,FALSE,"S295014037"
"215","lbbgul","Lesser Black-backed Gull","Larus fuscus","L49671964","Robert A. Borski, Jr. Park","2026-01-18 12:22",1,39.9912214,-75.0666581,TRUE,FALSE,FALSE,"S295075354"
"216","lbbgul","Lesser Black-backed Gull","Larus fuscus","L6702902","Merrimack River behind Tsongas Arena","2026-01-18 12:15",1,42.6538621,-71.3146591,TRUE,TRUE,FALSE,"S294995643"
"217","lbbgul","Lesser Black-backed Gull","Larus fuscus","L57381569","Auto selected 35.23491, -75.58129","2026-01-18 12:07",12,35.234911,-75.581294,TRUE,FALSE,TRUE,"S294975917"
"218","lbbgul","Lesser Black-backed Gull","Larus fuscus","L12007571","Mercer County Park, Princeton Junction US-NJ 40.26625, -74.64286","2026-01-18 12:02",1,40.266247,-74.642857,TRUE,FALSE,TRUE,"S294981857"
"219","lbbgul","Lesser Black-backed Gull","Larus fuscus","L1321752","College Lake","2026-01-18 11:58",1,40.5794113,-105.1498032,TRUE,FALSE,TRUE,"S295004874"
"220","lbbgul","Lesser Black-backed Gull","Larus fuscus","L160744","Elmira Holiday Inn","2026-01-18 11:45",2,42.08827,-76.79419,TRUE,FALSE,FALSE,"S294967917"
"221","lbbgul","Lesser Black-backed Gull","Larus fuscus","L3374944","Waves--Sea Vista Dr. Pond","2026-01-18 11:45",5,35.5626662,-75.4654956,TRUE,FALSE,FALSE,"S294976042"
"222","lbbgul","Lesser Black-backed Gull","Larus fuscus","L451204","Perryville Community Park","2026-01-18 11:44",2,39.5471399,-76.0492516,TRUE,FALSE,FALSE,"S294965843"
"223","lbbgul","Lesser Black-backed Gull","Larus fuscus","L5960906","Lake Worth Beach Park","2026-01-18 11:42",1,26.6138722,-80.0372887,TRUE,FALSE,FALSE,"S294969190"
"224","lbbgul","Lesser Black-backed Gull","Larus fuscus","L268267","Petroleum Pier","2026-01-18 11:35",1,43.013321,-87.8925699,TRUE,FALSE,FALSE,"S295045054"
"225","lbbgul","Lesser Black-backed Gull","Larus fuscus","L242132","Mercer County Park","2026-01-18 11:31",1,40.266676,-74.6504538,TRUE,FALSE,FALSE,"S294971066"
"226","lbbgul","Lesser Black-backed Gull","Larus fuscus","L123565","Merritt Island NWR (Please consider using more specific locations)","2026-01-18 11:29",NA,28.6628762,-80.7234192,TRUE,FALSE,FALSE,"S295024588"
"227","lbbgul","Lesser Black-backed Gull","Larus fuscus","L1788853","Green Lane Park--Knight Rd. Trails [unrelated to Knight Lake]","2026-01-18 11:26",21,40.3539565,-75.484359,TRUE,FALSE,FALSE,"S294983769"
"228","lbbgul","Lesser Black-backed Gull","Larus fuscus","L57380157","1315 North Highway A1A, Indialantic, Florida, US (28.106, -80.57)","2026-01-18 11:23",1,28.1055136,-80.5698238,TRUE,FALSE,TRUE,"S294969404"
"229","lbbgul","Lesser Black-backed Gull","Larus fuscus","L57332689","Centralville River Path","2026-01-18 11:22",1,42.6573475,-71.3166582,TRUE,TRUE,TRUE,"S295023738"
"230","lbbgul","Lesser Black-backed Gull","Larus fuscus","L1078491","Northshore Park","2026-01-18 11:16",1,27.7841316,-82.6243929,TRUE,FALSE,FALSE,"S294975273"
"231","lbbgul","Lesser Black-backed Gull","Larus fuscus","L129756","Presque Isle SP (IBA)","2026-01-18 11:05",1,42.15868,-80.0994568,TRUE,FALSE,FALSE,"S295016341"
"232","lbbgul","Lesser Black-backed Gull","Larus fuscus","L2723507","Cape Hatteras NS--Ramp 43-44 (Ponds & Beach)","2026-01-18 10:58",84,35.2364534,-75.5286992,TRUE,FALSE,FALSE,"S294967756"
"233","lbbgul","Lesser Black-backed Gull","Larus fuscus","L1050138","Johnnie Mercer's Pier","2026-01-18 10:48",1,34.2132146,-77.7864314,TRUE,FALSE,FALSE,"S294965915"
"234","lbbgul","Lesser Black-backed Gull","Larus fuscus","L28558026","Fat Dusty Beach (private residence)","2026-01-18 10:45",1,41.4488492,-82.2243545,TRUE,FALSE,TRUE,"S295054834"
"235","lbbgul","Lesser Black-backed Gull","Larus fuscus","L3439363","D&R Canal SP--Towpath (Mile Run Outflow - Queens Bridge)","2026-01-18 10:40",6,40.5241702,-74.4923537,TRUE,FALSE,FALSE,"S295047668"
"236","lbbgul","Lesser Black-backed Gull","Larus fuscus","L128926","Brazoria NWR (UTC 108)","2026-01-18 10:25",NA,29.0592062,-95.2745684,TRUE,FALSE,FALSE,"S295243556"
"237","lbbgul","Lesser Black-backed Gull","Larus fuscus","L57376474","2501 Atlantic Ave, Virginia Beach US-VA 36.85390, -75.97606","2026-01-18 10:21",15,36.853903,-75.976058,TRUE,FALSE,TRUE,"S294951116"
"238","lbbgul","Lesser Black-backed Gull","Larus fuscus","L50686243","Beach Woods Beach","2026-01-18 10:19",8,28.033396,-80.540908,TRUE,FALSE,TRUE,"S294986034"
"239","lbbgul","Lesser Black-backed Gull","Larus fuscus","L618902","Cleveland Lakefront Nature Preserve","2026-01-18 10:15",1,41.5445933,-81.6327095,TRUE,FALSE,FALSE,"S295087752"
"240","lbbgul","Lesser Black-backed Gull","Larus fuscus","L973051","Walking Purchase / Lehigh Canal Park","2026-01-18 09:59",500,40.6009201,-75.4393387,TRUE,FALSE,FALSE,"S294987532"
"241","lbbgul","Lesser Black-backed Gull","Larus fuscus","L1029243","Rist Benson Reservoir","2026-01-18 09:58",1,40.4103592,-105.1168013,TRUE,FALSE,FALSE,"S295070101"
"242","lbbgul","Lesser Black-backed Gull","Larus fuscus","L127324","Honeymoon Island SP","2026-01-18 09:57",1,28.0706,-82.8314,TRUE,FALSE,FALSE,"S294959999"
"243","lbbgul","Lesser Black-backed Gull","Larus fuscus","L379515","Galveston--Dos Vacas Muertas","2026-01-18 09:56",1,29.146127,-95.0414371,TRUE,FALSE,FALSE,"S294968797"
"244","lbbgul","Lesser Black-backed Gull","Larus fuscus","L57258780","1515 Pinellas Bayway South, Tierra Verde, Florida, US (27.671, -82.724)","2026-01-18 09:53",1,27.6713713,-82.7241299,TRUE,FALSE,TRUE,"S295033448"
"245","lbbgul","Lesser Black-backed Gull","Larus fuscus","L365371","Bodie Island Lighthouse & Pond","2026-01-18 09:46",4,35.819076,-75.562966,TRUE,FALSE,FALSE,"S294951648"
"246","lbbgul","Lesser Black-backed Gull","Larus fuscus","L2071147","Sherwood Lakes","2026-01-18 09:40",1,36.7436987,-76.0185242,TRUE,FALSE,FALSE,"S294934414"
"247","lbbgul","Lesser Black-backed Gull","Larus fuscus","L166445","Cheney Reservoir--Dam (Sedgwick Co.)","2026-01-18 09:18",1,37.7233194,-97.80104,TRUE,FALSE,FALSE,"S294949518"
"248","lbbgul","Lesser Black-backed Gull","Larus fuscus","L4616583","Cherry Creek SP--Wetlands Preserve","2026-01-18 09:17",1,39.628069,-104.8396325,TRUE,FALSE,FALSE,"S294974818"
"249","lbbgul","Lesser Black-backed Gull","Larus fuscus","L12092660","Whiskey Island Dr, Cleveland US-OH 41.50339, -81.71246","2026-01-18 09:12",2,41.503387,-81.712455,TRUE,FALSE,TRUE,"S294941235"
"250","lbbgul","Lesser Black-backed Gull","Larus fuscus","L57378855","Morris county bird count","2026-01-18 09:08",6,40.851755,-74.81895,TRUE,FALSE,TRUE,"S294963057"
"251","lbbgul","Lesser Black-backed Gull","Larus fuscus","L9871763","Allison Hagerup Beach","2026-01-18 08:59",1,26.5269538,-82.1944899,TRUE,FALSE,FALSE,"S294948099"
"252","lbbgul","Lesser Black-backed Gull","Larus fuscus","L167924","Rocky Mountain Arsenal NWR (Please use more specific locations)","2026-01-18 08:50",1,39.8209707,-104.8680639,TRUE,FALSE,FALSE,"S294994274"
"253","lbbgul","Lesser Black-backed Gull","Larus fuscus","L286087","Silver Lake, Rehoboth","2026-01-18 08:47",2,38.7070298,-75.0793862,TRUE,FALSE,FALSE,"S294931811"
"254","lbbgul","Lesser Black-backed Gull","Larus fuscus","L505745","Mallory Square, Key West","2026-01-18 08:47",1,24.5599656,-81.8077183,TRUE,FALSE,FALSE,"S294933160"
"255","lbbgul","Lesser Black-backed Gull","Larus fuscus","L619883","Jordan Lake SRA--Ebenezer Point","2026-01-18 08:45",1,35.7081198,-79.0276623,TRUE,TRUE,FALSE,"S294926885"
"256","lbbgul","Lesser Black-backed Gull","Larus fuscus","L127294","Anastasia SP","2026-01-18 08:44",1,29.8661797,-81.2705122,TRUE,FALSE,FALSE,"S295131917"
"257","lbbgul","Lesser Black-backed Gull","Larus fuscus","L57381688","Auto selected 27.61377, -82.73992","2026-01-18 08:43",1,27.613766,-82.739924,TRUE,TRUE,TRUE,"S294976497"
"258","lbbgul","Lesser Black-backed Gull","Larus fuscus","L830966","Nockamixon SP","2026-01-18 08:42",50,40.4669327,-75.2223802,TRUE,FALSE,FALSE,"S294951649"
"259","lbbgul","Lesser Black-backed Gull","Larus fuscus","L56178402","The Cove","2026-01-18 08:39",2,26.166577,-81.673845,TRUE,FALSE,TRUE,"S294950925"
"260","lbbgul","Lesser Black-backed Gull","Larus fuscus","L2531069","Grand Rapids, OH, yard","2026-01-18 08:30",13,41.444325,-83.8011307,TRUE,FALSE,TRUE,"S294927687"
"261","lbbgul","Lesser Black-backed Gull","Larus fuscus","L485218","Siasconset","2026-01-18 08:30",1,41.2638722,-69.9698639,TRUE,FALSE,FALSE,"S294971222"
"262","lbbgul","Lesser Black-backed Gull","Larus fuscus","L10774620","Sandpiper Beach Club","2026-01-18 08:29",2,38.9303949,-74.9262642,TRUE,FALSE,TRUE,"S294930446"
"263","lbbgul","Lesser Black-backed Gull","Larus fuscus","L1345243","Oquirrh Lake","2026-01-18 08:20",1,40.5542118,-112.0035853,TRUE,FALSE,FALSE,"S294982254"
"264","lbbgul","Lesser Black-backed Gull","Larus fuscus","L1673223","Benbrook Lake--North Holiday Park (day use area)","2026-01-18 08:19",1,32.6510088,-97.4747562,TRUE,TRUE,FALSE,"S295038466"
"265","lbbgul","Lesser Black-backed Gull","Larus fuscus","L280298","Jodrey State Fish Pier","2026-01-18 08:04",1,42.61408,-70.65221,TRUE,FALSE,FALSE,"S294916971"
"266","lbbgul","Lesser Black-backed Gull","Larus fuscus","L2466960","Rockaway Beach--Far Rockaway (E of Beach 32nd St.)","2026-01-18 07:38",1,40.5912529,-73.7534237,TRUE,FALSE,FALSE,"S294926425"
"267","lbbgul","Lesser Black-backed Gull","Larus fuscus","L3895659","Buckeye Lake SP--Spillway and Sellers Point","2026-01-18 07:30",2,39.9192819,-82.5142765,TRUE,TRUE,FALSE,"S295048370"
"268","lbbgul","Lesser Black-backed Gull","Larus fuscus","L18063955","Blue Clay Bike Park","2026-01-18 07:27",4,34.3226484,-77.8931214,TRUE,FALSE,FALSE,"S294941393"
"269","lbbgul","Lesser Black-backed Gull","Larus fuscus","L271825","Baseline Reservoir","2026-01-18 07:19",2,39.9964235,-105.2053332,TRUE,FALSE,FALSE,"S294938904"
"270","lbbgul","Lesser Black-backed Gull","Larus fuscus","L4862688","Egmont Channel (Hillsborough County)","2026-01-18 07:18",1,27.578011,-82.7423501,TRUE,TRUE,FALSE,"S295076079"
"271","lbbgul","Lesser Black-backed Gull","Larus fuscus","L2436474","Everglades NP--overlook from ranger station","2026-01-18 07:17",1,25.1404867,-80.923233,TRUE,FALSE,FALSE,"S294906342"
"272","lbbgul","Lesser Black-backed Gull","Larus fuscus","L896662","Pelican Island NWR--Pete's Impoundment Trail","2026-01-18 07:11",1,27.8037664,-80.4326034,TRUE,FALSE,FALSE,"S294909344"
"273","lbbgul","Lesser Black-backed Gull","Larus fuscus","L291444","Quintana Beach & Jetty (UTC122)","2026-01-18 07:10",5,28.9343,-95.2987,TRUE,FALSE,FALSE,"S295206182"
"274","lbbgul","Lesser Black-backed Gull","Larus fuscus","L473873","Plaster Reservoir","2026-01-18 07:10",1,39.947253,-105.0286102,TRUE,FALSE,FALSE,"S294951756"
"275","lbbgul","Lesser Black-backed Gull","Larus fuscus","L572363","Padre Isl. NS--Bird Island Basin Environs (Including Campground Ponds)","2026-01-18 07:06",1,27.4721051,-97.312088,TRUE,FALSE,FALSE,"S294970089"
"276","lbbgul","Lesser Black-backed Gull","Larus fuscus","L2501609","Vista Park beach","2026-01-18 07:00",3,26.1636426,-80.098561,TRUE,FALSE,FALSE,"S294955296"
"277","lbbgul","Lesser Black-backed Gull","Larus fuscus","L600062","Mason Inlet Waterbird Management Area","2026-01-18 06:54",100,34.2371024,-77.7735901,TRUE,TRUE,FALSE,"S295068461"
"278","lbbgul","Lesser Black-backed Gull","Larus fuscus","L476488","Bowmans Beach Regional Park","2026-01-17 17:43",1,26.4604691,-82.1558154,TRUE,FALSE,FALSE,"S294848978"
"279","lbbgul","Lesser Black-backed Gull","Larus fuscus","L42945216","Causeway Islands Park--Island B","2026-01-17 17:33",4,26.4683882,-82.0294783,TRUE,FALSE,FALSE,"S294815912"
"280","lbbgul","Lesser Black-backed Gull","Larus fuscus","L57345605","Summer Place ponds","2026-01-17 17:31",1,28.4006177,-80.7066778,TRUE,FALSE,TRUE,"S294812639"
"281","lbbgul","Lesser Black-backed Gull","Larus fuscus","L22136097","NY:TOM:Ithaca:Cass Pk:Cayuga Inlet: Dragonboat Cove","2026-01-17 17:21",1,42.453167,-76.511492,TRUE,FALSE,TRUE,"S294800130"
"282","lbbgul","Lesser Black-backed Gull","Larus fuscus","L57342615","27927, Corolla US-NC 36.42250, -75.83570","2026-01-17 17:14",1,36.422503,-75.835703,TRUE,FALSE,TRUE,"S294799445"
"283","lbbgul","Lesser Black-backed Gull","Larus fuscus","L1116578","Altus City Reservoir","2026-01-17 17:13",2,34.6550273,-99.3231869,TRUE,TRUE,FALSE,"S294815847"
"284","lbbgul","Lesser Black-backed Gull","Larus fuscus","L1276675","Bayshore Fishing Access","2026-01-17 16:48",4,41.6910983,-83.4310662,TRUE,FALSE,FALSE,"S294801429"
"285","lbbgul","Lesser Black-backed Gull","Larus fuscus","L1864864","Bay View Park","2026-01-17 16:36",1,41.6959289,-83.4729141,TRUE,FALSE,FALSE,"S294807323"
"286","lbbgul","Lesser Black-backed Gull","Larus fuscus","L57342447","SkyBeach Resort","2026-01-17 16:29",1,27.706044,-82.678401,TRUE,FALSE,TRUE,"S294798786"
"287","lbbgul","Lesser Black-backed Gull","Larus fuscus","L483861","Broadkill Beach","2026-01-17 16:22",1,38.8196486,-75.2010727,TRUE,FALSE,FALSE,"S294820909"
"288","lbbgul","Lesser Black-backed Gull","Larus fuscus","L126634","Ocean City Inlet","2026-01-17 16:21",1,38.324,-75.091,TRUE,FALSE,FALSE,"S294802494"
"289","lbbgul","Lesser Black-backed Gull","Larus fuscus","L57339457","Bahia Honda State Park, Big Pine Key US-FL 24.66177, -81.26984","2026-01-17 16:15",1,24.661766,-81.269841,TRUE,FALSE,TRUE,"S294786173"
"290","lbbgul","Lesser Black-backed Gull","Larus fuscus","L1449351","Niagara Falls SP--Goat Island--Terrapin Point and Gorge","2026-01-17 16:15",1,43.0801649,-79.0733191,TRUE,FALSE,FALSE,"S295022140"
"291","lbbgul","Lesser Black-backed Gull","Larus fuscus","L285532","Seneca Lake, southeastern viewpoint","2026-01-17 16:07",4,42.3874071,-76.8553157,TRUE,TRUE,FALSE,"S294826222"
"292","lbbgul","Lesser Black-backed Gull","Larus fuscus","L159024","Allan H. Treman State Marine Park--marina (not lakeshore or woods)","2026-01-17 16:04",2,42.4571425,-76.5143238,TRUE,FALSE,FALSE,"S294784024"
"293","lbbgul","Lesser Black-backed Gull","Larus fuscus","L41337261","Lewes Harbor and Breakwaters--Delaware Breakwater","2026-01-17 16:01",4,38.7987519,-75.1074152,TRUE,FALSE,FALSE,"S294785288"
"294","lbbgul","Lesser Black-backed Gull","Larus fuscus","L57338837","Airlie Gardens, Wilmington US-NC 34.21318, -77.82756","2026-01-17 15:48",1,34.213185,-77.827558,TRUE,FALSE,TRUE,"S294783768"
"295","lbbgul","Lesser Black-backed Gull","Larus fuscus","L455897","Gooseberry Neck","2026-01-17 15:35",1,41.4869773,-71.0375977,TRUE,FALSE,FALSE,"S294780583"
"296","lbbgul","Lesser Black-backed Gull","Larus fuscus","L2033353","Ash Lake/Cedar Bayou (Chambers Co. side)","2026-01-17 15:35",1,29.6799529,-94.9282157,TRUE,FALSE,FALSE,"S294815894"
"297","lbbgul","Lesser Black-backed Gull","Larus fuscus","L1864858","Presque Isle SP--Vista 1","2026-01-17 15:34",3,42.1201266,-80.1491261,TRUE,FALSE,FALSE,"S294839679"
"298","lbbgul","Lesser Black-backed Gull","Larus fuscus","L2033348","Ash Lake (Harris Co. side)","2026-01-17 15:34",3,29.6805588,-94.9289989,TRUE,FALSE,FALSE,"S294815729"
"299","lbbgul","Lesser Black-backed Gull","Larus fuscus","L919291","Bayfront Park/Village Point (Daphne)","2026-01-17 15:20",1,30.6282373,-87.9195714,TRUE,FALSE,FALSE,"S294845216"
"300","lbbgul","Lesser Black-backed Gull","Larus fuscus","L268849","Spruce Run Recreation Area","2026-01-17 15:16",125,40.6601903,-74.9383805,TRUE,FALSE,FALSE,"S294788420"
"301","lbbgul","Lesser Black-backed Gull","Larus fuscus","L1850297","Pilgrim Memorial SP","2026-01-17 15:16",1,41.9589919,-70.661788,TRUE,FALSE,FALSE,"S294772474"
"302","lbbgul","Lesser Black-backed Gull","Larus fuscus","L342269","Walden Ponds Wildlife Habitat--Walden & Sawhill Ponds all together","2026-01-17 15:14",2,40.044253,-105.1867721,TRUE,FALSE,FALSE,"S294822503"
"303","lbbgul","Lesser Black-backed Gull","Larus fuscus","L16475327","Ocracoke Island--South Point","2026-01-17 15:13",1,35.066577,-76.005684,TRUE,FALSE,TRUE,"S294846234"
"304","lbbgul","Lesser Black-backed Gull","Larus fuscus","L2455153","Shem Creek Park","2026-01-17 15:02",1,32.7912704,-79.8844732,TRUE,FALSE,FALSE,"S294784033"
"305","lbbgul","Lesser Black-backed Gull","Larus fuscus","L12420817","Altus City Reservoir","2026-01-17 15:00",10,34.6578293,-99.3253243,TRUE,TRUE,TRUE,"S294811477"
"306","lbbgul","Lesser Black-backed Gull","Larus fuscus","L294963","Bresler Reservoir","2026-01-17 14:57",2,40.7372365,-84.233515,TRUE,TRUE,FALSE,"S294775731"
"307","lbbgul","Lesser Black-backed Gull","Larus fuscus","L815117","Hagerman NWR","2026-01-17 14:52",1,33.7385706,-96.7527511,TRUE,FALSE,FALSE,"S294793571"
"308","lbbgul","Lesser Black-backed Gull","Larus fuscus","L737670","Cape May-Lewes Ferry (NJ waters)","2026-01-17 14:44",2,38.9241552,-75.0265447,TRUE,FALSE,FALSE,"S294790512"
"309","lbbgul","Lesser Black-backed Gull","Larus fuscus","L3969066","Defiance Reservoir","2026-01-17 14:41",6,41.267098,-84.395889,TRUE,FALSE,FALSE,"S294782258"
"310","lbbgul","Lesser Black-backed Gull","Larus fuscus","L57335133","3835 West Gulf Drive, Sanibel, Florida, US (26.432, -82.116)","2026-01-17 14:32",2,26.4316596,-82.116485,TRUE,FALSE,TRUE,"S294768651"
"311","lbbgul","Lesser Black-backed Gull","Larus fuscus","L3932939","Hollywood Beach","2026-01-17 14:30",2,26.0144629,-80.1154912,TRUE,FALSE,FALSE,"S294762631"
"312","lbbgul","Lesser Black-backed Gull","Larus fuscus","L682129","Canaveral National Seashore--Lot #4","2026-01-17 14:30",1,28.6609745,-80.6364983,TRUE,FALSE,FALSE,"S294794072"
"313","lbbgul","Lesser Black-backed Gull","Larus fuscus","L504403","John Heinz NWR--impoundment (Philadelphia Co.)","2026-01-17 14:26",2,39.8893501,-75.2601457,TRUE,FALSE,FALSE,"S295208656"
"314","lbbgul","Lesser Black-backed Gull","Larus fuscus","L13089814","Galveston Island SP—Gulf beach area","2026-01-17 14:22",1,29.1912269,-94.9522868,TRUE,FALSE,FALSE,"S294779601"
"315","lbbgul","Lesser Black-backed Gull","Larus fuscus","L51370382","Cape Hatteras NS--Ramp 23","2026-01-17 14:19",2,35.5320516,-75.4733276,TRUE,FALSE,FALSE,"S294770167"
"316","lbbgul","Lesser Black-backed Gull","Larus fuscus","L57336679","1938 SH-361, Aransas Pass US-TX 27.89021, -97.11045","2026-01-17 14:05",3,27.890207,-97.110454,TRUE,FALSE,TRUE,"S294775068"
"317","lbbgul","Lesser Black-backed Gull","Larus fuscus","L492304","Campau Rd. & Pte. Mouillee Headquarters (Wayne County)","2026-01-17 14:04",1,42.0435503,-83.2002901,TRUE,FALSE,FALSE,"S294763338"
"318","lbbgul","Lesser Black-backed Gull","Larus fuscus","L809637","Hoicks Hollow Rd.--Seawatch","2026-01-17 14:00",3,41.2909316,-69.9689627,TRUE,FALSE,FALSE,"S294758921"
"319","lbbgul","Lesser Black-backed Gull","Larus fuscus","L3244862","Buckeye Lake SP--North Shore","2026-01-17 13:54",1,39.9322696,-82.4780355,TRUE,TRUE,FALSE,"S294758569"
"320","lbbgul","Lesser Black-backed Gull","Larus fuscus","L2368060","Jerusalem - State Pier","2026-01-17 13:53",1,41.3787531,-71.5152991,TRUE,FALSE,TRUE,"S295082625"
"321","lbbgul","Lesser Black-backed Gull","Larus fuscus","L281552","Cape May–Lewes Ferry Terminal","2026-01-17 13:52",3,38.9678215,-74.9634733,TRUE,FALSE,FALSE,"S294813917"
"322","lbbgul","Lesser Black-backed Gull","Larus fuscus","L760818","Cape Henlopen SP--Breakwater Harbor and shoreline","2026-01-17 13:47",5,38.7915231,-75.0957477,TRUE,FALSE,FALSE,"S294771779"
"323","lbbgul","Lesser Black-backed Gull","Larus fuscus","L9915792","Jacob Riis Park--Beach","2026-01-17 13:46",1,40.5642097,-73.8761079,TRUE,FALSE,FALSE,"S294794724"
"324","lbbgul","Lesser Black-backed Gull","Larus fuscus","L129107","Texas City Dike (UTC 074)","2026-01-17 13:45",2,29.3838952,-94.867115,TRUE,FALSE,FALSE,"S294846624"
"325","lbbgul","Lesser Black-backed Gull","Larus fuscus","L57334860","Boat ride from Pine island to Red Fish Pass","2026-01-17 13:44",2,26.502946,-82.109946,TRUE,FALSE,TRUE,"S294767510"
"326","lbbgul","Lesser Black-backed Gull","Larus fuscus","L127445","Bahia Honda SP","2026-01-17 13:37",1,24.6602308,-81.2735188,TRUE,FALSE,FALSE,"S294802668"
"327","lbbgul","Lesser Black-backed Gull","Larus fuscus","L270513","Saltair & Marina","2026-01-17 13:33",1,40.7320925,-112.2079376,TRUE,FALSE,FALSE,"S294811666"
"328","lbbgul","Lesser Black-backed Gull","Larus fuscus","L2458745","Arsenal Rd. Pond (restricted access)","2026-01-17 13:32",1,41.3386222,-88.0865153,TRUE,FALSE,FALSE,"S294765306"
"329","lbbgul","Lesser Black-backed Gull","Larus fuscus","L490193","Galilee Harbor","2026-01-17 13:30",2,41.3782577,-71.513443,TRUE,FALSE,FALSE,"S294822403"
"330","lbbgul","Lesser Black-backed Gull","Larus fuscus","L497789","Ponce Preserve","2026-01-17 13:26",1,29.1140191,-80.9503126,TRUE,FALSE,FALSE,"S294765428"
"331","lbbgul","Lesser Black-backed Gull","Larus fuscus","L17179578","East Edson Road landfill (restricted access)","2026-01-17 13:25",1,42.1517988,-89.0430257,TRUE,FALSE,FALSE,"S294836902"
"332","lbbgul","Lesser Black-backed Gull","Larus fuscus","L1244847","Barren River Lake--The Narrows","2026-01-17 13:21",1,36.903127,-86.0692957,TRUE,TRUE,FALSE,"S294772438"
"333","lbbgul","Lesser Black-backed Gull","Larus fuscus","L57340387","2101–2159 S Alfadale St, Union City US-OK 35.43600, -97.91947","2026-01-17 13:19",1,35.436001,-97.919468,TRUE,FALSE,TRUE,"S294790097"
"334","lbbgul","Lesser Black-backed Gull","Larus fuscus","L768907","Fort Sumter National Monument (not for observations from ferry ride)","2026-01-17 13:07",1,32.7519107,-79.8746395,TRUE,FALSE,FALSE,"S294751256"
"335","lbbgul","Lesser Black-backed Gull","Larus fuscus","L470032","Kaw Lake","2026-01-17 13:05",1,36.7630916,-96.8293762,TRUE,FALSE,FALSE,"S294755727"
"336","lbbgul","Lesser Black-backed Gull","Larus fuscus","L2457327","Sunrise Park (Volusia Co.)","2026-01-17 13:00",2,29.2488694,-81.0358897,TRUE,FALSE,FALSE,"S295393007"
"337","lbbgul","Lesser Black-backed Gull","Larus fuscus","L41423662","Lewes Harbor and Breakwaters--Icebreakers","2026-01-17 13:00",4,38.8373364,-75.1148513,TRUE,FALSE,FALSE,"S294784913"
"338","lbbgul","Lesser Black-backed Gull","Larus fuscus","L13492597","Cape Hatteras National Seashore, Rodanthe US-NC 35.30850, -75.51087","2026-01-17 12:56",15,35.308501,-75.51087,TRUE,FALSE,TRUE,"S294770792"
"339","lbbgul","Lesser Black-backed Gull","Larus fuscus","L38943839","2154 Paradise Road, Edenton","2026-01-17 12:54",2,36.1208521,-76.6110846,TRUE,FALSE,TRUE,"S294745422"
"340","lbbgul","Lesser Black-backed Gull","Larus fuscus","L827041","Niagara Falls SP--Three Sisters Islands","2026-01-17 12:49",2,43.0780886,-79.0660071,TRUE,FALSE,FALSE,"S294777163"
"341","lbbgul","Lesser Black-backed Gull","Larus fuscus","L41336876","Lewes Harbor and Breakwaters","2026-01-17 12:45",9,38.8151823,-75.1031466,TRUE,FALSE,FALSE,"S294779900"
"342","lbbgul","Lesser Black-backed Gull","Larus fuscus","L57327228","Florida's Turnpike N, West Palm Beach US-FL 26.77352, -80.13292","2026-01-17 12:43",10,26.773525,-80.132921,TRUE,FALSE,TRUE,"S294735241"
"343","lbbgul","Lesser Black-backed Gull","Larus fuscus","L1985531","Bird Island Pier","2026-01-17 12:26",3,42.9063684,-78.9027357,TRUE,FALSE,FALSE,"S294888762"
"344","lbbgul","Lesser Black-backed Gull","Larus fuscus","L10153889","J. Percy Priest Lake--Seven Points Recreation Area--Boat Ramp","2026-01-17 12:25",1,36.131636,-86.5652275,TRUE,TRUE,FALSE,"S294767272"
"345","lbbgul","Lesser Black-backed Gull","Larus fuscus","L5744252","Dr. Von D. Mizell-Eula Johnson SP","2026-01-17 12:14",2,26.0711624,-80.1124978,TRUE,FALSE,FALSE,"S294738128"
"346","lbbgul","Lesser Black-backed Gull","Larus fuscus","L1280302","Lewes Beach","2026-01-17 12:12",10,38.7831937,-75.1388454,TRUE,FALSE,FALSE,"S294769493"
"347","lbbgul","Lesser Black-backed Gull","Larus fuscus","L389569","Braddock Bay--North Marina","2026-01-17 12:08",1,43.3178956,-77.7228239,TRUE,TRUE,FALSE,"S294747083"
"348","lbbgul","Lesser Black-backed Gull","Larus fuscus","L3254367","Coast Guard Stn Wendy Park","2026-01-17 12:07",1,41.50308,-81.712508,TRUE,FALSE,TRUE,"S294748263"
"349","lbbgul","Lesser Black-backed Gull","Larus fuscus","L127398","Point Ybel Lighthouse Beach Park","2026-01-17 11:56",3,26.4520609,-82.0151281,TRUE,FALSE,FALSE,"S294930540"
"350","lbbgul","Lesser Black-backed Gull","Larus fuscus","L1103086","Sandy Hook--South Beach area","2026-01-17 11:44",NA,40.4063521,-73.9757538,TRUE,FALSE,FALSE,"S294736362"
"351","lbbgul","Lesser Black-backed Gull","Larus fuscus","L351758","West Side Rowing Club","2026-01-17 11:37",5,42.9013797,-78.9020911,TRUE,FALSE,FALSE,"S294829795"
"352","lbbgul","Lesser Black-backed Gull","Larus fuscus","L1663502","Pea Island NWR--North Pond Wildlife Trail","2026-01-17 11:34",1,35.7156212,-75.4935891,TRUE,FALSE,FALSE,"S294742396"
"353","lbbgul","Lesser Black-backed Gull","Larus fuscus","L2047403","San Diego Bay NWR--SoCal Saltworks (restricted access)","2026-01-17 11:30",1,32.6049209,-117.1062324,TRUE,TRUE,FALSE,"S294787066"
"354","lbbgul","Lesser Black-backed Gull","Larus fuscus","L547888","Heckscher SP, East Islip","2026-01-17 11:26",1,40.7129149,-73.1650615,TRUE,FALSE,FALSE,"S294743204"
"355","lbbgul","Lesser Black-backed Gull","Larus fuscus","L1870032","Upper Dam (Rock Falls)","2026-01-17 11:26",9,41.7872348,-89.6776791,TRUE,TRUE,FALSE,"S295065593"
"356","lbbgul","Lesser Black-backed Gull","Larus fuscus","L1072021","Cedar Point Causeway","2026-01-17 11:25",2,41.4607391,-82.6721191,TRUE,FALSE,TRUE,"S294949346"
"357","lbbgul","Lesser Black-backed Gull","Larus fuscus","L243650","Carolina Beach State Park","2026-01-17 11:24",1,34.0499847,-77.9176247,TRUE,FALSE,FALSE,"S294721814"
"358","lbbgul","Lesser Black-backed Gull","Larus fuscus","L9076844","Fort cassin/porter bay","2026-01-17 11:15",1,44.2209806,-73.313463,TRUE,TRUE,TRUE,"S294734182"
"359","lbbgul","Lesser Black-backed Gull","Larus fuscus","L6943099","Horseneck Campground","2026-01-17 11:11",1,41.4998032,-71.0392928,TRUE,FALSE,FALSE,"S294775270"
"360","lbbgul","Lesser Black-backed Gull","Larus fuscus","L57331063","Auto selected 29.82164, -81.26254","2026-01-17 11:10",2,29.821635,-81.262542,TRUE,FALSE,TRUE,"S294752147"
"361","lbbgul","Lesser Black-backed Gull","Larus fuscus","L985351","Cape Henlopen SP--Herring Point","2026-01-17 10:59",6,38.7657665,-75.0821221,TRUE,FALSE,FALSE,"S294767478"
"362","lbbgul","Lesser Black-backed Gull","Larus fuscus","L129076","Salisbury Beach State Reservation","2026-01-17 10:50",1,42.8268013,-70.8180008,TRUE,FALSE,FALSE,"S294948299"
"363","lbbgul","Lesser Black-backed Gull","Larus fuscus","L56981916","Cocoa, Florida","2026-01-17 10:46",500,28.401574,-80.823562,TRUE,TRUE,TRUE,"S294757514"
"364","lbbgul","Lesser Black-backed Gull","Larus fuscus","L57365382","1000 Whiskey Island Drive, Cleveland, Ohio, US (41.503, -81.712)","2026-01-17 10:45",1,41.5029648,-81.7123067,TRUE,FALSE,TRUE,"S294899096"
"365","lbbgul","Lesser Black-backed Gull","Larus fuscus","L1341892","Erie Basin Marina","2026-01-17 10:40",1,42.8814376,-78.8885872,TRUE,FALSE,FALSE,"S294703251"
"366","lbbgul","Lesser Black-backed Gull","Larus fuscus","L285056","Rudee Inlet","2026-01-17 10:39",2,36.830108,-75.9694424,TRUE,FALSE,FALSE,"S294716010"
"367","lbbgul","Lesser Black-backed Gull","Larus fuscus","L878785","Whitney Beach","2026-01-17 10:36",2,27.4330322,-82.6866674,TRUE,FALSE,FALSE,"S294715209"
"368","lbbgul","Lesser Black-backed Gull","Larus fuscus","L57325079","Jennette's Pier, Nags Head US-NC (35.9096,-75.5969)","2026-01-17 10:35",1,35.909568,-75.596882,TRUE,FALSE,TRUE,"S294724698"
"369","lbbgul","Lesser Black-backed Gull","Larus fuscus","L2414975","Asotin County Regional Landfill","2026-01-17 10:34",1,46.3839747,-117.1101916,TRUE,TRUE,FALSE,"S295206215"
"370","lbbgul","Lesser Black-backed Gull","Larus fuscus","L2138552","Gallagher Beach","2026-01-17 10:31",1,42.8407505,-78.8598984,TRUE,FALSE,FALSE,"S294698684"
"371","lbbgul","Lesser Black-backed Gull","Larus fuscus","L281144","Dune Road","2026-01-17 10:30",1,40.8247611,-72.5394752,TRUE,FALSE,TRUE,"S294720900"
"372","lbbgul","Lesser Black-backed Gull","Larus fuscus","L754513","Portland Head Light--Fort Williams Park","2026-01-17 10:28",1,43.62292,-70.2087736,TRUE,TRUE,FALSE,"S294714975"
"373","lbbgul","Lesser Black-backed Gull","Larus fuscus","L1403743","Everglades NP--Flamingo Amphitheatre","2026-01-17 10:21",1,25.137089,-80.9324605,TRUE,FALSE,FALSE,"S295257669"
"374","lbbgul","Lesser Black-backed Gull","Larus fuscus","L3397945","Cecil County Landfill (restricted access)","2026-01-17 10:17",7,39.5946043,-75.9155674,TRUE,TRUE,FALSE,"S294746728"
"375","lbbgul","Lesser Black-backed Gull","Larus fuscus","L8998939","South Captiva","2026-01-17 10:13",1,26.5575816,-82.2015707,TRUE,FALSE,FALSE,"S294744392"
"376","lbbgul","Lesser Black-backed Gull","Larus fuscus","L14148780","Coeur d'Alene WMA--Thompson Lake","2026-01-17 10:11",1,47.4932921,-116.7215815,TRUE,FALSE,FALSE,"S294749415"
"377","lbbgul","Lesser Black-backed Gull","Larus fuscus","L4771022","Haddox Ferry Boat Ramp & Industrial Ponds","2026-01-17 10:11",2,37.060216,-88.3540307,TRUE,FALSE,FALSE,"S294723645"
"378","lbbgul","Lesser Black-backed Gull","Larus fuscus","L2372899","Island Beach SP--Southern Natural Area (A23 to inlet)","2026-01-17 10:04",1,39.7776269,-74.0953363,TRUE,FALSE,FALSE,"S294804902"
"379","lbbgul","Lesser Black-backed Gull","Larus fuscus","L391390","Sterling SP","2026-01-17 10:01",3,41.9184523,-83.3351512,TRUE,FALSE,FALSE,"S294694421"
"380","lbbgul","Lesser Black-backed Gull","Larus fuscus","L3930985","Coquina Beach","2026-01-17 10:01",1,27.4487621,-82.6924074,TRUE,FALSE,FALSE,"S294693033"
"381","lbbgul","Lesser Black-backed Gull","Larus fuscus","L2573474","Oregon Inlet South Rock Jetty","2026-01-17 09:53",4,35.7732576,-75.5264568,TRUE,FALSE,FALSE,"S294704081"
"382","lbbgul","Lesser Black-backed Gull","Larus fuscus","L444839","Smith Pond, Rockville Center","2026-01-17 09:50",1,40.6608056,-73.6545278,TRUE,FALSE,FALSE,"S294772928"
"383","lbbgul","Lesser Black-backed Gull","Larus fuscus","L1368151","Choptank River--Rte. 50 Bridge (Dorchester Co.) and Cambridge Visitor Center","2026-01-17 09:45",2,38.5719286,-76.0639823,TRUE,FALSE,FALSE,"S294682113"
"384","lbbgul","Lesser Black-backed Gull","Larus fuscus","L1067464","Cambridge - Riverside Drive","2026-01-17 09:43",1,38.5892773,-76.0964692,TRUE,FALSE,TRUE,"S294807524"
"385","lbbgul","Lesser Black-backed Gull","Larus fuscus","L3299638","Borrows Pits","2026-01-17 09:39",1,38.6607831,-90.1228023,TRUE,FALSE,FALSE,"S294703246"
"386","lbbgul","Lesser Black-backed Gull","Larus fuscus","L16436855","Crescent Beach","2026-01-17 09:33",1,27.2556215,-82.5403905,TRUE,FALSE,FALSE,"S294696864"
"387","lbbgul","Lesser Black-backed Gull","Larus fuscus","L3435339","Indian River Inlet South Side","2026-01-17 09:25",1,38.6072586,-75.0616193,TRUE,FALSE,TRUE,"S294833741"
"388","lbbgul","Lesser Black-backed Gull","Larus fuscus","L12631488","Old Larimer County Canal #2 (restricted access)","2026-01-17 09:22",1,40.587882,-105.1070598,TRUE,FALSE,FALSE,"S294728431"
"389","lbbgul","Lesser Black-backed Gull","Larus fuscus","L779250","Lake Gordon","2026-01-17 09:22",1,33.9593082,-98.6682129,TRUE,TRUE,FALSE,"S294705719"
"390","lbbgul","Lesser Black-backed Gull","Larus fuscus","L2261149","Lakefront Reservation--Edgewater Marina","2026-01-17 09:13",2,41.4943549,-81.7276704,TRUE,FALSE,FALSE,"S294798409"
"391","lbbgul","Lesser Black-backed Gull","Larus fuscus","L38512177","Aransas Bay, Rockport US-TX 28.05936, -97.03260","2026-01-17 09:08",1,28.059359,-97.032597,TRUE,FALSE,TRUE,"S294805426"
"392","lbbgul","Lesser Black-backed Gull","Larus fuscus","L99628","Cayuga Lake SP--lake and boat launch","2026-01-17 09:06",2,42.9002148,-76.74963,TRUE,FALSE,FALSE,"S294674551"
"393","lbbgul","Lesser Black-backed Gull","Larus fuscus","L283133","Hook Pond","2026-01-17 09:03",1,40.9461611,-72.1907833,TRUE,FALSE,FALSE,"S294792427"
"394","lbbgul","Lesser Black-backed Gull","Larus fuscus","L2438612","East Ninth Street Pier","2026-01-17 09:00",1,41.5112929,-81.6966748,TRUE,FALSE,FALSE,"S294746161"
"395","lbbgul","Lesser Black-backed Gull","Larus fuscus","L2040230","Long Point Wildlife Refuge (TTOR)","2026-01-17 08:35",1,41.3545043,-70.6384742,TRUE,FALSE,FALSE,"S294795353"
"396","lbbgul","Lesser Black-backed Gull","Larus fuscus","L275683","Myrtle Beach SP","2026-01-17 08:30",3,33.6525976,-78.9268545,TRUE,FALSE,FALSE,"S294764067"
"397","lbbgul","Lesser Black-backed Gull","Larus fuscus","L57342353","2488 Montauk Hwy, Bridgehampton US-NY 40.93780, -72.30157","2026-01-17 08:29",1,40.937799,-72.301569,TRUE,FALSE,TRUE,"S294798410"
"398","lbbgul","Lesser Black-backed Gull","Larus fuscus","L30535609","Crescent Power Plant--Public Fishing Access","2026-01-17 08:14",2,42.8048426,-73.7233249,TRUE,TRUE,TRUE,"S294902181"
"399","lbbgul","Lesser Black-backed Gull","Larus fuscus","L1136943","Horry County Landfill (Limited Access)","2026-01-17 08:13",8,33.8190916,-78.9693134,TRUE,FALSE,FALSE,"S294690794"
"400","lbbgul","Lesser Black-backed Gull","Larus fuscus","L17373422","Cambridge Maryland waterfront","2026-01-17 08:11",2,38.5800342,-76.07973,TRUE,FALSE,TRUE,"S294832958"
"401","lbbgul","Lesser Black-backed Gull","Larus fuscus","L152499","Breezy Point Tip","2026-01-17 08:07",1,40.5506643,-73.9357889,TRUE,FALSE,FALSE,"S294792566"
"402","lbbgul","Lesser Black-backed Gull","Larus fuscus","L1345993","James Nance Park/Indialantic Boardwalk","2026-01-17 08:03",5,28.0924547,-80.5662096,TRUE,FALSE,FALSE,"S294737928"
"403","lbbgul","Lesser Black-backed Gull","Larus fuscus","L376251","Merritt Island NWR--Pumphouse Road","2026-01-17 08:00",2,28.6411839,-80.7774067,TRUE,FALSE,FALSE,"S294788648"
"404","lbbgul","Lesser Black-backed Gull","Larus fuscus","L474510","Silverwood Lake","2026-01-17 08:00",1,34.2817229,-117.3315167,TRUE,TRUE,FALSE,"S294803167"
"405","lbbgul","Lesser Black-backed Gull","Larus fuscus","L351234","Manasota Beach","2026-01-17 07:58",1,27.0109636,-82.411685,TRUE,FALSE,FALSE,"S294665658"
"406","lbbgul","Lesser Black-backed Gull","Larus fuscus","L364733","Race Point","2026-01-17 07:50",1,42.0691855,-70.2381706,TRUE,FALSE,FALSE,"S294737716"
"407","lbbgul","Lesser Black-backed Gull","Larus fuscus","L8209468","Hillsboro Inlet (South)","2026-01-17 07:49",6,26.2579077,-80.0820374,TRUE,FALSE,FALSE,"S294664098"
"408","lbbgul","Lesser Black-backed Gull","Larus fuscus","L125099","Cheyenne Bottoms WA","2026-01-17 07:39",8,38.4634203,-98.6551076,TRUE,TRUE,FALSE,"S295230408"
"409","lbbgul","Lesser Black-backed Gull","Larus fuscus","L40771556","South Crandon","2026-01-17 07:37",2,25.7021865,-80.1541921,TRUE,FALSE,TRUE,"S294670470"
"410","lbbgul","Lesser Black-backed Gull","Larus fuscus","L3723392","Lake Hefner--Oklahoma City Docks","2026-01-17 07:33",1,35.5503847,-97.5991488,TRUE,FALSE,FALSE,"S294669567"
"411","lbbgul","Lesser Black-backed Gull","Larus fuscus","L266967","Great Western Reservoir (closed to public)","2026-01-17 07:30",1,39.8968365,-105.1522923,TRUE,FALSE,FALSE,"S294710037"
"412","lbbgul","Lesser Black-backed Gull","Larus fuscus","L376218","Parrish Park/Max Brewer Causeway","2026-01-17 07:30",2,28.6237063,-80.794487,TRUE,FALSE,FALSE,"S294818801"
"413","lbbgul","Lesser Black-backed Gull","Larus fuscus","L2294559","Sunset Beach--East End","2026-01-17 07:26",3,33.8729098,-78.4842682,TRUE,FALSE,FALSE,"S294680803"
"414","lbbgul","Lesser Black-backed Gull","Larus fuscus","L718307","**Back Bay NWR","2026-01-17 07:21",5,36.672127,-75.915661,TRUE,FALSE,FALSE,"S294692701"
"415","lbbgul","Lesser Black-backed Gull","Larus fuscus","L1279835","Corpus Christi T-heads (marina/yachting center)","2026-01-17 07:15",1,27.7953459,-97.3910724,TRUE,FALSE,FALSE,"S294959353"
"416","lbbgul","Lesser Black-backed Gull","Larus fuscus","L57308769","Holiday Inn Club Vacations Cape Canaveral","2026-01-17 06:57",9,28.405306,-80.597802,TRUE,FALSE,TRUE,"S294647340"
"417","lbbgul","Lesser Black-backed Gull","Larus fuscus","L5792764","Haulover Park & Beach","2026-01-17 06:42",4,25.9103429,-80.1227975,TRUE,FALSE,FALSE,"S294657752"
"418","lbbgul","Lesser Black-backed Gull","Larus fuscus","L856570","San Gabriel Coastal Basin Spreading Grounds","2026-01-17 06:28",1,33.9810187,-118.0824494,TRUE,TRUE,FALSE,"S294842853"
"419","lbbgul","Lesser Black-backed Gull","Larus fuscus","L5637663","Lake Hefner -- Dam","2026-01-16 16:33",2,35.5820822,-97.5975609,TRUE,FALSE,TRUE,"S294567753"
"420","lbbgul","Lesser Black-backed Gull","Larus fuscus","L11669466","Mayport Village Area","2026-01-16 16:15",1,30.3899665,-81.4302283,TRUE,FALSE,TRUE,"S294559969"
"421","lbbgul","Lesser Black-backed Gull","Larus fuscus","L4138043","Mangrove Preserve - C-103","2026-01-16 16:01",14,25.470583,-80.346734,TRUE,FALSE,FALSE,"S294583110"
"422","lbbgul","Lesser Black-backed Gull","Larus fuscus","L2462141","Sunset Harbor","2026-01-16 16:00",1,41.7582956,-81.2669554,TRUE,FALSE,FALSE,"S294577171"
"423","lbbgul","Lesser Black-backed Gull","Larus fuscus","L21083018","Johnnie Mercers Fishing Pier","2026-01-16 16:00",2,34.2143485,-77.7886641,TRUE,FALSE,TRUE,"S295092362"
"424","lbbgul","Lesser Black-backed Gull","Larus fuscus","L28770200","Osprey Point Landing","2026-01-16 15:40",1,34.545387,-86.9316065,TRUE,FALSE,FALSE,"S294759173"
"425","lbbgul","Lesser Black-backed Gull","Larus fuscus","L1252874","ACBS-Grand Isle King Tarpon Park","2026-01-16 15:35",4,29.2466029,-89.9685001,TRUE,FALSE,FALSE,"S294734144"
"426","lbbgul","Lesser Black-backed Gull","Larus fuscus","L813701","King's Beach","2026-01-16 15:33",1,42.4667154,-70.9221983,TRUE,FALSE,FALSE,"S294549239"
"427","lbbgul","Lesser Black-backed Gull","Larus fuscus","L124353","Huntington Beach SP","2026-01-16 15:30",1,33.5083,-79.0659,TRUE,FALSE,FALSE,"S294563785"
"428","lbbgul","Lesser Black-backed Gull","Larus fuscus","L894667","Jamestown-Scotland Ferry (Surry Co.)","2026-01-16 15:28",1,37.1860316,-76.7837906,TRUE,FALSE,FALSE,"S294544884"
"429","lbbgul","Lesser Black-backed Gull","Larus fuscus","L6435782","Cheyenne Bottoms WA--1C & 3A Dike Rd.","2026-01-16 15:00",2,38.4818999,-98.6463392,TRUE,FALSE,FALSE,"S294579547"
"430","lbbgul","Lesser Black-backed Gull","Larus fuscus","L36382293","Work","2026-01-16 14:59",1,28.1458877,-80.5824737,TRUE,FALSE,TRUE,"S294536677"
"431","lbbgul","Lesser Black-backed Gull","Larus fuscus","L2412543","Lake Townsend--Marina","2026-01-16 14:54",1,36.187363,-79.731639,TRUE,TRUE,FALSE,"S294580598"
"432","lbbgul","Lesser Black-backed Gull","Larus fuscus","L300477","Wolfe's Pond Park","2026-01-16 14:51",1,40.5140992,-74.191022,TRUE,FALSE,FALSE,"S294549345"
"433","lbbgul","Lesser Black-backed Gull","Larus fuscus","L9884898","Lynnhaven Boat Ramp & Beach Facility","2026-01-16 14:43",1,36.9068875,-76.0937512,TRUE,FALSE,FALSE,"S294538610"
"434","lbbgul","Lesser Black-backed Gull","Larus fuscus","L129103","Galveston--8 Mile Rd./Sportsman Rd (UTC 066)","2026-01-16 14:42",1,29.2572178,-94.8949664,TRUE,FALSE,FALSE,"S294548973"
"435","lbbgul","Lesser Black-backed Gull","Larus fuscus","L839756","Jamestown-Scotland Ferry (James City Co.)","2026-01-16 14:31",1,37.2231581,-76.7882538,TRUE,FALSE,FALSE,"S294534995"
"436","lbbgul","Lesser Black-backed Gull","Larus fuscus","L383809","Lorain Harbor--Boat Ramp Hotwaters","2026-01-16 14:25",1,41.471718,-82.188195,TRUE,FALSE,FALSE,"S294540713"
"437","lbbgul","Lesser Black-backed Gull","Larus fuscus","L57291275","999 Schmuck Road, Sequim, Washington, US (48.094, -123.059)","2026-01-16 14:14",1,48.0940604,-123.0589439,TRUE,TRUE,TRUE,"S294569344"
"438","lbbgul","Lesser Black-backed Gull","Larus fuscus","L10453875","35976, Guntersville US-AL (34.3567,-86.3166)","2026-01-16 13:56",1,34.356682,-86.316644,TRUE,FALSE,TRUE,"S294640651"
"439","lbbgul","Lesser Black-backed Gull","Larus fuscus","L999548","Presque Isle SP--Leo's Landing","2026-01-16 13:42",3,42.1268858,-80.1431528,TRUE,FALSE,FALSE,"S294551643"
"440","lbbgul","Lesser Black-backed Gull","Larus fuscus","L285903","Parsons Road Reservoir","2026-01-16 13:31",5,41.2776992,-82.1761714,TRUE,FALSE,FALSE,"S294539518"
"441","lbbgul","Lesser Black-backed Gull","Larus fuscus","L452423","Airlie Gardens","2026-01-16 13:23",1,34.215,-77.8294444,TRUE,FALSE,FALSE,"S294536061"
"442","lbbgul","Lesser Black-backed Gull","Larus fuscus","L1414576","Schmuck Road","2026-01-16 13:04",1,48.0905428,-123.0586367,TRUE,TRUE,FALSE,"S294592612"
"443","lbbgul","Lesser Black-backed Gull","Larus fuscus","L57442693","Airlie Gardens, Wilmington US-NC 34.21393, -77.82994","2026-01-16 13:02",1,34.213927,-77.829937,TRUE,FALSE,TRUE,"S295254990"
"444","lbbgul","Lesser Black-backed Gull","Larus fuscus","L281786","Cornell University--Beebe Lake","2026-01-16 13:00",3,42.4512932,-76.4767515,TRUE,FALSE,FALSE,"S295150248"
"445","lbbgul","Lesser Black-backed Gull","Larus fuscus","L16938980","Rossford Marina, Rossford, Ohio, US (41.618, -83.563)","2026-01-16 12:53",2,41.6175427,-83.5629524,TRUE,FALSE,TRUE,"S294523764"
"446","lbbgul","Lesser Black-backed Gull","Larus fuscus","L5593615","Crum RD","2026-01-16 12:48",16,40.9536102,-82.4829698,TRUE,TRUE,TRUE,"S294517596"
"447","lbbgul","Lesser Black-backed Gull","Larus fuscus","L1145147","Elizabeth Park (Trenton)","2026-01-16 12:40",2,42.133622,-83.1780052,TRUE,FALSE,FALSE,"S294518682"
"448","lbbgul","Lesser Black-backed Gull","Larus fuscus","L57294885","Ayer’s Reef","2026-01-16 12:13",1,28.191921,-96.812825,TRUE,FALSE,TRUE,"S294585989"
"449","lbbgul","Lesser Black-backed Gull","Larus fuscus","L40462814","Orange County Landfill (Private Access)","2026-01-16 12:12",1,28.482094,-81.216788,TRUE,TRUE,TRUE,"S294519253"
"450","lbbgul","Lesser Black-backed Gull","Larus fuscus","L1505042","Bolivar Flats Shorebird Sanctuary--Rettilon Rd","2026-01-16 12:11",2,29.3872984,-94.7278439,TRUE,FALSE,FALSE,"S294526198"
"451","lbbgul","Lesser Black-backed Gull","Larus fuscus","L466778","Green Lane Park--Knight/Deep Creek Lakes","2026-01-16 12:07",1,40.3336267,-75.4839948,TRUE,FALSE,FALSE,"S294534514"
"452","lbbgul","Lesser Black-backed Gull","Larus fuscus","L502438","Crescent Park","2026-01-16 12:04",1,42.822394,-73.7358221,TRUE,FALSE,FALSE,"S294537322"
"453","lbbgul","Lesser Black-backed Gull","Larus fuscus","L57277049","7254 SR-13, Greenwich US-OH (40.9541,-82.4895)","2026-01-16 11:37",2,40.954088,-82.489503,TRUE,FALSE,TRUE,"S294503890"
"454","lbbgul","Lesser Black-backed Gull","Larus fuscus","L1462443","Everglades NP--Christian Point Trail","2026-01-16 11:08",NA,25.143684,-80.9088564,TRUE,FALSE,FALSE,"S294584064"
"455","lbbgul","Lesser Black-backed Gull","Larus fuscus","L127414","John D. MacArthur Beach SP","2026-01-16 11:00",50,26.8244216,-80.0442556,TRUE,FALSE,FALSE,"S294590243"
"456","lbbgul","Lesser Black-backed Gull","Larus fuscus","L3493840","Fort Myers Beach","2026-01-16 10:50",1,26.4490491,-81.9471502,TRUE,FALSE,FALSE,"S294510521"
"457","lbbgul","Lesser Black-backed Gull","Larus fuscus","L1340108","Bolivar Flats Shorebird Sanctuary--17th Str. Jetty","2026-01-16 10:41",1,29.3681375,-94.7474419,TRUE,FALSE,FALSE,"S294537884"
"458","lbbgul","Lesser Black-backed Gull","Larus fuscus","L4271790","Fed Ex Ponds","2026-01-16 10:35",2,42.325409,-88.031198,TRUE,FALSE,FALSE,"S294505718"
"459","lbbgul","Lesser Black-backed Gull","Larus fuscus","L57276871","28272 Landfill Ln, Georgetown US-DE 38.59967, -75.43695l","2026-01-16 10:30",1,38.599667,-75.436949,TRUE,FALSE,TRUE,"S294503062"
"460","lbbgul","Lesser Black-backed Gull","Larus fuscus","L233664","Rocky River Park","2026-01-16 09:50",1,41.4875392,-81.846478,TRUE,FALSE,FALSE,"S294505709"
"461","lbbgul","Lesser Black-backed Gull","Larus fuscus","L821838","Dune Rd., Tiana Beach","2026-01-16 09:49",1,40.8307941,-72.5177908,TRUE,FALSE,FALSE,"S294503329"
"462","lbbgul","Lesser Black-backed Gull","Larus fuscus","L1434129","Lake Hefner--Stars and Stripes Park","2026-01-16 09:13",1,35.5512937,-97.5829469,TRUE,FALSE,FALSE,"S294493012"
"463","lbbgul","Lesser Black-backed Gull","Larus fuscus","L109044","Point Lookout","2026-01-16 09:00",1,40.5872222,-73.5772222,TRUE,FALSE,FALSE,"S294519105"
"464","lbbgul","Lesser Black-backed Gull","Larus fuscus","L859485","Albert Rd. Ponds","2026-01-16 08:58",36,40.8119091,-75.2986407,TRUE,FALSE,FALSE,"S294492971"
"465","lbbgul","Lesser Black-backed Gull","Larus fuscus","L51281759","Bud Mielke Reservoir--dam road","2026-01-16 08:35",2,40.3679959,-105.1104918,TRUE,FALSE,FALSE,"S294506882"
"466","lbbgul","Lesser Black-backed Gull","Larus fuscus","L270289","Dodge Rd., Dryden","2026-01-16 08:24",1,42.4407351,-76.4420986,TRUE,FALSE,FALSE,"S294474158"
"467","lbbgul","Lesser Black-backed Gull","Larus fuscus","L4034303","Murrells Inlet Boardwalk","2026-01-16 08:20",3,33.5566461,-79.0331796,TRUE,FALSE,FALSE,"S294489553"
"468","lbbgul","Lesser Black-backed Gull","Larus fuscus","L481625","Pass-a-Grille","2026-01-16 08:19",2,27.6961,-82.7373,TRUE,FALSE,FALSE,"S294475853"
"469","lbbgul","Lesser Black-backed Gull","Larus fuscus","L37693278","Round Valley Recreation Area, Lebanon US-NJ 40.62755, -74.85211","2026-01-16 08:04",5,40.627548,-74.852111,TRUE,FALSE,TRUE,"S294499411"
"470","lbbgul","Lesser Black-backed Gull","Larus fuscus","L109133","Edwin B. Forsythe NWR (formerly Brig)","2026-01-16 08:04",1,39.465,-74.4477778,TRUE,FALSE,FALSE,"S294490443"
"471","lbbgul","Lesser Black-backed Gull","Larus fuscus","L1021363","Aransas NWR--Wildlife Dr.","2026-01-16 07:46",1,28.2403924,-96.818819,TRUE,FALSE,FALSE,"S294528270"
"472","lbbgul","Lesser Black-backed Gull","Larus fuscus","L99615","Myers Point","2026-01-16 07:44",2,42.5371252,-76.5506476,TRUE,FALSE,FALSE,"S294468821"
"473","lbbgul","Lesser Black-backed Gull","Larus fuscus","L5100157","Cape Henlopen SP--Gordon's Pond Trail North","2026-01-16 07:38",5,38.7608875,-75.085907,TRUE,FALSE,TRUE,"S294530835"
"474","lbbgul","Lesser Black-backed Gull","Larus fuscus","L5782769","Sooner Lake--Bank Fishing Area","2026-01-16 07:36",1,36.438643,-97.0487809,TRUE,FALSE,FALSE,"S294505736"
"475","lbbgul","Lesser Black-backed Gull","Larus fuscus","L1252879","ACBS-Elmer's Island","2026-01-16 07:27",6,29.182515,-90.0610256,TRUE,TRUE,FALSE,"S294718207"
"476","lbbgul","Lesser Black-backed Gull","Larus fuscus","L28059057","900 South Collier Boulevard, Marco Island, Florida, US (25.912, -81.729)","2026-01-16 07:25",1,25.9124746,-81.7286852,TRUE,FALSE,TRUE,"S294472698"
"477","lbbgul","Lesser Black-backed Gull","Larus fuscus","L278968","Hamden Pumping Station","2026-01-16 07:25",1,40.6057728,-74.9016021,TRUE,FALSE,FALSE,"S294465214"
"478","lbbgul","Lesser Black-backed Gull","Larus fuscus","L4164825","Galveston--8 mile Beach/Sunny Beach area","2026-01-16 07:11",1,29.2349195,-94.8829937,TRUE,FALSE,FALSE,"S294475396"
"479","lbbgul","Lesser Black-backed Gull","Larus fuscus","L815817","Frank G. Bonelli RP/Puddingstone Reservoir and vicinity","2026-01-16 07:05",1,34.0870104,-117.8050125,TRUE,TRUE,FALSE,"S294597851"
"480","lbbgul","Lesser Black-backed Gull","Larus fuscus","L4196818","Jaycee Beach Park","2026-01-15 17:11",1,27.6652995,-80.3592637,TRUE,FALSE,FALSE,"S294399579"
"481","lbbgul","Lesser Black-backed Gull","Larus fuscus","L14635574","Middle Gulf Dr.","2026-01-15 16:24",1,26.43128,-82.0536795,TRUE,FALSE,FALSE,"S294574490"
"482","lbbgul","Lesser Black-backed Gull","Larus fuscus","L150677","Seneca Harbor Park","2026-01-15 16:19",1,42.383846,-76.873375,TRUE,FALSE,FALSE,"S294850057"
"483","lbbgul","Lesser Black-backed Gull","Larus fuscus","L2917277","Buckeye Lake (Licking Co.)","2026-01-15 16:10",1,39.9335322,-82.4561477,TRUE,TRUE,FALSE,"S294411757"
"484","lbbgul","Lesser Black-backed Gull","Larus fuscus","L818015","Grace Lake (Visteon Pond)","2026-01-15 16:10",1,42.2386218,-83.4312057,TRUE,FALSE,FALSE,"S294416041"
"485","lbbgul","Lesser Black-backed Gull","Larus fuscus","L56162149","Belford Seafood","2026-01-15 16:03",1,40.433734,-74.080552,TRUE,FALSE,TRUE,"S294426409"
"486","lbbgul","Lesser Black-backed Gull","Larus fuscus","L3341691","Blue Marsh Lake SRA--Dry Brooks Day Use Area","2026-01-15 16:00",2,40.3847603,-76.0408562,TRUE,FALSE,FALSE,"S294401884"
"487","lbbgul","Lesser Black-backed Gull","Larus fuscus","L269695","Sparks Marina Park","2026-01-15 16:00",1,39.5348915,-119.7295699,TRUE,TRUE,FALSE,"S294560533"
"488","lbbgul","Lesser Black-backed Gull","Larus fuscus","L41104090","ACBS - Grand Isle State Park","2026-01-15 15:30",2,29.259566,-89.950159,TRUE,FALSE,TRUE,"S294714934"
"489","lbbgul","Lesser Black-backed Gull","Larus fuscus","L327545","Lower Matecumbe Key--Anne's Beach","2026-01-15 15:25",1,24.8486926,-80.7410815,TRUE,FALSE,FALSE,"S294385704"
"490","lbbgul","Lesser Black-backed Gull","Larus fuscus","L127446","Key West Tropical Forest & Botanical Gardens","2026-01-15 15:07",1,24.5734,-81.7496,TRUE,FALSE,FALSE,"S294383682"
"491","lbbgul","Lesser Black-backed Gull","Larus fuscus","L57250996","18120 Gulf Boulevard, Redington Shores, Florida, US (27.833, -82.835)","2026-01-15 14:42",1,27.8325259,-82.834559,TRUE,FALSE,TRUE,"S294380867"
"492","lbbgul","Lesser Black-backed Gull","Larus fuscus","L275293","Core Creek Park","2026-01-15 14:39",3,40.2031024,-74.9143112,TRUE,FALSE,FALSE,"S294382889"
"493","lbbgul","Lesser Black-backed Gull","Larus fuscus","L913804","Nantucket--Jackson Point","2026-01-15 14:09",1,41.2747344,-70.2025938,TRUE,FALSE,FALSE,"S294405339"
"494","lbbgul","Lesser Black-backed Gull","Larus fuscus","L6435780","Cheyenne Bottoms WA--1B & 2 Dike Rd.","2026-01-15 14:08",3,38.4616247,-98.677429,TRUE,FALSE,FALSE,"S294381162"
"495","lbbgul","Lesser Black-backed Gull","Larus fuscus","L3257879","Flight Lock Rd., Waterford boat launch","2026-01-15 14:07",1,42.8074604,-73.7144208,TRUE,FALSE,FALSE,"S294373772"
"496","lbbgul","Lesser Black-backed Gull","Larus fuscus","L2234368","Nathan Benderson Park","2026-01-15 13:45",3,27.3632302,-82.4475861,TRUE,FALSE,FALSE,"S294405906"
"497","lbbgul","Lesser Black-backed Gull","Larus fuscus","L5229238","Atlantic Point Apartments, North Bellport","2026-01-15 13:37",1,40.8020143,-72.9420265,TRUE,FALSE,FALSE,"S294368456"
"498","lbbgul","Lesser Black-backed Gull","Larus fuscus","L57248063","10433 S River Rd, Grand Rapids US-OH 41.44866, -83.78725","2026-01-15 13:20",51,41.44866,-83.787246,TRUE,TRUE,TRUE,"S294367304"
"499","lbbgul","Lesser Black-backed Gull","Larus fuscus","L15195152","Bayfront Park, Corpus Christi","2026-01-15 12:38",1,27.8051862,-97.3923955,TRUE,FALSE,FALSE,"S294368748"
"500","lbbgul","Lesser Black-backed Gull","Larus fuscus","L1269482","Buttonwood Park, New Bedford","2026-01-15 12:33",1,41.6321475,-70.9531403,TRUE,FALSE,FALSE,"S294359790"
"501","lbbgul","Lesser Black-backed Gull","Larus fuscus","L57246193","2721 S Atlantic Ave, Daytona Beach Shores US-FL 29.17887, -80.98297","2026-01-15 12:28",1,29.178872,-80.982973,TRUE,FALSE,TRUE,"S294358516"
"502","lbbgul","Lesser Black-backed Gull","Larus fuscus","L127449","Fort Zachary Taylor Historic SP","2026-01-15 12:07",2,24.5463,-81.8106,TRUE,FALSE,FALSE,"S294361766"
"503","lbbgul","Lesser Black-backed Gull","Larus fuscus","L356877","Crosswinds Marsh","2026-01-15 11:30",5,42.09504,-83.446,TRUE,TRUE,FALSE,"S294356936"
"504","lbbgul","Lesser Black-backed Gull","Larus fuscus","L3095856","VA-ISS-39","2026-01-15 11:28",18,36.65983,-75.9047771,TRUE,FALSE,FALSE,"S294358097"
"505","lbbgul","Lesser Black-backed Gull","Larus fuscus","L1399129","Northeast Philadelphia WTP","2026-01-15 11:00",2,39.9852441,-75.078599,TRUE,FALSE,FALSE,"S294393378"
"506","lbbgul","Lesser Black-backed Gull","Larus fuscus","L17291449","Ocean Drive lookout","2026-01-15 10:59",1,27.647328,-80.353805,TRUE,FALSE,TRUE,"S294538828"
"507","lbbgul","Lesser Black-backed Gull","Larus fuscus","L267812","San Jacinto Wildlife Area--Mystic Lake","2026-01-15 10:39",1,33.8839706,-117.0884961,TRUE,TRUE,FALSE,"S294383338"
"508","lbbgul","Lesser Black-backed Gull","Larus fuscus","L549315","DuPont Nature Center and Lighthouse Rd.","2026-01-15 10:15",1,38.947648,-75.314868,TRUE,FALSE,FALSE,"S294352716"
"509","lbbgul","Lesser Black-backed Gull","Larus fuscus","L1802913","Ft. Matanzas peninsula","2026-01-15 10:10",1,29.7076391,-81.2297841,TRUE,FALSE,FALSE,"S294423097"
"510","lbbgul","Lesser Black-backed Gull","Larus fuscus","L38432437","moms house","2026-01-15 10:06",8,28.1752741,-80.5897201,TRUE,FALSE,TRUE,"S294340462"
"511","lbbgul","Lesser Black-backed Gull","Larus fuscus","L4452971","Southern Shores Beach","2026-01-15 10:00",221,36.1394967,-75.7314055,TRUE,FALSE,FALSE,"S294372449"
"512","lbbgul","Lesser Black-backed Gull","Larus fuscus","L123586","Harry Harris County Park","2026-01-15 09:55",1,25.0241667,-80.495,TRUE,FALSE,FALSE,"S294350178"
"513","lbbgul","Lesser Black-backed Gull","Larus fuscus","L3095851","VA-ISS-15","2026-01-15 09:53",209,36.6127719,-75.8853149,TRUE,FALSE,FALSE,"S294348636"
"514","lbbgul","Lesser Black-backed Gull","Larus fuscus","L6843457","River Road","2026-01-15 09:43",6,40.8756871,-75.0580895,TRUE,FALSE,TRUE,"S295281349"
"515","lbbgul","Lesser Black-backed Gull","Larus fuscus","L6806746","Rocky Mountain Arsenal NWR-- East Auto Tour","2026-01-15 09:21",1,39.8271985,-104.8160441,TRUE,FALSE,FALSE,"S294360281"
"516","lbbgul","Lesser Black-backed Gull","Larus fuscus","L2803532","San Bernard NWR--Moccasin Pond Loop","2026-01-15 09:09",1,28.884594,-95.562815,TRUE,FALSE,FALSE,"S294368025"
"517","lbbgul","Lesser Black-backed Gull","Larus fuscus","L3094986","Goose Island SP--islet out from pier","2026-01-15 09:03",2,28.123237,-96.9776058,TRUE,FALSE,FALSE,"S294411280"
"518","lbbgul","Lesser Black-backed Gull","Larus fuscus","L4154794","Canaveral National Seashore","2026-01-15 08:59",1,28.6460579,-80.6774851,TRUE,FALSE,FALSE,"S294429482"
"519","lbbgul","Lesser Black-backed Gull","Larus fuscus","L9161056","Marco Island--Residents Beach","2026-01-15 08:57",1,25.9309012,-81.7290866,TRUE,FALSE,FALSE,"S294337910"
"520","lbbgul","Lesser Black-backed Gull","Larus fuscus","L4608839","Anna Maria Island--Bean Point","2026-01-15 08:45",1,27.5372054,-82.7455044,TRUE,FALSE,FALSE,"S294332011"
"521","lbbgul","Lesser Black-backed Gull","Larus fuscus","L1448019","Green Lane Park--Walt Rd.","2026-01-15 08:30",1,40.3790227,-75.4998198,TRUE,FALSE,FALSE,"S294365016"
"522","lbbgul","Lesser Black-backed Gull","Larus fuscus","L16335402","Hillcrest Beach Access","2026-01-15 08:15",31,36.145276,-75.735374,TRUE,FALSE,FALSE,"S294339885"
"523","lbbgul","Lesser Black-backed Gull","Larus fuscus","L4763024","Mountain Lake","2026-01-15 08:14",8,40.8584541,-74.9849081,TRUE,FALSE,FALSE,"S294380119"
"524","lbbgul","Lesser Black-backed Gull","Larus fuscus","L301036","San Carlos Bay/Bunche Beach Preserve","2026-01-15 08:05",1,26.476174,-81.9673795,TRUE,FALSE,FALSE,"S294340923"
"525","lbbgul","Lesser Black-backed Gull","Larus fuscus","L1353555","Sardis Lake--Sardis Dam Area","2026-01-15 08:05",1,34.4019685,-89.7864408,TRUE,FALSE,FALSE,"S294352568"
"526","lbbgul","Lesser Black-backed Gull","Larus fuscus","L127376","Lighthouse Point Park & Jetty","2026-01-15 07:41",2,29.077,-80.9211,TRUE,FALSE,FALSE,"S294361640"
"527","lbbgul","Lesser Black-backed Gull","Larus fuscus","L57239413","114 Shallotte Blvd, Ocean Isle Beach US-NC 33.89760, -78.39395","2026-01-15 07:24",9,33.897595,-78.393948,TRUE,FALSE,TRUE,"S294323617"
"528","lbbgul","Lesser Black-backed Gull","Larus fuscus","L127346","Anna Maria Island","2026-01-15 07:22",7,27.5189,-82.7263,TRUE,TRUE,FALSE,"S294349470"
"529","lbbgul","Lesser Black-backed Gull","Larus fuscus","L4433077","Cape Hatteras NS--Ramp 1","2026-01-15 07:04",8,35.8465869,-75.5637288,TRUE,FALSE,FALSE,"S294320603"
"530","lbbgul","Lesser Black-backed Gull","Larus fuscus","L57225545","321 Jimmy Buffett Memorial Highway, Fort Lauderdale, Florida, US (26.127, -80.104)","2026-01-14 18:02",2,26.1270791,-80.1040722,TRUE,FALSE,TRUE,"S294258472"
"531","lbbgul","Lesser Black-backed Gull","Larus fuscus","L6227462","Siesta Key--Beach Access 7","2026-01-14 17:24",4,27.2703128,-82.5628682,TRUE,FALSE,FALSE,"S294261574"
"532","lbbgul","Lesser Black-backed Gull","Larus fuscus","L12002984","Peacock Beach","2026-01-14 17:01",40,28.3989602,-80.5949628,TRUE,FALSE,FALSE,"S294265451"
"533","lbbgul","Lesser Black-backed Gull","Larus fuscus","L1321918","Southport Marina","2026-01-14 16:39",1,42.5833272,-87.8126049,TRUE,FALSE,FALSE,"S294826445"
"534","lbbgul","Lesser Black-backed Gull","Larus fuscus","L365370","Bodie Island--Coquina Beach","2026-01-14 16:14",3,35.82994,-75.55782,TRUE,FALSE,FALSE,"S294250325"
"535","lbbgul","Lesser Black-backed Gull","Larus fuscus","L57222614","4104 North Ocean Boulevard, Boca Raton, Florida, US (26.386, -80.067)","2026-01-14 16:03",2,26.3863864,-80.0669451,TRUE,FALSE,TRUE,"S294245323"
"536","lbbgul","Lesser Black-backed Gull","Larus fuscus","L248556","Bay City SP","2026-01-14 15:52",1,43.6700032,-83.9116268,TRUE,FALSE,FALSE,"S294247094"
"537","lbbgul","Lesser Black-backed Gull","Larus fuscus","L33359868","5560 Estero Blvd, Fort Myers Beach US-FL 26.42962, -81.91420","2026-01-14 15:44",1,26.429617,-81.914202,TRUE,FALSE,TRUE,"S294247159"
"538","lbbgul","Lesser Black-backed Gull","Larus fuscus","L3597906","Delray Beach","2026-01-14 15:30",1,26.4670195,-80.0572014,TRUE,FALSE,TRUE,"S294255625"
"539","lbbgul","Lesser Black-backed Gull","Larus fuscus","L1056678","Presque Isle SP--West Pier/Marina","2026-01-14 15:24",1,42.1532233,-80.1129055,TRUE,FALSE,FALSE,"S294271793"
"540","lbbgul","Lesser Black-backed Gull","Larus fuscus","L3475821","Mohawk River at Rt. 30A, Fultonville","2026-01-14 15:12",1,42.9497662,-74.3689366,TRUE,FALSE,FALSE,"S294257378"
"541","lbbgul","Lesser Black-backed Gull","Larus fuscus","L356881","Niagara--Upper Falls (NY)","2026-01-14 14:55",1,43.080176,-79.051164,TRUE,FALSE,FALSE,"S294235001"
"542","lbbgul","Lesser Black-backed Gull","Larus fuscus","L16951214","Margate Beach","2026-01-14 14:51",1,39.324776,-74.5007322,TRUE,FALSE,TRUE,"S294243155"
"543","lbbgul","Lesser Black-backed Gull","Larus fuscus","L57218487","Bowman's Beach Park, Sanibel US-FL 26.45991, -82.15909","2026-01-14 14:15",1,26.459913,-82.159093,TRUE,FALSE,TRUE,"S294227120"
"544","lbbgul","Lesser Black-backed Gull","Larus fuscus","L2698135","Wesley Lake","2026-01-14 14:06",1,40.2153343,-74.0086457,TRUE,FALSE,FALSE,"S294232125"
"545","lbbgul","Lesser Black-backed Gull","Larus fuscus","L26166387","Duck Research Pier (Restricted Access)","2026-01-14 13:29",2,36.182275,-75.750543,TRUE,FALSE,TRUE,"S294222967"
"546","lbbgul","Lesser Black-backed Gull","Larus fuscus","L1474564","Lake Neatahwanta","2026-01-14 13:27",1,43.3104486,-76.4293963,TRUE,TRUE,FALSE,"S294221996"
"547","lbbgul","Lesser Black-backed Gull","Larus fuscus","L6681743","Ocean Woods Beach","2026-01-14 13:10",2,28.3962893,-80.5944554,TRUE,FALSE,TRUE,"S294226047"
"548","lbbgul","Lesser Black-backed Gull","Larus fuscus","L1616913","Chincoteague NWR--Beach","2026-01-14 13:02",2,37.8800638,-75.3495458,TRUE,FALSE,FALSE,"S294228476"
"549","lbbgul","Lesser Black-backed Gull","Larus fuscus","L2415452","Fremont Reservoir","2026-01-14 13:00",2,41.323185,-83.1593907,TRUE,FALSE,FALSE,"S294244314"
"550","lbbgul","Lesser Black-backed Gull","Larus fuscus","L92448","Edwin B. Forsythe NWR--Wildlife Drive (8-mile auto tour loop only)","2026-01-14 12:53",1,39.464298,-74.417612,TRUE,FALSE,FALSE,"S295272094"
"551","lbbgul","Lesser Black-backed Gull","Larus fuscus","L333444","Peace Valley Park--Nature Center","2026-01-14 12:40",1,40.3402349,-75.1714262,TRUE,FALSE,FALSE,"S294241348"
"552","lbbgul","Lesser Black-backed Gull","Larus fuscus","L471074","Swallows Park","2026-01-14 12:40",1,46.3902208,-117.0463657,TRUE,TRUE,FALSE,"S294272487"
"553","lbbgul","Lesser Black-backed Gull","Larus fuscus","L21935437","Del Bello Park","2026-01-14 12:20",2,27.8309121,-82.8312439,TRUE,FALSE,FALSE,"S294215255"
"554","lbbgul","Lesser Black-backed Gull","Larus fuscus","L7817356","Wonder Lake--Wonder Center Park","2026-01-14 12:15",1,42.38614,-88.34845,TRUE,FALSE,FALSE,"S294222139"
"555","lbbgul","Lesser Black-backed Gull","Larus fuscus","L5407808","US-NJ-Phillipsburg-4 Union Sq - 40.6906x-75.2025","2026-01-14 11:58",22,40.690638,-75.202527,TRUE,FALSE,TRUE,"S294257397"
"556","lbbgul","Lesser Black-backed Gull","Larus fuscus","L197353","Sandy Hook","2026-01-14 11:49",1,40.4392518,-73.9869263,TRUE,FALSE,FALSE,"S294238686"
"557","lbbgul","Lesser Black-backed Gull","Larus fuscus","L1457772","Lock 6 State Canal Park, Waterford","2026-01-14 11:40",1,42.8032933,-73.7021245,TRUE,FALSE,FALSE,"S295082554"
"558","lbbgul","Lesser Black-backed Gull","Larus fuscus","L165460","Horseshoe Reservoir","2026-01-14 11:38",2,40.44303,-105.05396,TRUE,FALSE,FALSE,"S294222885"
"559","lbbgul","Lesser Black-backed Gull","Larus fuscus","L1449473","Aqua Lane Park, Town of Tonawanda WTP","2026-01-14 11:35",1,42.964301,-78.9233606,TRUE,FALSE,FALSE,"S294275358"
"560","lbbgul","Lesser Black-backed Gull","Larus fuscus","L1743452","Duck Park Boardwalk","2026-01-14 11:20",1,36.1653951,-75.7558532,TRUE,FALSE,FALSE,"S294206948"
"561","lbbgul","Lesser Black-backed Gull","Larus fuscus","L57214079","Niagara Falls State Park, Niagara Falls US-NY 43.07884, -79.06413","2026-01-14 11:20",NA,43.078842,-79.064127,TRUE,FALSE,TRUE,"S294205166"
"562","lbbgul","Lesser Black-backed Gull","Larus fuscus","L45560601","Cape May Point State Park","2026-01-14 11:16",2,38.933124,-74.960034,TRUE,FALSE,TRUE,"S294216082"
"563","lbbgul","Lesser Black-backed Gull","Larus fuscus","L275437","Sherod Park","2026-01-14 11:11",NA,41.4164233,-82.3896765,TRUE,FALSE,FALSE,"S294200426"
"564","lbbgul","Lesser Black-backed Gull","Larus fuscus","L1432939","CWMA - East","2026-01-14 10:45",24,40.6551353,-74.9525192,TRUE,FALSE,TRUE,"S294213630"
"565","lbbgul","Lesser Black-backed Gull","Larus fuscus","L28413627","Jones Crossroads Landfill","2026-01-14 10:45",11,38.5982719,-75.4374871,TRUE,FALSE,FALSE,"S294212093"
"566","lbbgul","Lesser Black-backed Gull","Larus fuscus","L859681","Forks of the Delaware","2026-01-14 10:40",16,40.6897358,-75.2046964,TRUE,FALSE,FALSE,"S294199806"
"567","lbbgul","Lesser Black-backed Gull","Larus fuscus","L127377","Smyrna Dunes Park","2026-01-14 10:33",1,29.0694,-80.9132,TRUE,FALSE,FALSE,"S294214217"
"568","lbbgul","Lesser Black-backed Gull","Larus fuscus","L285141","Prime Hook NWR--Broadkill Marsh","2026-01-14 10:30",2,38.821879,-75.217949,TRUE,FALSE,FALSE,"S294193457"
"569","lbbgul","Lesser Black-backed Gull","Larus fuscus","L637129","Conesus Lake, Vitale Park","2026-01-14 10:11",1,42.8342164,-77.7035522,TRUE,TRUE,FALSE,"S294197296"
"570","lbbgul","Lesser Black-backed Gull","Larus fuscus","L1125898","Kohl's outlot, Johnson Creek","2026-01-14 10:07",1,43.0843733,-88.7596393,TRUE,FALSE,FALSE,"S294240279"
"571","lbbgul","Lesser Black-backed Gull","Larus fuscus","L1395865","Larimer County Landfill (restricted access)","2026-01-14 10:07",5,40.5059201,-105.122544,TRUE,FALSE,FALSE,"S294221011"
"572","lbbgul","Lesser Black-backed Gull","Larus fuscus","L270001","Pine Run Reservoir","2026-01-14 10:02",1,40.3111599,-75.1759404,TRUE,FALSE,FALSE,"S294198360"
"573","lbbgul","Lesser Black-backed Gull","Larus fuscus","L473168","Cape Hatteras NS--Cape Point","2026-01-14 10:01",15,35.2234655,-75.5286026,TRUE,FALSE,FALSE,"S294210246"
"574","lbbgul","Lesser Black-backed Gull","Larus fuscus","L57214372","Big Marco Island, Marco Island US-FL 25.91119, -81.72916","2026-01-14 09:46",2,25.91119,-81.729158,TRUE,FALSE,TRUE,"S294206588"
"575","lbbgul","Lesser Black-backed Gull","Larus fuscus","L57190193","Fort Lauderdale Public Beach","2026-01-14 09:31",1,26.108429,-80.105141,TRUE,FALSE,TRUE,"S294185009"
"576","lbbgul","Lesser Black-backed Gull","Larus fuscus","L627741","Spruce Run Reservoir--Boat Launch","2026-01-14 09:31",65,40.6610593,-74.9255991,TRUE,FALSE,FALSE,"S294207000"
"577","lbbgul","Lesser Black-backed Gull","Larus fuscus","L718378","Chincoteague NWR* (general area)","2026-01-14 09:29",1,37.9106228,-75.3479719,TRUE,FALSE,FALSE,"S294351288"
"578","lbbgul","Lesser Black-backed Gull","Larus fuscus","L2506360","Bend View Metropark","2026-01-14 09:18",6,41.4498238,-83.7936278,TRUE,FALSE,FALSE,"S294184646"
"579","lbbgul","Lesser Black-backed Gull","Larus fuscus","L129090","Sea Rim SP (UTC 027)","2026-01-14 09:04",1,29.6755873,-94.0421026,TRUE,FALSE,FALSE,"S294281036"
"580","lbbgul","Lesser Black-backed Gull","Larus fuscus","L1487712","Bay Ave (Swan Lake), Surfside","2026-01-14 09:00",1,28.9773708,-95.2651151,TRUE,FALSE,FALSE,"S294190891"
"581","lbbgul","Lesser Black-backed Gull","Larus fuscus","L468881","Pickering Ponds, Rochester","2026-01-14 08:45",1,43.2540489,-70.9587622,TRUE,FALSE,FALSE,"S294219968"
"582","lbbgul","Lesser Black-backed Gull","Larus fuscus","L57210848","Auto selected 28.95144, -95.28309","2026-01-14 08:41",1,28.951437,-95.283092,TRUE,FALSE,TRUE,"S294189453"
"583","lbbgul","Lesser Black-backed Gull","Larus fuscus","L852362","Patchogue Lake","2026-01-14 08:26",2,40.7684842,-73.0212522,TRUE,FALSE,FALSE,"S294172245"
"584","lbbgul","Lesser Black-backed Gull","Larus fuscus","L26521627","Assorted Docks and Pilings","2026-01-14 08:14",60,28.3572898,-80.7226604,TRUE,FALSE,TRUE,"S294269127"
"585","lbbgul","Lesser Black-backed Gull","Larus fuscus","L860797","Wheeler NWR--Limestone Bay/Arrowhead Landing (NABT 23)","2026-01-14 07:26",1,34.6020512,-86.8920535,TRUE,FALSE,FALSE,"S294208008"
"586","lbbgul","Lesser Black-backed Gull","Larus fuscus","L39842129","IRL — Clam Leases (and Vicinity)","2026-01-14 07:25",30,27.822212,-80.452167,TRUE,FALSE,TRUE,"S295150946"
"587","lbbgul","Lesser Black-backed Gull","Larus fuscus","L15740980","Onslow Beach ISS","2026-01-14 07:17",1,34.545386,-77.310067,TRUE,FALSE,TRUE,"S294176503"
"588","lbbgul","Lesser Black-backed Gull","Larus fuscus","L2445730","Sandy Hook--C Lot & Beach","2026-01-14 07:11",1,40.4173516,-73.9810753,TRUE,FALSE,FALSE,"S294246879"
"589","lbbgul","Lesser Black-backed Gull","Larus fuscus","L1133325","Port Orange Causeway Park","2026-01-14 06:58",1,29.147495,-80.9769201,TRUE,FALSE,FALSE,"S294166367"
"590","lbbgul","Lesser Black-backed Gull","Larus fuscus","L10457151","Naples Beach 3rd Ave. N","2026-01-13 17:27",2,26.1491089,-81.8084314,TRUE,FALSE,TRUE,"S294100793"
"591","lbbgul","Lesser Black-backed Gull","Larus fuscus","L9805331","Little Beach","2026-01-13 16:42",3,41.3986081,-70.5077648,TRUE,FALSE,FALSE,"S294182114"
"592","lbbgul","Lesser Black-backed Gull","Larus fuscus","L99381","Stewart Park","2026-01-13 16:40",1,42.460791,-76.5068525,TRUE,FALSE,FALSE,"S294091942"
"593","lbbgul","Lesser Black-backed Gull","Larus fuscus","L471158","Manatee Hammock RV Park","2026-01-13 16:31",1,28.504836,-80.779531,TRUE,FALSE,FALSE,"S294094920"
"594","lbbgul","Lesser Black-backed Gull","Larus fuscus","L832502","Cold Spring Harbor Park","2026-01-13 16:22",2,40.8697486,-73.4618962,TRUE,FALSE,FALSE,"S294289154"
"595","lbbgul","Lesser Black-backed Gull","Larus fuscus","L654983","Colonial Parkway--College Creek","2026-01-13 15:50",2,37.2195813,-76.6987324,TRUE,FALSE,FALSE,"S294100569"
"596","lbbgul","Lesser Black-backed Gull","Larus fuscus","L834654","Sodus Point beach and channel area","2026-01-13 15:39",1,43.2748307,-76.9732189,TRUE,FALSE,FALSE,"S294080732"
"597","lbbgul","Lesser Black-backed Gull","Larus fuscus","L17625860","Marco Island beach","2026-01-13 15:32",1,25.940572,-81.740134,TRUE,FALSE,TRUE,"S294079886"
"598","lbbgul","Lesser Black-backed Gull","Larus fuscus","L57197931","13290 Exeter Rd, Carleton US-MI 42.06814, -83.42016","2026-01-13 15:31",1,42.068142,-83.420156,TRUE,FALSE,TRUE,"S294125103"
"599","lbbgul","Lesser Black-backed Gull","Larus fuscus","L385644","Standley Lake Park--north shore","2026-01-13 15:25",3,39.8739445,-105.1244831,TRUE,FALSE,FALSE,"S294105841"
"600","lbbgul","Lesser Black-backed Gull","Larus fuscus","L13682448","NY:TOM:Ithaca: Stewart Pk: shore: W end","2026-01-13 14:53",1,42.4610029,-76.5071165,TRUE,FALSE,TRUE,"S294121021"
"601","lbbgul","Lesser Black-backed Gull","Larus fuscus","L1441520","Robert Benson Lake","2026-01-13 14:50",2,40.486594,-105.074087,TRUE,FALSE,FALSE,"S294095146"
"602","lbbgul","Lesser Black-backed Gull","Larus fuscus","L9034845","Rocky Mountain Arsenal NWR--Wildlife Drive","2026-01-13 14:43",1,39.8537552,-104.8238524,TRUE,FALSE,FALSE,"S294117508"
"603","lbbgul","Lesser Black-backed Gull","Larus fuscus","L35580943","Uptown Hoboken Waterfront","2026-01-13 14:32",1,40.75426,-74.024515,TRUE,TRUE,TRUE,"S294108481"
"604","lbbgul","Lesser Black-backed Gull","Larus fuscus","L2791887","Nockamixon SP--Fishing Pier","2026-01-13 14:28",5,40.4562052,-75.2357054,TRUE,FALSE,FALSE,"S294102175"
"605","lbbgul","Lesser Black-backed Gull","Larus fuscus","L1116841","Shenango Reservoir--Golden Run","2026-01-13 14:25",1,41.2882552,-80.3917694,TRUE,TRUE,FALSE,"S294089216"
"606","lbbgul","Lesser Black-backed Gull","Larus fuscus","L673065","SE Chester Co. Refuse Authority (SECCRA) (restricted access)","2026-01-13 14:14",1,39.8654795,-75.844202,TRUE,FALSE,FALSE,"S294070238"
"607","lbbgul","Lesser Black-backed Gull","Larus fuscus","L815337","Sanibel Island Beach","2026-01-13 14:14",3,26.4219662,-82.0801449,TRUE,FALSE,FALSE,"S294166827"
"608","lbbgul","Lesser Black-backed Gull","Larus fuscus","L298919","Johnson Park","2026-01-13 13:45",1,40.5105038,-74.4556133,TRUE,FALSE,FALSE,"S294092969"
"609","lbbgul","Lesser Black-backed Gull","Larus fuscus","L10874116","Sandy Hook--Lot I, Proving Grounds, and North Beach Pavillion","2026-01-13 13:34",1,40.4670489,-73.9983956,TRUE,FALSE,FALSE,"S294070462"
"610","lbbgul","Lesser Black-backed Gull","Larus fuscus","L2480164","Franklin D. Roosevelt Boardwalk and Beach--Ocean Breeze Fishing Pier","2026-01-13 13:29",1,40.5790814,-74.0748311,TRUE,FALSE,FALSE,"S294114108"
"611","lbbgul","Lesser Black-backed Gull","Larus fuscus","L5949471","Mustang Island SP--Fish Pass area","2026-01-13 12:46",1,27.6821308,-97.1704675,TRUE,FALSE,FALSE,"S294077334"
"612","lbbgul","Lesser Black-backed Gull","Larus fuscus","L2023918","Mustang Island SP--Corpus Christi Bay side","2026-01-13 12:40",1,27.6920404,-97.1850586,TRUE,FALSE,FALSE,"S294073869"
"613","lbbgul","Lesser Black-backed Gull","Larus fuscus","L1133976","Kiptopeke SP--Fishing Pier","2026-01-13 12:29",2,37.1666606,-75.9883332,TRUE,FALSE,FALSE,"S294090205"
"614","lbbgul","Lesser Black-backed Gull","Larus fuscus","L460674","Sayreville Marsh (Ken Buchanan Riverfront Park)","2026-01-13 12:28",1,40.4745545,-74.3558121,TRUE,FALSE,FALSE,"S294079603"
"615","lbbgul","Lesser Black-backed Gull","Larus fuscus","L2430705","Lakefront Reservation--Edgewater Park Perkins Beach Overlook","2026-01-13 12:13",1,41.48868,-81.751026,TRUE,FALSE,FALSE,"S294050327"
"616","lbbgul","Lesser Black-backed Gull","Larus fuscus","L358766","Lakefront Reservation--Edgewater Park","2026-01-13 12:03",1,41.4888901,-81.7376697,TRUE,FALSE,FALSE,"S294164869"
"617","lbbgul","Lesser Black-backed Gull","Larus fuscus","L2109139","Grand Central Landfill","2026-01-13 11:55",300,40.8521634,-75.2600437,TRUE,FALSE,FALSE,"S294129664"
"618","lbbgul","Lesser Black-backed Gull","Larus fuscus","L5776772","Towpath Park","2026-01-13 11:13",1,41.5583025,-83.6508843,TRUE,FALSE,FALSE,"S294038483"
"619","lbbgul","Lesser Black-backed Gull","Larus fuscus","L57183038","Pueblo Reservoir Dam Access","2026-01-13 10:56",4,38.2539473,-104.7281557,TRUE,FALSE,TRUE,"S294056411"
"620","lbbgul","Lesser Black-backed Gull","Larus fuscus","L635901","Arden Ave. Beach","2026-01-13 10:51",1,40.5276639,-74.1605043,TRUE,FALSE,FALSE,"S294031884"
"621","lbbgul","Lesser Black-backed Gull","Larus fuscus","L247682","Lake Takanassee","2026-01-13 10:49",1,40.2768004,-73.9879772,TRUE,FALSE,FALSE,"S294031433"
"622","lbbgul","Lesser Black-backed Gull","Larus fuscus","L8455242","Community Beach Park","2026-01-13 10:39",7,36.9503317,-76.2452476,TRUE,FALSE,FALSE,"S294034554"
"623","lbbgul","Lesser Black-backed Gull","Larus fuscus","L619182","Lakefront Reservation--East 55th St. Marina","2026-01-13 10:30",1,41.5327401,-81.6503048,TRUE,FALSE,FALSE,"S294029692"
"624","lbbgul","Lesser Black-backed Gull","Larus fuscus","L388494","Lake St. Clair Metropark (Metro Beach Metropark)","2026-01-13 10:21",2,42.5796301,-82.8032684,TRUE,FALSE,FALSE,"S294048453"
"625","lbbgul","Lesser Black-backed Gull","Larus fuscus","L132239","CBBT--North Chesapeake Island (#4)","2026-01-13 10:16",2,37.0465759,-76.0621288,TRUE,FALSE,FALSE,"S294056017"
"626","lbbgul","Lesser Black-backed Gull","Larus fuscus","L2141651","Valmont Overlook (Legion Park)","2026-01-13 10:07",1,40.016268,-105.1891619,TRUE,FALSE,FALSE,"S294051601"
"627","lbbgul","Lesser Black-backed Gull","Larus fuscus","L57325651","Unity Island - Broderick Park","2026-01-13 10:00",2,42.9155589,-78.9032881,TRUE,FALSE,TRUE,"S294728966"
"628","lbbgul","Lesser Black-backed Gull","Larus fuscus","L448001","Fort Pulaski NM","2026-01-13 09:25",3,32.0286983,-80.8897483,TRUE,FALSE,FALSE,"S294077643"
"629","lbbgul","Lesser Black-backed Gull","Larus fuscus","L9842479","New Smyrna Beach","2026-01-13 09:21",1,29.0137433,-80.8807789,TRUE,FALSE,FALSE,"S294062253"
"630","lbbgul","Lesser Black-backed Gull","Larus fuscus","L373257","Fort Bend Co.--Davis Estates rd. area","2026-01-13 09:02",3,29.3923821,-95.7195781,TRUE,FALSE,FALSE,"S294046411"
"631","lbbgul","Lesser Black-backed Gull","Larus fuscus","L468299","Perry SP--Jefferson Point SP","2026-01-13 08:53",1,39.1402463,-95.4863834,TRUE,FALSE,FALSE,"S294076282"
"632","lbbgul","Lesser Black-backed Gull","Larus fuscus","L1819116","Eastport Marina","2026-01-13 08:26",1,40.6952985,-89.5437528,TRUE,FALSE,FALSE,"S294019290"
"633","lbbgul","Lesser Black-backed Gull","Larus fuscus","L57196490","8996 Old A1A, St. Augustine, Florida, US (29.701, -81.225)","2026-01-13 08:19",1,29.7008803,-81.2246923,TRUE,FALSE,TRUE,"S294118118"
"634","lbbgul","Lesser Black-backed Gull","Larus fuscus","L57186741","1695–2143 Mt Carmel Rd, Camden US-TN 36.05880, -88.14891","2026-01-13 08:05",2,36.058799,-88.148908,TRUE,FALSE,TRUE,"S294072686"
"635","lbbgul","Lesser Black-backed Gull","Larus fuscus","L778549","Cape Henlopen Hawk Watch","2026-01-13 07:57",10,38.7882952,-75.0887686,TRUE,FALSE,FALSE,"S294008394"
"636","lbbgul","Lesser Black-backed Gull","Larus fuscus","L392029","Jamaica Pond","2026-01-13 07:37",1,42.3171461,-71.1202526,TRUE,TRUE,FALSE,"S294000674"
"637","lbbgul","Lesser Black-backed Gull","Larus fuscus","L1161851","Trammell Crow Park","2026-01-13 07:13",1,32.7909291,-96.834567,TRUE,FALSE,FALSE,"S294011026"
"638","lbbgul","Lesser Black-backed Gull","Larus fuscus","L57182700","4068 Golden Hill Road, Church Creek, Maryland, US (38.45, -76.136)","2026-01-13 07:11",3,38.4503442,-76.1360487,TRUE,FALSE,TRUE,"S294054683"
"639","lbbgul","Lesser Black-backed Gull","Larus fuscus","L18055570","3345 West Gulf Drive, Sanibel, Florida, US (26.427, -82.103)","2026-01-12 16:51",1,26.426823,-82.1029914,TRUE,FALSE,TRUE,"S293935419"
"640","lbbgul","Lesser Black-backed Gull","Larus fuscus","L3535307","IRCO Sebastian - Riverview Park pier","2026-01-12 16:44",90,27.8089314,-80.4617214,TRUE,TRUE,TRUE,"S293953611"
"641","lbbgul","Lesser Black-backed Gull","Larus fuscus","L6794078","Chesapeake Bay Mouth (Virginia Beach)","2026-01-12 16:44",NA,36.9596999,-76.0736704,TRUE,FALSE,FALSE,"S293928552"
"642","lbbgul","Lesser Black-backed Gull","Larus fuscus","L1902982","Brooklyn Bridge Park","2026-01-12 16:39",1,40.6996104,-73.9973745,TRUE,TRUE,FALSE,"S294123440"
"643","lbbgul","Lesser Black-backed Gull","Larus fuscus","L938752","Clear Fork Reservoir--East (Richland Co.)","2026-01-12 16:35",1,40.6999672,-82.610621,TRUE,FALSE,FALSE,"S293938071"
"644","lbbgul","Lesser Black-backed Gull","Larus fuscus","L31158174","Brazoria National Wildlife Refuge, Freeport US-TX 29.03798, -95.26797","2026-01-12 16:25",5,29.037984,-95.267967,TRUE,FALSE,TRUE,"S293942985"
"645","lbbgul","Lesser Black-backed Gull","Larus fuscus","L1435952","Otsego Park","2026-01-12 16:25",6,41.4453803,-83.7857383,TRUE,FALSE,FALSE,"S293958455"
"646","lbbgul","Lesser Black-backed Gull","Larus fuscus","L3879290","Bayside Marina (Queens Co.)","2026-01-12 16:05",1,40.7796112,-73.767905,TRUE,FALSE,FALSE,"S293943081"
"647","lbbgul","Lesser Black-backed Gull","Larus fuscus","L7313215","Lake McConaughy--Martin Bay","2026-01-12 15:39",4,41.2443413,-101.6830212,TRUE,FALSE,FALSE,"S293941180"
"648","lbbgul","Lesser Black-backed Gull","Larus fuscus","L658435","White Rock Lake--Sunset Bay area","2026-01-12 14:52",1,32.8337313,-96.7121315,TRUE,FALSE,FALSE,"S293923274"
"649","lbbgul","Lesser Black-backed Gull","Larus fuscus","L248904","Pipe Creek Wildlife Area","2026-01-12 14:51",1,41.4519119,-82.6673641,TRUE,FALSE,FALSE,"S293916596"
"650","lbbgul","Lesser Black-backed Gull","Larus fuscus","L275432","Cedar Point Chaussee (restricted access)","2026-01-12 14:34",1,41.4292122,-82.6223139,TRUE,FALSE,FALSE,"S293910223"
"651","lbbgul","Lesser Black-backed Gull","Larus fuscus","L2074515","Bolivar Flats Shorebird Survey Start","2026-01-12 14:26",1,29.3794826,-94.7245502,TRUE,FALSE,FALSE,"S293925483"
"652","lbbgul","Lesser Black-backed Gull","Larus fuscus","L139835","Lake Erie Metropark","2026-01-12 14:15",1,42.0691986,-83.1941986,TRUE,FALSE,FALSE,"S294106570"
"653","lbbgul","Lesser Black-backed Gull","Larus fuscus","L6669021","Punderson SP--Stump Lake","2026-01-12 14:15",1,41.4631994,-81.2036258,TRUE,FALSE,FALSE,"S293938814"
"654","lbbgul","Lesser Black-backed Gull","Larus fuscus","L207674","Amherst SP (formerly Glen Park)","2026-01-12 14:08",2,42.9703531,-78.7483286,TRUE,FALSE,FALSE,"S293963200"
"655","lbbgul","Lesser Black-backed Gull","Larus fuscus","L39728949","Auto selected 27.63465, -82.70073","2026-01-12 13:57",2,27.634647,-82.700733,TRUE,FALSE,TRUE,"S293903296"
"656","lbbgul","Lesser Black-backed Gull","Larus fuscus","L22052292","Harbor Towne Beach","2026-01-12 13:52",1,43.229924,-86.32621,TRUE,FALSE,TRUE,"S293907917"
"657","lbbgul","Lesser Black-backed Gull","Larus fuscus","L3124029","Seneca County Landfill (restricted access)","2026-01-12 13:45",3,41.0973609,-83.410954,TRUE,TRUE,FALSE,"S293906406"
"658","lbbgul","Lesser Black-backed Gull","Larus fuscus","L605849","Prendergast Point, Chautauqua Lake","2026-01-12 13:25",1,42.1892758,-79.4411194,TRUE,FALSE,FALSE,"S293948645"
"659","lbbgul","Lesser Black-backed Gull","Larus fuscus","L6101062","Safety Harbor Waterfront Park","2026-01-12 13:24",1,27.9913611,-82.6845217,TRUE,FALSE,FALSE,"S293899779"
"660","lbbgul","Lesser Black-backed Gull","Larus fuscus","L339612","Runyon/Fountain Lakes SWA","2026-01-12 13:12",1,38.2541642,-104.5999396,TRUE,FALSE,FALSE,"S293920731"
"661","lbbgul","Lesser Black-backed Gull","Larus fuscus","L937945","Pelican Bay Beach","2026-01-12 13:07",1,26.2353799,-81.8199921,TRUE,FALSE,TRUE,"S293894909"
"662","lbbgul","Lesser Black-backed Gull","Larus fuscus","L19223858","2800–2812 Whiskey Island Dr, Cleveland US-OH 41.49954, -81.71118","2026-01-12 13:04",5,41.499543,-81.711178,TRUE,FALSE,TRUE,"S293905592"
"663","lbbgul","Lesser Black-backed Gull","Larus fuscus","L2489276","Chickamauga Lake--Pecan Point Boat Launch","2026-01-12 13:00",1,35.1400901,-85.162797,TRUE,FALSE,FALSE,"S294073302"
"664","lbbgul","Lesser Black-backed Gull","Larus fuscus","L12160921","Mattakesett Boat Ramp","2026-01-12 12:54",1,41.3528424,-70.4989885,TRUE,FALSE,FALSE,"S293918589"
"665","lbbgul","Lesser Black-backed Gull","Larus fuscus","L452846","Lambert's Point","2026-01-12 12:53",1,36.8854905,-76.3215709,TRUE,FALSE,FALSE,"S293898527"
"666","lbbgul","Lesser Black-backed Gull","Larus fuscus","L3172228","Land Between the Lakes (Trigg Co.)--Devil's Elbow Area","2026-01-12 12:53",1,36.793842,-87.9888346,TRUE,FALSE,FALSE,"S293905595"
"667","lbbgul","Lesser Black-backed Gull","Larus fuscus","L1313904","Tacky Jack's","2026-01-12 12:27",1,30.2325968,-87.9943943,TRUE,FALSE,TRUE,"S293907825"
"668","lbbgul","Lesser Black-backed Gull","Larus fuscus","L2060914","Black Rock Canal Park","2026-01-12 12:02",1,42.9454907,-78.9093792,TRUE,FALSE,FALSE,"S295268423"
"669","lbbgul","Lesser Black-backed Gull","Larus fuscus","L567433","Mission River Flats (CTC 042)","2026-01-12 12:00",1,28.1904942,-97.2153354,TRUE,TRUE,FALSE,"S293895805"
"670","lbbgul","Lesser Black-backed Gull","Larus fuscus","L57149626","280 State Park Road, Apex, North Carolina, US (35.728, -79.035)Left Side Of Beach Straight Out From The Rest Rooms.","2026-01-12 11:50",2,35.7282869,-79.0351163,TRUE,TRUE,TRUE,"S293892812"
"671","lbbgul","Lesser Black-backed Gull","Larus fuscus","L18088918","Aurora Reservoir--Dam and North Side","2026-01-12 11:45",1,39.6187223,-104.6537299,TRUE,FALSE,FALSE,"S293913436"
"672","lbbgul","Lesser Black-backed Gull","Larus fuscus","L57147651","24030 Front St, Grand Rapids US-OH 41.41342, -83.86508","2026-01-12 11:44",4,41.413421,-83.865082,TRUE,FALSE,TRUE,"S293882451"
"673","lbbgul","Lesser Black-backed Gull","Larus fuscus","L8480636","Benton County Sanitary Landfill","2026-01-12 11:17",4,36.0561187,-88.1414634,TRUE,TRUE,FALSE,"S293953418"
"674","lbbgul","Lesser Black-backed Gull","Larus fuscus","L784803","Allens Pond WS--Beach Loop (Mass Audubon)","2026-01-12 11:11",1,41.5070668,-71.023618,TRUE,FALSE,FALSE,"S293883474"
"675","lbbgul","Lesser Black-backed Gull","Larus fuscus","L2036486","Unity Island--North End","2026-01-12 11:06",1,42.9321075,-78.9062977,TRUE,FALSE,FALSE,"S293931463"
"676","lbbgul","Lesser Black-backed Gull","Larus fuscus","L449476","Nelson Field, Plymouth","2026-01-12 10:30",1,41.9676273,-70.6720448,TRUE,FALSE,FALSE,"S294026876"
"677","lbbgul","Lesser Black-backed Gull","Larus fuscus","L1268096","Cape Hatteras NS--Oregon Inlet Beach (North)","2026-01-12 10:20",10,35.7885764,-75.5361557,TRUE,FALSE,FALSE,"S293962354"
"678","lbbgul","Lesser Black-backed Gull","Larus fuscus","L29510693","Colorado State University - Foothill Campus, Fort Collins US-CO 40.57822, -105.14559","2026-01-12 10:19",1,40.578223,-105.145589,TRUE,FALSE,TRUE,"S293889623"
"679","lbbgul","Lesser Black-backed Gull","Larus fuscus","L576379","Holland SP","2026-01-12 10:16",1,42.7753544,-86.2095236,TRUE,FALSE,FALSE,"S293871991"
"680","lbbgul","Lesser Black-backed Gull","Larus fuscus","L810122","Chincoteague NWR--Toms Cove Visitor Center","2026-01-12 10:14",1,37.890028,-75.3449035,TRUE,FALSE,FALSE,"S293874408"
"681","lbbgul","Lesser Black-backed Gull","Larus fuscus","L843240","Little Creek Channel (Virginia Beach)","2026-01-12 10:00",1,36.9286852,-76.1758089,TRUE,FALSE,FALSE,"S293866938"
"682","lbbgul","Lesser Black-backed Gull","Larus fuscus","L248057","Pte. Mouillee SGA (permit required Sep 1-Dec 31)","2026-01-12 09:42",1,42.0364452,-83.2114657,TRUE,FALSE,FALSE,"S293906814"
"683","lbbgul","Lesser Black-backed Gull","Larus fuscus","L279820","Muskegon Wastewater System","2026-01-12 09:41",1,43.2511023,-86.037524,TRUE,FALSE,FALSE,"S293872808"
"684","lbbgul","Lesser Black-backed Gull","Larus fuscus","L6435781","Cheyenne Bottoms WA--1C & 2 Dike Rd.","2026-01-12 09:07",1,38.4789255,-98.6633857,TRUE,FALSE,FALSE,"S293876851"
"685","lbbgul","Lesser Black-backed Gull","Larus fuscus","L57142624","4701 South Virginia Dare Trail, Nags Head, North Carolina, US (35.945, -75.617)","2026-01-12 09:06",NA,35.9451135,-75.6168382,TRUE,FALSE,TRUE,"S293855202"
"686","lbbgul","Lesser Black-backed Gull","Larus fuscus","L57157536","Matanzas Inlet - south bank","2026-01-12 09:05",6,29.7035088,-81.2255707,TRUE,FALSE,TRUE,"S293932711"
"687","lbbgul","Lesser Black-backed Gull","Larus fuscus","L10509100","11th View Street Public Beach Access","2026-01-12 09:02",1,36.968393,-76.2811099,TRUE,FALSE,FALSE,"S293860856"
"688","lbbgul","Lesser Black-backed Gull","Larus fuscus","L918348","Niagara Falls SP","2026-01-12 09:00",8,43.0863978,-79.0690431,TRUE,FALSE,FALSE,"S293925389"
"689","lbbgul","Lesser Black-backed Gull","Larus fuscus","L225644","Holt Paradise Pond, Port Aransas","2026-01-12 08:58",1,27.8342117,-97.0720157,TRUE,FALSE,FALSE,"S293875118"
"690","lbbgul","Lesser Black-backed Gull","Larus fuscus","L6640069","Crosswinds Marsh","2026-01-12 08:58",3,42.0959934,-83.4424067,TRUE,FALSE,TRUE,"S293861582"
"691","lbbgul","Lesser Black-backed Gull","Larus fuscus","L338428","Indian Point (CTC 073)","2026-01-12 08:57",1,27.8525492,-97.3559312,TRUE,FALSE,FALSE,"S293959234"
"692","lbbgul","Lesser Black-backed Gull","Larus fuscus","L236227","Manasquan Inlet (Ocean Co.)","2026-01-12 08:36",1,40.1019338,-74.0346071,TRUE,FALSE,FALSE,"S293920608"
"693","lbbgul","Lesser Black-backed Gull","Larus fuscus","L1170039","KY Dam","2026-01-12 08:35",1,37.0101151,-88.2723684,TRUE,FALSE,FALSE,"S293863299"
"694","lbbgul","Lesser Black-backed Gull","Larus fuscus","L127437","Everglades NP--Snake Bight Trail","2026-01-12 08:27",1,25.1876968,-80.8741825,TRUE,FALSE,FALSE,"S293947763"
"695","lbbgul","Lesser Black-backed Gull","Larus fuscus","L1833507","Ottawa River Interpretive Trail","2026-01-12 08:12",NA,41.7083609,-83.5059804,TRUE,FALSE,FALSE,"S293848889"
"696","lbbgul","Lesser Black-backed Gull","Larus fuscus","L57198823","Kaw Lake, Sarge Creek Area","2026-01-12 08:04",5,36.764014,-96.812643,TRUE,FALSE,TRUE,"S294128809"
"697","lbbgul","Lesser Black-backed Gull","Larus fuscus","L5116637","Lake Carl Blackwell--Dam","2026-01-12 08:02",4,36.1359512,-97.191292,TRUE,FALSE,FALSE,"S293872195"
"698","lbbgul","Lesser Black-backed Gull","Larus fuscus","L189368","Conowingo Dam (Harford Co.)","2026-01-12 08:00",2,39.654346,-76.17431,TRUE,FALSE,FALSE,"S293944898"
"699","lbbgul","Lesser Black-backed Gull","Larus fuscus","L12332761","Lake Ogallala--Keystone Dam","2026-01-12 07:50",6,41.2113453,-101.6360178,TRUE,FALSE,FALSE,"S293885861"
"700","lbbgul","Lesser Black-backed Gull","Larus fuscus","L130673","Clear Spring Ranch","2026-01-12 07:44",1,38.6126414,-104.6770847,TRUE,FALSE,FALSE,"S293889383"
"701","lbbgul","Lesser Black-backed Gull","Larus fuscus","L57146638","1515 1st Street North, Jacksonville Beach, Florida, US (30.303, -81.392)","2026-01-12 07:38",1,30.3027372,-81.3916166,TRUE,FALSE,TRUE,"S293876817"
"702","lbbgul","Lesser Black-backed Gull","Larus fuscus","L3088886","Sledd Creek Boat Ramp","2026-01-12 07:35",5,36.9650715,-88.2834445,TRUE,FALSE,FALSE,"S293858326"
"703","lbbgul","Lesser Black-backed Gull","Larus fuscus","L4162948","Veteran's Memorial Park","2026-01-12 07:11",1,28.3553837,-80.6832933,TRUE,FALSE,TRUE,"S293860244"
"704","lbbgul","Lesser Black-backed Gull","Larus fuscus","L13850487","Nebr Game and Parks, Ogallala, Nebraska, US (41.225, -101.661)","2026-01-12 07:03",1,41.2250845,-101.6609847,TRUE,FALSE,TRUE,"S293856981"
"705","lbbgul","Lesser Black-backed Gull","Larus fuscus","L57098567","8031 S Old Oregon Inlet Rd, Nags Head US-NC 35.90624, -75.59452","2026-01-12 06:58",3,35.906239,-75.594518,TRUE,FALSE,TRUE,"S293841459"
"706","lbbgul","Lesser Black-backed Gull","Larus fuscus","L5598700","Penn Warner Tract General Area (restricted access)","2026-01-12 06:48",NA,40.1508659,-74.779011,TRUE,FALSE,FALSE,"S293959929"
"707","lbbgul","Lesser Black-backed Gull","Larus fuscus","L57128352","North Atlantic Ocean US-FL (29.7044,-81.2255)","2026-01-11 17:32",10,29.704405,-81.22546,TRUE,FALSE,TRUE,"S293786937"
"708","lbbgul","Lesser Black-backed Gull","Larus fuscus","L57127557","Claude R McMillan Bridge, Columbia US-SC 33.98840, -81.04558","2026-01-11 17:20",1,33.988404,-81.045583,TRUE,TRUE,TRUE,"S293783183"
"709","lbbgul","Lesser Black-backed Gull","Larus fuscus","L57131092","308 Granby Crossing, Cayce US-SC (33.9896,-81.0488)","2026-01-11 16:55",1,33.98963,-81.04879,TRUE,TRUE,TRUE,"S293800005"
"710","lbbgul","Lesser Black-backed Gull","Larus fuscus","L838938","Sunshine Skyway Bridge--South Rest Area","2026-01-11 16:38",2,27.5843721,-82.6137114,TRUE,FALSE,FALSE,"S293768942"
"711","lbbgul","Lesser Black-backed Gull","Larus fuscus","L57124497","North Palm Beach Community Center, North Palm Beach US-FL 26.83199, -80.07038","2026-01-11 16:30",2,26.83199,-80.070382,TRUE,FALSE,TRUE,"S293768599"
"712","lbbgul","Lesser Black-backed Gull","Larus fuscus","L1475165","Blue Marsh Lake SRA--State Hill Boat Launch","2026-01-11 16:05",1,40.3690233,-76.0439391,TRUE,FALSE,FALSE,"S293806326"
"713","lbbgul","Lesser Black-backed Gull","Larus fuscus","L4740631","Old Stone Chimney","2026-01-11 16:00",1,43.0790833,-79.0451932,TRUE,FALSE,FALSE,"S293767900"
"714","lbbgul","Lesser Black-backed Gull","Larus fuscus","L3999097","Brevard: HarborPointe--------7","2026-01-11 16:00",1,28.6160777,-80.8039927,TRUE,FALSE,TRUE,"S293779916"
"715","lbbgul","Lesser Black-backed Gull","Larus fuscus","L1340805","Joline Ave. Beach","2026-01-11 15:46",1,40.5011224,-74.2331594,TRUE,FALSE,FALSE,"S293757161"
"716","lbbgul","Lesser Black-backed Gull","Larus fuscus","L16067383","Messer Street boat ramp, Laconia","2026-01-11 15:45",1,43.5370078,-71.4682859,TRUE,TRUE,TRUE,"S293919792"
"717","lbbgul","Lesser Black-backed Gull","Larus fuscus","L1977771","Opechee Bay-- South End","2026-01-11 15:45",1,43.5384383,-71.4693046,TRUE,TRUE,FALSE,"S293755438"
"718","lbbgul","Lesser Black-backed Gull","Larus fuscus","L1846994","Brandenburg Park","2026-01-11 15:40",1,42.6660456,-82.7581935,TRUE,FALSE,FALSE,"S293753615"
"719","lbbgul","Lesser Black-backed Gull","Larus fuscus","L27439746","75th St And Ocean Terrace, Miami Beach, Florida, US (25.861, -80.119)","2026-01-11 15:35",1,25.8608793,-80.1189269,TRUE,FALSE,TRUE,"S293801826"
"720","lbbgul","Lesser Black-backed Gull","Larus fuscus","L1188619","Opechee Bay, Laconia","2026-01-11 15:30",1,43.5441933,-71.4721584,TRUE,TRUE,FALSE,"S293752386"
"721","lbbgul","Lesser Black-backed Gull","Larus fuscus","L5535905","Selfridge Public Boat Launch","2026-01-11 15:24",1,42.6305798,-82.8199325,TRUE,FALSE,FALSE,"S293746977"
"722","lbbgul","Lesser Black-backed Gull","Larus fuscus","L1928950","Harrison Bay SP--Day Use Area","2026-01-11 15:24",1,35.1587914,-85.1073446,TRUE,FALSE,FALSE,"S293747052"
"723","lbbgul","Lesser Black-backed Gull","Larus fuscus","L57037415","Love’s Travel Stop, Wilmington US-IL","2026-01-11 15:21",3,41.325436,-88.133691,TRUE,TRUE,TRUE,"S293810821"
"724","lbbgul","Lesser Black-backed Gull","Larus fuscus","L1025772","Glen Foerd on the Delaware","2026-01-11 15:09",2,40.0518785,-74.9800801,TRUE,FALSE,FALSE,"S294817104"
"725","lbbgul","Lesser Black-backed Gull","Larus fuscus","L416744","Barnegat Inlet","2026-01-11 14:50",1,39.7594493,-74.0930919,TRUE,FALSE,FALSE,"S293754630"
"726","lbbgul","Lesser Black-backed Gull","Larus fuscus","L1006145","Dodge Brothers No. 4 SP","2026-01-11 14:48",1,42.6143648,-83.3712101,TRUE,FALSE,FALSE,"S293807715"
"727","lbbgul","Lesser Black-backed Gull","Larus fuscus","L773790","Pahokee Marina (Lake Okeechobee)","2026-01-11 14:45",1,26.8250665,-80.6676292,TRUE,FALSE,FALSE,"S293799842"
"728","lbbgul","Lesser Black-backed Gull","Larus fuscus","L57121044","605 Granby Crossing, Cayce US-SC 33.98888, -81.04865","2026-01-11 14:44",1,33.988877,-81.048654,TRUE,TRUE,TRUE,"S293753546"
"729","lbbgul","Lesser Black-backed Gull","Larus fuscus","L161004","Barnegat Lighthouse SP","2026-01-11 14:36",1,39.7633333,-74.1058333,TRUE,FALSE,FALSE,"S293812543"
"730","lbbgul","Lesser Black-backed Gull","Larus fuscus","L631635","Long Branch--Pullman Ave.","2026-01-11 14:34",1,40.2722733,-73.9845943,TRUE,FALSE,FALSE,"S293734338"
"731","lbbgul","Lesser Black-backed Gull","Larus fuscus","L57117308","Chesapeake Bay Bridge–Tunnel N, Virginia Beach US-VA 36.92587, -76.12718","2026-01-11 14:29",1,36.92587,-76.12718,TRUE,FALSE,TRUE,"S293737508"
"732","lbbgul","Lesser Black-backed Gull","Larus fuscus","L226811","Bradford Dam/Nike Park","2026-01-11 14:23",1,40.228034,-75.160078,TRUE,FALSE,FALSE,"S293744812"
"733","lbbgul","Lesser Black-backed Gull","Larus fuscus","L23830563","Sayville Plaza, Bohemia US-NY 40.76356, -73.09490","2026-01-11 14:16",1,40.763561,-73.094905,TRUE,FALSE,TRUE,"S293731497"
"734","lbbgul","Lesser Black-backed Gull","Larus fuscus","L3130811","Unity Island--Broderick Park","2026-01-11 14:15",3,42.91499,-78.9029862,TRUE,FALSE,FALSE,"S293733232"
"735","lbbgul","Lesser Black-backed Gull","Larus fuscus","L1434133","Lake Hefner--West Shoreline Drive","2026-01-11 14:13",2,35.5756351,-97.613464,TRUE,FALSE,FALSE,"S293756501"
"736","lbbgul","Lesser Black-backed Gull","Larus fuscus","L6204570","Oklahoma Aquarium","2026-01-11 14:11",1,36.0190889,-95.9576869,TRUE,FALSE,FALSE,"S293745075"
"737","lbbgul","Lesser Black-backed Gull","Larus fuscus","L1822090","Nockamixon SP--Marina","2026-01-11 13:54",NA,40.4693518,-75.2248746,TRUE,FALSE,FALSE,"S293727730"
"738","lbbgul","Lesser Black-backed Gull","Larus fuscus","L3917574","Stockton Lake--Baller Rd.","2026-01-11 13:24",1,37.5357455,-93.5300437,TRUE,TRUE,FALSE,"S293732810"
"739","lbbgul","Lesser Black-backed Gull","Larus fuscus","L6705520","West Dennis Beach, Dennis US-MA (41.6500,-70.1839)","2026-01-11 13:16",1,41.649997,-70.183888,TRUE,FALSE,TRUE,"S293924291"
"740","lbbgul","Lesser Black-backed Gull","Larus fuscus","L1044835","Milwaukee River Mouth","2026-01-11 13:09",2,43.025608,-87.8950024,TRUE,FALSE,FALSE,"S293729384"
"741","lbbgul","Lesser Black-backed Gull","Larus fuscus","L616643","Green Lane Park--Church Rd. Bird Sanctuary","2026-01-11 13:00",52,40.386532,-75.5158192,TRUE,FALSE,FALSE,"S293779453"
"742","lbbgul","Lesser Black-backed Gull","Larus fuscus","L9968140","Lake Pleasant--Ten Lane Boat Ramp","2026-01-11 12:57",1,33.854128,-112.2898587,TRUE,TRUE,FALSE,"S293794809"
"743","lbbgul","Lesser Black-backed Gull","Larus fuscus","L278706","Ute Lake SP--Main Boat Ramp & Campground","2026-01-11 12:48",1,35.3575914,-103.4514595,TRUE,TRUE,FALSE,"S293774886"
"744","lbbgul","Lesser Black-backed Gull","Larus fuscus","L1283469","Grapevine Lake—Oak Grove Park—Sand Bass Dr.","2026-01-11 12:48",1,32.9647828,-97.073822,TRUE,TRUE,FALSE,"S293747904"
"745","lbbgul","Lesser Black-backed Gull","Larus fuscus","L365394","Pea Island NWR--South Pond","2026-01-11 12:47",1,35.693971,-75.485696,TRUE,FALSE,FALSE,"S293717134"
"746","lbbgul","Lesser Black-backed Gull","Larus fuscus","L273251","Long Branch SP and Lake","2026-01-11 12:46",1,39.7563593,-92.5144121,TRUE,FALSE,FALSE,"S293746908"
"747","lbbgul","Lesser Black-backed Gull","Larus fuscus","L2609951","US-FL-Clearwater-3301-3461 Gulf to Bay Blvd","2026-01-11 12:36",1,27.960741,-82.697795,TRUE,FALSE,TRUE,"S293714954"
"748","lbbgul","Lesser Black-backed Gull","Larus fuscus","L1279950","Housenick Memorial Park/Archibald Johnston Conservation Area","2026-01-11 12:25",1,40.6733768,-75.3534758,TRUE,FALSE,FALSE,"S293716708"
"749","lbbgul","Lesser Black-backed Gull","Larus fuscus","L661266","Benjamin Rush SP","2026-01-11 12:23",1,40.115102,-74.9801445,TRUE,FALSE,FALSE,"S293758112"
"750","lbbgul","Lesser Black-backed Gull","Larus fuscus","L835012","Sheepshead Bay","2026-01-11 12:09",1,40.582363,-73.9434105,TRUE,TRUE,FALSE,"S293753268"
"751","lbbgul","Lesser Black-backed Gull","Larus fuscus","L129807","Lake Ontelaunee (IBA)","2026-01-11 12:04",1,40.4502182,-75.9296875,TRUE,FALSE,FALSE,"S293706515"
"752","lbbgul","Lesser Black-backed Gull","Larus fuscus","L140043","Sachuest Point NWR","2026-01-11 11:53",1,41.4799232,-71.2431946,TRUE,FALSE,FALSE,"S293729063"
"753","lbbgul","Lesser Black-backed Gull","Larus fuscus","L247676","Jacob Riis Park","2026-01-11 11:51",1,40.5688131,-73.8710548,TRUE,FALSE,FALSE,"S293700762"
"754","lbbgul","Lesser Black-backed Gull","Larus fuscus","L345029","Battery Park","2026-01-11 11:36",1,39.657567,-75.564802,TRUE,FALSE,FALSE,"S293736743"
"755","lbbgul","Lesser Black-backed Gull","Larus fuscus","L1437797","West Ocean City--Homer Gudelsky Park","2026-01-11 11:25",1,38.3302629,-75.0960255,TRUE,FALSE,FALSE,"S293692069"
"756","lbbgul","Lesser Black-backed Gull","Larus fuscus","L1853103","Lake Mead NRA--33 Hole Overlook","2026-01-11 11:24",2,36.11529,-114.8417187,TRUE,TRUE,FALSE,"S293792950"
"757","lbbgul","Lesser Black-backed Gull","Larus fuscus","L131149","Irondequoit Bay outlet: pier, beach and boat ramp","2026-01-11 11:24",1,43.2345314,-77.5347137,TRUE,TRUE,FALSE,"S293694142"
"758","lbbgul","Lesser Black-backed Gull","Larus fuscus","L603705","Lorain Impoundment Lakeside Landing","2026-01-11 11:10",2,41.4759174,-82.1756744,TRUE,FALSE,FALSE,"S293687160"
"759","lbbgul","Lesser Black-backed Gull","Larus fuscus","L57108195","3339 W Gulf Dr, Sanibel US-FL 26.42714, -82.10186","2026-01-11 11:04",3,26.427139,-82.101861,TRUE,FALSE,TRUE,"S293694873"
"760","lbbgul","Lesser Black-backed Gull","Larus fuscus","L827919","Hoick's Hollow Rd.--seawatch","2026-01-11 11:00",3,41.4437558,-70.269928,TRUE,FALSE,TRUE,"S293768265"
"761","lbbgul","Lesser Black-backed Gull","Larus fuscus","L1552187","Lakeport","2026-01-11 10:55",1,43.1500425,-75.8644765,TRUE,TRUE,TRUE,"S293685386"
"762","lbbgul","Lesser Black-backed Gull","Larus fuscus","L636725","Sesachacha Pond","2026-01-11 10:54",1,41.297606,-69.9805927,TRUE,FALSE,FALSE,"S293686286"
"763","lbbgul","Lesser Black-backed Gull","Larus fuscus","L5434427","Lake Hefner--N. Lake Hefner Dr.","2026-01-11 10:30",1,35.5816048,-97.6025682,TRUE,FALSE,FALSE,"S293879728"
"764","lbbgul","Lesser Black-backed Gull","Larus fuscus","L361675","Augustine Wildlife Area--Port Penn Tract","2026-01-11 10:24",1,39.5256499,-75.5762815,TRUE,FALSE,FALSE,"S293684209"
"765","lbbgul","Lesser Black-backed Gull","Larus fuscus","L521820","Nauset Inlet","2026-01-11 10:23",1,41.8305455,-69.9447412,TRUE,FALSE,FALSE,"S293729765"
"766","lbbgul","Lesser Black-backed Gull","Larus fuscus","L21616415","Buckhorn Reservoir -- Hogg Rd","2026-01-11 10:21",2,35.716628,-78.152552,TRUE,FALSE,TRUE,"S293681445"
"767","lbbgul","Lesser Black-backed Gull","Larus fuscus","L2101542","Ditch Bank Road east field","2026-01-11 10:21",1,43.1034426,-75.7753229,TRUE,TRUE,TRUE,"S293676479"
"768","lbbgul","Lesser Black-backed Gull","Larus fuscus","L3541928","Munden Road","2026-01-11 10:19",2,36.6224166,-76.0076666,TRUE,FALSE,FALSE,"S293713507"
"769","lbbgul","Lesser Black-backed Gull","Larus fuscus","L1418684","Cumberland Island National Seashore--South End","2026-01-11 10:16",6,30.7451976,-81.4634705,TRUE,FALSE,FALSE,"S293713774"
"770","lbbgul","Lesser Black-backed Gull","Larus fuscus","L781676","Jordan Lake SRA--Seaforth","2026-01-11 10:15",3,35.7251931,-79.0344214,TRUE,TRUE,FALSE,"S293715218"
"771","lbbgul","Lesser Black-backed Gull","Larus fuscus","L109303","Pueblo Reservoir","2026-01-11 10:06",1,38.2657626,-104.7518063,TRUE,FALSE,FALSE,"S293717932"
"772","lbbgul","Lesser Black-backed Gull","Larus fuscus","L6932817","Palmetto Avenue Beach/City Park","2026-01-11 10:05",2,27.523659,-82.735642,TRUE,FALSE,FALSE,"S293671305"
"773","lbbgul","Lesser Black-backed Gull","Larus fuscus","L266063","Lynchburg Ferry & Crosby-Lynchburg Rd.","2026-01-11 10:02",1,29.761741,-95.0804847,TRUE,FALSE,FALSE,"S293698178"
"774","lbbgul","Lesser Black-backed Gull","Larus fuscus","L718515","Hog Island WMA","2026-01-11 09:58",1,37.1809086,-76.6829395,TRUE,FALSE,FALSE,"S293757516"
"775","lbbgul","Lesser Black-backed Gull","Larus fuscus","L56277173","Chincoteague NWR* (general area)","2026-01-11 09:51",1,37.9044024,-75.3602064,TRUE,FALSE,TRUE,"S293710700"
"776","lbbgul","Lesser Black-backed Gull","Larus fuscus","L26428784","Buckhorn Reservoir— big curve","2026-01-11 09:36",11,35.704293,-78.136858,TRUE,FALSE,TRUE,"S293672147"
"777","lbbgul","Lesser Black-backed Gull","Larus fuscus","L22734903","Lewiston Marina and Boat Ramp","2026-01-11 09:35",1,43.1741542,-79.0495562,TRUE,FALSE,FALSE,"S293678578"
"778","lbbgul","Lesser Black-backed Gull","Larus fuscus","L193141","Sandwich Marina","2026-01-11 09:30",1,41.7736623,-70.4996526,TRUE,FALSE,FALSE,"S293694864"
"779","lbbgul","Lesser Black-backed Gull","Larus fuscus","L56659472","1485–1491 E Hill Park Rd, Lewisville US-TX 33.07165, -96.92038","2026-01-11 09:23",4,33.071654,-96.920377,TRUE,TRUE,TRUE,"S293708881"
"780","lbbgul","Lesser Black-backed Gull","Larus fuscus","L1888263","Wissahickon Waterfowl Preserve","2026-01-11 09:18",1,40.1545528,-75.228222,TRUE,FALSE,FALSE,"S293717552"
"781","lbbgul","Lesser Black-backed Gull","Larus fuscus","L52735061","Joel's Balcony 1321 S Miramar Ave","2026-01-11 09:07",1,28.0824755,-80.5625492,TRUE,FALSE,TRUE,"S293678653"
"782","lbbgul","Lesser Black-backed Gull","Larus fuscus","L22012343","Fort De Soto Park, Saint Petersburg US-FL 27.62452, -82.71244","2026-01-11 09:00",1,27.62452,-82.712442,TRUE,FALSE,TRUE,"S293761141"
"783","lbbgul","Lesser Black-backed Gull","Larus fuscus","L24485671","Crescent Beach Park","2026-01-11 09:00",1,29.7685637,-81.2520987,TRUE,FALSE,FALSE,"S293677639"
"784","lbbgul","Lesser Black-backed Gull","Larus fuscus","L6262091","Krocks Rd. Retention Ponds","2026-01-11 08:45",5,40.5686786,-75.5638549,TRUE,FALSE,FALSE,"S293657805"
"785","lbbgul","Lesser Black-backed Gull","Larus fuscus","L159290","Chincoteague NWR--Toms Cove Hook (no access Mar 15-Aug 31)","2026-01-11 08:30",2,37.8686,-75.3814,TRUE,FALSE,FALSE,"S293790902"
"786","lbbgul","Lesser Black-backed Gull","Larus fuscus","L18188609","104 Magnolia Avenue, Anna Maria, Florida, US (27.524, -82.737)","2026-01-11 08:28",1,27.524424,-82.7365657,TRUE,FALSE,TRUE,"S293658865"
"787","lbbgul","Lesser Black-backed Gull","Larus fuscus","L275505","Rochester WTP (CLOSED ON WEEKENDS,  weekdays closes at 2:00 pm)","2026-01-11 08:24",1,43.2645499,-70.967921,TRUE,FALSE,FALSE,"S293659173"
"788","lbbgul","Lesser Black-backed Gull","Larus fuscus","L1592274","Cocoa Beach -- S 1st ST","2026-01-11 08:14",4,28.3172846,-80.6082196,TRUE,FALSE,FALSE,"S293662564"
"789","lbbgul","Lesser Black-backed Gull","Larus fuscus","L1947214","Flagler Beach Pier","2026-01-11 08:11",6,29.479952,-81.126234,TRUE,FALSE,FALSE,"S293649590"
"790","lbbgul","Lesser Black-backed Gull","Larus fuscus","L39950242","Comfort Inn on the Ocan-Kitty Hawk, NC","2026-01-11 08:05",1,36.000299,-75.6478858,TRUE,FALSE,TRUE,"S293779858"
"791","lbbgul","Lesser Black-backed Gull","Larus fuscus","L631733","Low Beach","2026-01-11 07:58",3,41.2489671,-69.9714088,TRUE,FALSE,FALSE,"S293685164"
"792","lbbgul","Lesser Black-backed Gull","Larus fuscus","L253315","Fire Island--Wilderness East","2026-01-11 07:46",1,40.7325463,-72.8669289,TRUE,FALSE,FALSE,"S293649038"
"793","lbbgul","Lesser Black-backed Gull","Larus fuscus","L256572","Shinnecock County Park West","2026-01-11 07:43",1,40.82816,-72.53171,TRUE,FALSE,FALSE,"S293755542"
"794","lbbgul","Lesser Black-backed Gull","Larus fuscus","L2439245","Leyden Lake","2026-01-11 07:33",5,39.8415402,-105.1717758,TRUE,FALSE,FALSE,"S293803636"
"795","lbbgul","Lesser Black-backed Gull","Larus fuscus","L305617","Cape Island--CMP--Alexander Ave. dunes/beach","2026-01-11 07:30",5,38.9405526,-74.9714112,TRUE,TRUE,FALSE,"S293677605"
"796","lbbgul","Lesser Black-backed Gull","Larus fuscus","L17798572","Cross Lake Municipal Pier","2026-01-11 07:30",1,32.492969,-93.845602,TRUE,FALSE,FALSE,"S293659999"
"797","lbbgul","Lesser Black-backed Gull","Larus fuscus","L128874","Jocelyn Nungaray NWR  (Anahuac) (UTC 049)","2026-01-11 07:25",1,29.6148414,-94.5344353,TRUE,FALSE,FALSE,"S293717409"
"798","lbbgul","Lesser Black-backed Gull","Larus fuscus","L4326110","Robinson Pond, East Patchogue","2026-01-11 07:15",1,40.7639779,-72.9821789,TRUE,FALSE,FALSE,"S293713572"
"799","lbbgul","Lesser Black-backed Gull","Larus fuscus","L984779","Marquette Park, Gary","2026-01-11 07:15",1,41.6196452,-87.259469,TRUE,FALSE,FALSE,"S293846719"
"800","lbbgul","Lesser Black-backed Gull","Larus fuscus","L249020","Merrill Creek Reservoir","2026-01-11 07:15",3,40.7337244,-75.1001183,TRUE,FALSE,FALSE,"S293646257"
