"","speciesCode","comName","sciName","locId","locName","obsDt","howMany","lat","lng","obsValid","obsReviewed","locationPrivate","subId"
"1","bkbmag1","Black-billed Magpie","Pica hudsonia","L12819623","McCoy Avenue Aztec NM","2025-10-24 17:26",7,36.8359419,-107.9872467,TRUE,FALSE,TRUE,"S281157673"
"2","bkbmag1","Black-billed Magpie","Pica hudsonia","L2379394","Rock Ledge Ranch","2025-10-24 17:16",1,38.8731601,-104.8723555,TRUE,FALSE,FALSE,"S281158883"
"3","bkbmag1","Black-billed Magpie","Pica hudsonia","L131388","Garden of the Gods","2025-10-24 17:14",NA,38.8774633,-104.8781876,TRUE,FALSE,FALSE,"S281155121"
"4","bkbmag1","Black-billed Magpie","Pica hudsonia","L2357285","Main Reservoir (Lakewood)","2025-10-24 17:13",2,39.6931431,-105.1181316,TRUE,FALSE,FALSE,"S281157913"
"5","bkbmag1","Black-billed Magpie","Pica hudsonia","L2468060","Kremmling (town)","2025-10-24 17:05",1,40.059409,-106.3863552,TRUE,FALSE,FALSE,"S281154220"
"6","bkbmag1","Black-billed Magpie","Pica hudsonia","L4227078","Big Dry Creek Trail--S Colorado Blvd to S University Blvd","2025-10-24 17:01",4,39.585029,-104.9520468,TRUE,FALSE,FALSE,"S281155935"
"7","bkbmag1","Black-billed Magpie","Pica hudsonia","L54415312","77–99 N See Vee Ln, Bishop US-CA (37.3627,-118.4144)","2025-10-24 16:58",1,37.362697,-118.414426,TRUE,FALSE,TRUE,"S281159645"
"8","bkbmag1","Black-billed Magpie","Pica hudsonia","L20735371","Mayhoffer Open Space and immediate environs","2025-10-24 16:54",3,39.967947,-105.101535,TRUE,FALSE,TRUE,"S281158445"
"9","bkbmag1","Black-billed Magpie","Pica hudsonia","L487899","Bear Creek Lake Park","2025-10-24 16:47",2,39.6495504,-105.1536655,TRUE,FALSE,FALSE,"S281155945"
"10","bkbmag1","Black-billed Magpie","Pica hudsonia","L2063805","Private farms-JL","2025-10-24 16:31",1,38.41793,-105.16367,TRUE,FALSE,TRUE,"S281154065"
"11","bkbmag1","Black-billed Magpie","Pica hudsonia","L4011672","1540 Hawthorn Avenue","2025-10-24 16:30",2,40.0346465,-105.2778304,TRUE,FALSE,TRUE,"S281150259"
"12","bkbmag1","Black-billed Magpie","Pica hudsonia","L141063","Lon Hagler Reservoir SWA","2025-10-24 16:27",7,40.3657735,-105.1517773,TRUE,FALSE,FALSE,"S281159170"
"13","bkbmag1","Black-billed Magpie","Pica hudsonia","L54412590","57744, Hermosa US-SD 43.83283, -103.32257","2025-10-24 16:25",1,43.832826,-103.322567,TRUE,FALSE,TRUE,"S281149084"
"14","bkbmag1","Black-billed Magpie","Pica hudsonia","L5108585","Auger Falls Road","2025-10-24 16:17",3,42.6159902,-114.5025158,TRUE,FALSE,TRUE,"S281149254"
"15","bkbmag1","Black-billed Magpie","Pica hudsonia","L4758316","Grand Teton NP--Cottonwood Creek Picnic Area","2025-10-24 16:16",1,43.697081,-110.730082,TRUE,FALSE,FALSE,"S281153770"
"16","bkbmag1","Black-billed Magpie","Pica hudsonia","L47013293","900–934 Moab Kane Creek Blvd, Moab US-walkin sites at Kings bottom UT 38.55534, -109.58689","2025-10-24 16:16",2,38.555338,-109.586887,TRUE,FALSE,TRUE,"S281156146"
"17","bkbmag1","Black-billed Magpie","Pica hudsonia","L1121470","1842 S 14th W","2025-10-24 16:15",4,46.8566695,-114.0256298,TRUE,FALSE,TRUE,"S281153426"
"18","bkbmag1","Black-billed Magpie","Pica hudsonia","L54412834","401 Violet St, Golden US-CO (39.7227,-105.1985)","2025-10-24 16:15",1,39.722677,-105.198478,TRUE,FALSE,TRUE,"S281147837"
"19","bkbmag1","Black-billed Magpie","Pica hudsonia","L54412846","Van Winkle, Millcreek US-UT 40.66120, -111.85660","2025-10-24 16:15",13,40.661197,-111.856603,TRUE,FALSE,TRUE,"S281147871"
"20","bkbmag1","Black-billed Magpie","Pica hudsonia","L1267248","Gross Reservoir","2025-10-24 16:06",2,39.9485677,-105.3626186,TRUE,FALSE,FALSE,"S281153287"
"21","bkbmag1","Black-billed Magpie","Pica hudsonia","L295995","Van Bibber Park","2025-10-24 16:05",4,39.796,-105.15,TRUE,FALSE,TRUE,"S281154761"
"22","bkbmag1","Black-billed Magpie","Pica hudsonia","L23630535","Mabel Dodge Luhan House Property (request permission)","2025-10-24 16:05",1,36.4085388,-105.5648804,TRUE,FALSE,FALSE,"S281146650"
"23","bkbmag1","Black-billed Magpie","Pica hudsonia","L39452853","Sawhill","2025-10-24 16:04",1,40.040647,-105.1891,TRUE,FALSE,TRUE,"S281155359"
"24","bkbmag1","Black-billed Magpie","Pica hudsonia","L54412566","1473–1501 Columbia Falls Stage Rd, Columbia Falls US-MT 48.27546, -114.19706","2025-10-24 16:00",1,48.27546,-114.197059,TRUE,FALSE,TRUE,"S281146531"
"25","bkbmag1","Black-billed Magpie","Pica hudsonia","L54414526","Palouse Conservation District Site Rose Creek","2025-10-24 16:00",1,46.8278137,-117.2118679,TRUE,FALSE,TRUE,"S281155452"
"26","bkbmag1","Black-billed Magpie","Pica hudsonia","L54413322","1535–1599 Raven Cir, Estes Park US-CO (40.3843,-105.4959)","2025-10-24 15:59",2,40.384341,-105.495892,TRUE,FALSE,TRUE,"S281150079"
"27","bkbmag1","Black-billed Magpie","Pica hudsonia","L40646569","7152 East Jewell Avenue, Denver, Colorado, US (39.682, -104.906)","2025-10-24 15:57",4,39.6822896,-104.9058303,TRUE,FALSE,TRUE,"S281151836"
"28","bkbmag1","Black-billed Magpie","Pica hudsonia","L30876849","8983 West Jewell Avenue, Lakewood, Colorado, US (39.683, -105.097)","2025-10-24 15:55",5,39.6825692,-105.0970503,TRUE,FALSE,TRUE,"S281147309"
"29","bkbmag1","Black-billed Magpie","Pica hudsonia","L54412335","Wasatch Mountain State Park, Midway US-UT 40.47413, -111.48543","2025-10-24 15:53",2,40.474128,-111.485428,TRUE,FALSE,TRUE,"S281145319"
"30","bkbmag1","Black-billed Magpie","Pica hudsonia","L3605245","Rancho San Rafael Park--Nature Trail area (lower Evans Creek north of McCarran)","2025-10-24 15:50",2,39.5536558,-119.8333834,TRUE,FALSE,FALSE,"S281157047"
"31","bkbmag1","Black-billed Magpie","Pica hudsonia","L627277","Chautauqua Park","2025-10-24 15:50",7,39.9934954,-105.2834845,TRUE,FALSE,FALSE,"S281157214"
"32","bkbmag1","Black-billed Magpie","Pica hudsonia","L770875","Bear River MBR--Visitor Center","2025-10-24 15:50",1,41.5076774,-112.068851,TRUE,FALSE,FALSE,"S281153320"
"33","bkbmag1","Black-billed Magpie","Pica hudsonia","L614045","Red Butte Garden","2025-10-24 15:49",6,40.7669004,-111.8259179,TRUE,FALSE,FALSE,"S281152793"
"34","bkbmag1","Black-billed Magpie","Pica hudsonia","L4665721","Indreland Audubon Wetland Preserve","2025-10-24 15:48",18,45.681485,-111.0178714,TRUE,FALSE,FALSE,"S281148339"
"35","bkbmag1","Black-billed Magpie","Pica hudsonia","L6288607","Stone Mountain Trail, Missoula US-MT (46.8263,-113.9984)","2025-10-24 15:44",1,46.826294,-113.998449,TRUE,FALSE,TRUE,"S281147736"
"36","bkbmag1","Black-billed Magpie","Pica hudsonia","L54411977","84032, Heber City US-UT 40.48547, -111.46375","2025-10-24 15:44",1,40.485469,-111.463749,TRUE,FALSE,TRUE,"S281143545"
"37","bkbmag1","Black-billed Magpie","Pica hudsonia","L22085695","Lake Otis","2025-10-24 15:40",1,61.1912384,-149.8445889,TRUE,FALSE,FALSE,"S281158769"
"38","bkbmag1","Black-billed Magpie","Pica hudsonia","L161018","Walden Ponds Wildlife Habitat--Cottonwood Marsh/Wally Tove's Pond/Duck Pond","2025-10-24 15:39",5,40.0464088,-105.183363,TRUE,FALSE,FALSE,"S281158283"
"39","bkbmag1","Black-billed Magpie","Pica hudsonia","L35939804","Old County Road NE divide","2025-10-24 15:32",1,47.620418,-114.926312,TRUE,FALSE,TRUE,"S281151935"
"40","bkbmag1","Black-billed Magpie","Pica hudsonia","L6452071","Dolores Ponds (wastewater plant area)","2025-10-24 15:32",3,37.4711201,-108.5155731,TRUE,FALSE,FALSE,"S281158824"
"41","bkbmag1","Black-billed Magpie","Pica hudsonia","L54411504","Cr17","2025-10-24 15:29",1,40.738025,-105.095317,TRUE,FALSE,TRUE,"S281141498"
"42","bkbmag1","Black-billed Magpie","Pica hudsonia","L11819492","Rocky Mountain Arsenal NWR--Havana Ponds and Trail","2025-10-24 15:27",5,39.8056448,-104.8574796,TRUE,FALSE,FALSE,"S281158339"
"43","bkbmag1","Black-billed Magpie","Pica hudsonia","L281329","Dodd Reservoir","2025-10-24 15:25",1,40.1009243,-105.1890649,TRUE,FALSE,FALSE,"S281147776"
"44","bkbmag1","Black-billed Magpie","Pica hudsonia","L349904","Salt Lake International Center","2025-10-24 15:17",1,40.7785711,-112.0253868,TRUE,FALSE,FALSE,"S281151474"
"45","bkbmag1","Black-billed Magpie","Pica hudsonia","L575269","Pictograph Cave SP","2025-10-24 15:15",1,45.7378712,-108.432271,TRUE,FALSE,FALSE,"S281144698"
"46","bkbmag1","Black-billed Magpie","Pica hudsonia","L54411565","Cokeville (town)","2025-10-24 15:15",1,42.083949,-110.954435,TRUE,FALSE,TRUE,"S281141714"
"47","bkbmag1","Black-billed Magpie","Pica hudsonia","L161008","Walden Ponds Wildlife Habitat--Sawhill Ponds only","2025-10-24 15:11",2,40.0422692,-105.1864529,TRUE,FALSE,FALSE,"S281156250"
"48","bkbmag1","Black-billed Magpie","Pica hudsonia","L49389252","Great Northern Reservoir (permission required)","2025-10-24 15:09",4,48.5162246,-110.9608117,TRUE,FALSE,TRUE,"S281142715"
"49","bkbmag1","Black-billed Magpie","Pica hudsonia","L342269","Walden Ponds Wildlife Habitat--Walden & Sawhill Ponds all together","2025-10-24 15:08",1,40.044253,-105.1867721,TRUE,FALSE,FALSE,"S281154147"
"50","bkbmag1","Black-billed Magpie","Pica hudsonia","L36602908","Home","2025-10-24 15:07",1,39.650044,-105.339139,TRUE,FALSE,TRUE,"S281139745"
"51","bkbmag1","Black-billed Magpie","Pica hudsonia","L22860594","1401–1499 Wicklow St, Boulder US-CO 40.01157, -105.14048","2025-10-24 15:05",9,40.011572,-105.140484,TRUE,FALSE,TRUE,"S281158274"
"52","bkbmag1","Black-billed Magpie","Pica hudsonia","L4646578","Pa-Co-Chu-Puk","2025-10-24 14:51",1,38.2452646,-107.7611697,TRUE,FALSE,TRUE,"S281145313"
"53","bkbmag1","Black-billed Magpie","Pica hudsonia","L54408357","Bearskin Lake Trail","2025-10-24 14:49",1,48.052519,-90.512188,TRUE,FALSE,TRUE,"S281127947"
"54","bkbmag1","Black-billed Magpie","Pica hudsonia","L23614414","845 Sun Valley Drive, Woodland Park, Colorado, US (38.982, -105.032)","2025-10-24 14:44",7,38.982002,-105.0321992,TRUE,FALSE,TRUE,"S281135199"
"55","bkbmag1","Black-billed Magpie","Pica hudsonia","L4012692","Chautauqua Park (village)","2025-10-24 14:43",3,39.9985995,-105.2812958,TRUE,FALSE,FALSE,"S281135570"
"56","bkbmag1","Black-billed Magpie","Pica hudsonia","L41672451","Pacific Northwest National Scenic Trail, Rexford US-MT 48.89144, -115.08350","2025-10-24 14:37",9,48.89144,-115.083499,TRUE,FALSE,TRUE,"S281146511"
"57","bkbmag1","Black-billed Magpie","Pica hudsonia","L39739911","Hepplers Fields","2025-10-24 14:36",1,38.7134933,-112.04508,TRUE,FALSE,FALSE,"S281134867"
"58","bkbmag1","Black-billed Magpie","Pica hudsonia","L804037","Chatfield SP--Model Airplane Field","2025-10-24 14:33",3,39.5313036,-105.0607431,TRUE,FALSE,FALSE,"S281158494"
"59","bkbmag1","Black-billed Magpie","Pica hudsonia","L41403916","700 Wild Rose Lane, Victor, Montana, US (46.413, -114.208)","2025-10-24 14:33",2,46.4130015,-114.2082669,TRUE,FALSE,TRUE,"S281146163"
"60","bkbmag1","Black-billed Magpie","Pica hudsonia","L652248","Hepplers Ponds","2025-10-24 14:30",1,38.7400614,-112.0308486,TRUE,FALSE,FALSE,"S281133980"
"61","bkbmag1","Black-billed Magpie","Pica hudsonia","L28211093","34228 Mineral Lane, Pine, Colorado, US (39.433, -105.393)","2025-10-24 14:30",2,39.4327505,-105.3929658,TRUE,FALSE,TRUE,"S281139885"
"62","bkbmag1","Black-billed Magpie","Pica hudsonia","L54410668","Rawhide Ridge Rd.","2025-10-24 14:27",1,45.7039907,-111.0678562,TRUE,FALSE,TRUE,"S281138464"
"63","bkbmag1","Black-billed Magpie","Pica hudsonia","L339925","Sombrero Marsh & Pond","2025-10-24 14:22",8,40.0115395,-105.2062298,TRUE,FALSE,FALSE,"S281140145"
"64","bkbmag1","Black-billed Magpie","Pica hudsonia","L1158209","WA-Spokane--Palouse Winter Raptor Route","2025-10-24 14:22",3,47.5872365,-117.3515368,TRUE,FALSE,TRUE,"S281145478"
"65","bkbmag1","Black-billed Magpie","Pica hudsonia","L36403514","Faraway Farm Personal Bog [Fall Warbler Hotspot]","2025-10-24 14:22",1,47.4258095,-92.2267437,TRUE,FALSE,TRUE,"S281129250"
"66","bkbmag1","Black-billed Magpie","Pica hudsonia","L3632359","Cottonwood Park (Mancos Dog Park)","2025-10-24 14:20",1,37.3417255,-108.3008537,TRUE,FALSE,FALSE,"S281133434"
"67","bkbmag1","Black-billed Magpie","Pica hudsonia","L168383","Hyrum Reservoir & SP","2025-10-24 14:18",1,41.61963,-111.8595,TRUE,FALSE,FALSE,"S281153814"
"68","bkbmag1","Black-billed Magpie","Pica hudsonia","L54409189","82834, Buffalo US-WY 44.40744, -106.61682","2025-10-24 14:09",1,44.407443,-106.616819,TRUE,FALSE,TRUE,"S281131335"
"69","bkbmag1","Black-billed Magpie","Pica hudsonia","L41335354","Bell Rock Ridge","2025-10-24 14:00",1,38.7223367,-111.98202,TRUE,FALSE,TRUE,"S281131445"
"70","bkbmag1","Black-billed Magpie","Pica hudsonia","L4477854","Silt River Preserve","2025-10-24 14:00",1,39.536698,-107.662262,TRUE,FALSE,FALSE,"S281139127"
"71","bkbmag1","Black-billed Magpie","Pica hudsonia","L271825","Baseline Reservoir","2025-10-24 13:55",1,39.9964235,-105.2053332,TRUE,FALSE,FALSE,"S281131145"
"72","bkbmag1","Black-billed Magpie","Pica hudsonia","L5693125","Coalmont area","2025-10-24 13:51",1,40.5618609,-106.4454014,TRUE,FALSE,FALSE,"S281147541"
"73","bkbmag1","Black-billed Magpie","Pica hudsonia","L4913178","Stonebreaker Lane","2025-10-24 13:51",1,44.6000934,-116.056416,TRUE,FALSE,FALSE,"S281129284"
"74","bkbmag1","Black-billed Magpie","Pica hudsonia","L54410344","Eastern Sierra Scenic Byway, Mammoth Lakes, California, US (37.624, -118.843)","2025-10-24 13:51",1,37.6237256,-118.8426565,TRUE,FALSE,TRUE,"S281136162"
"75","bkbmag1","Black-billed Magpie","Pica hudsonia","L1865101","Deer Flat NWR--Lower Dam Canal Outlet","2025-10-24 13:50",1,43.5779827,-116.7425442,TRUE,FALSE,FALSE,"S281131259"
"76","bkbmag1","Black-billed Magpie","Pica hudsonia","L37286611","River Road East","2025-10-24 13:49",5,47.440551,-114.872206,TRUE,FALSE,TRUE,"S281152006"
"77","bkbmag1","Black-billed Magpie","Pica hudsonia","L54410360","8216 East Shore Route, Polson, Montana, US (47.753, -114.008)","2025-10-24 13:48",1,47.7530334,-114.0084889,TRUE,FALSE,TRUE,"S281136209"
"78","bkbmag1","Black-billed Magpie","Pica hudsonia","L10248168","Chugach SP--Powerline Trail","2025-10-24 13:47",2,61.09988,-149.664341,TRUE,FALSE,FALSE,"S281156979"
"79","bkbmag1","Black-billed Magpie","Pica hudsonia","L691841","Fort Walla Walla","2025-10-24 13:45",15,46.048693,-118.3636951,TRUE,FALSE,FALSE,"S281148164"
"80","bkbmag1","Black-billed Magpie","Pica hudsonia","L10153947","Trail to Salmon Ruins","2025-10-24 13:45",1,36.7032422,-108.028173,TRUE,FALSE,FALSE,"S281129255"
"81","bkbmag1","Black-billed Magpie","Pica hudsonia","L4344479","Lee Metcalf NWR--Kenai Trail","2025-10-24 13:42",1,46.5603357,-114.073416,TRUE,FALSE,FALSE,"S281133096"
"82","bkbmag1","Black-billed Magpie","Pica hudsonia","L877690","Deer Flat NWR--Visitor Center","2025-10-24 13:42",1,43.5597447,-116.66605,TRUE,FALSE,FALSE,"S281148296"
"83","bkbmag1","Black-billed Magpie","Pica hudsonia","L325223","Rocky Mountain NP--Upper Beaver Meadows","2025-10-24 13:39",4,40.3730498,-105.6140614,TRUE,FALSE,FALSE,"S281137022"
"84","bkbmag1","Black-billed Magpie","Pica hudsonia","L54408610","Paradise Crossing FA","2025-10-24 13:37",3,47.383181,-114.797977,TRUE,FALSE,TRUE,"S281128890"
"85","bkbmag1","Black-billed Magpie","Pica hudsonia","L27768884","North 7th West Pond","2025-10-24 13:36",2,43.8936018,-111.7557101,TRUE,FALSE,TRUE,"S281154138"
"86","bkbmag1","Black-billed Magpie","Pica hudsonia","L54414307","East 5000 North","2025-10-24 13:33",1,43.8982214,-111.7578606,TRUE,FALSE,TRUE,"S281154455"
"87","bkbmag1","Black-billed Magpie","Pica hudsonia","L4457528","Silt Island Park","2025-10-24 13:30",1,39.5404837,-107.6444474,TRUE,FALSE,FALSE,"S281128863"
"88","bkbmag1","Black-billed Magpie","Pica hudsonia","L2745387","McPhee Reservoir--West End","2025-10-24 13:28",1,37.5053683,-108.5713577,TRUE,FALSE,FALSE,"S281136962"
"89","bkbmag1","Black-billed Magpie","Pica hudsonia","L7477079","Prospect Creek","2025-10-24 13:26",1,43.8453426,-116.2915938,TRUE,FALSE,TRUE,"S281133970"
"90","bkbmag1","Black-billed Magpie","Pica hudsonia","L6723878","Cave of Death. Provo, UT  84606, Provo US-UT (40.2407,-111.6300)","2025-10-24 13:26",1,40.240666,-111.629952,TRUE,FALSE,TRUE,"S281138414"
"91","bkbmag1","Black-billed Magpie","Pica hudsonia","L384546","Waneka Lake/Greenlee Preserve","2025-10-24 13:23",1,39.9970462,-105.1141834,TRUE,FALSE,FALSE,"S281136829"
"92","bkbmag1","Black-billed Magpie","Pica hudsonia","L109292","Castlewood Canyon SP","2025-10-24 13:18",2,39.3307441,-104.7387991,TRUE,FALSE,FALSE,"S281131304"
"93","bkbmag1","Black-billed Magpie","Pica hudsonia","L6158833","West Fork Madison River Campground","2025-10-24 13:13",6,44.8871036,-111.5825783,TRUE,FALSE,FALSE,"S281130765"
"94","bkbmag1","Black-billed Magpie","Pica hudsonia","L7763348","CO-Mesa-306 Dakota Dr","2025-10-24 13:09",1,39.0486144,-108.6438502,TRUE,FALSE,TRUE,"S281156505"
"95","bkbmag1","Black-billed Magpie","Pica hudsonia","L3887446","Glen Lake Rotary Park","2025-10-24 13:08",2,45.7047752,-111.0375201,TRUE,FALSE,FALSE,"S281124790"
"96","bkbmag1","Black-billed Magpie","Pica hudsonia","L450388","Lake Hood & Lake Spenard","2025-10-24 13:06",3,61.1787982,-149.9607182,TRUE,FALSE,FALSE,"S281142345"
"97","bkbmag1","Black-billed Magpie","Pica hudsonia","L6559344","260","2025-10-24 13:04",1,61.5818825,-149.0052161,TRUE,FALSE,TRUE,"S281139015"
"98","bkbmag1","Black-billed Magpie","Pica hudsonia","L6876821","Mesa Reservoir","2025-10-24 13:04",1,40.0745906,-105.2672088,TRUE,FALSE,FALSE,"S281142418"
"99","bkbmag1","Black-billed Magpie","Pica hudsonia","L571253","Sundance","2025-10-24 13:02",1,40.38439,-111.58582,TRUE,FALSE,FALSE,"S281123572"
"100","bkbmag1","Black-billed Magpie","Pica hudsonia","L338760","Highline Lake SP","2025-10-24 12:55",3,39.2741769,-108.8396124,TRUE,FALSE,FALSE,"S281127941"
"101","bkbmag1","Black-billed Magpie","Pica hudsonia","L1588243","Tower Street Open Space Park","2025-10-24 12:52",1,46.870963,-114.0631281,TRUE,FALSE,FALSE,"S281127032"
"102","bkbmag1","Black-billed Magpie","Pica hudsonia","L54406744","205 Yellowstone St S, Gardiner US-MT 45.03466, -110.71265","2025-10-24 12:50",2,45.034657,-110.712646,TRUE,FALSE,TRUE,"S281120810"
"103","bkbmag1","Black-billed Magpie","Pica hudsonia","L1235995","Fowler Lane","2025-10-24 12:46",10,45.636842,-111.0834861,TRUE,FALSE,FALSE,"S281131903"
"104","bkbmag1","Black-billed Magpie","Pica hudsonia","L3946214","Lake Cascade SP--Sugarloaf Campground","2025-10-24 12:43",1,44.5891275,-116.0676213,TRUE,FALSE,FALSE,"S281126967"
"105","bkbmag1","Black-billed Magpie","Pica hudsonia","L46141614","The Grove","2025-10-24 12:43",2,46.5980183,-111.9266145,TRUE,FALSE,FALSE,"S281132661"
"106","bkbmag1","Black-billed Magpie","Pica hudsonia","L5884815","Castlewood Canyon Rd--Lake Gulch Rd to Castlewood Canyon SP","2025-10-24 12:41",4,39.317732,-104.7572351,TRUE,FALSE,FALSE,"S281122299"
"107","bkbmag1","Black-billed Magpie","Pica hudsonia","L281349","Colorado River SP--Fruita section","2025-10-24 12:41",1,39.1498388,-108.7425068,TRUE,FALSE,FALSE,"S281124625"
"108","bkbmag1","Black-billed Magpie","Pica hudsonia","L14083400","Waneka Lake Park, Lafayette US-CO 39.99238, -105.11388","2025-10-24 12:40",3,39.99238,-105.113883,TRUE,FALSE,TRUE,"S281154438"
"109","bkbmag1","Black-billed Magpie","Pica hudsonia","L618446","Seward--Lagoon & Benny Benson Memorial Park","2025-10-24 12:37",NA,60.1185392,-149.4424081,TRUE,FALSE,FALSE,"S281137796"
"110","bkbmag1","Black-billed Magpie","Pica hudsonia","L54407977","Interstate 90, Ellensburg, Washington, US (46.953, -120.288)","2025-10-24 12:35",1,46.952665,-120.2883517,TRUE,FALSE,TRUE,"S281126003"
"111","bkbmag1","Black-billed Magpie","Pica hudsonia","L732460","Denver City Park--Ferril Lake","2025-10-24 12:35",2,39.7459899,-104.9488592,TRUE,FALSE,FALSE,"S281129693"
"112","bkbmag1","Black-billed Magpie","Pica hudsonia","L2049490","Ellensburg--CWU Campus","2025-10-24 12:30",2,47.0034363,-120.5371857,TRUE,FALSE,FALSE,"S281125310"
"113","bkbmag1","Black-billed Magpie","Pica hudsonia","L9409927","Talpa Reservoir","2025-10-24 12:28",2,36.345949,-105.5884694,TRUE,FALSE,FALSE,"S281129835"
"114","bkbmag1","Black-billed Magpie","Pica hudsonia","L140473","Cherry Creek SP","2025-10-24 12:24",1,39.6402646,-104.8538589,TRUE,FALSE,FALSE,"S281134855"
"115","bkbmag1","Black-billed Magpie","Pica hudsonia","L35796745","Ninepipe dam","2025-10-24 12:21",1,47.4555336,-114.1371716,TRUE,FALSE,TRUE,"S281152055"
"116","bkbmag1","Black-billed Magpie","Pica hudsonia","L263014","University of Idaho Main Campus","2025-10-24 12:17",1,46.7282422,-117.0125484,TRUE,FALSE,FALSE,"S281131230"
"117","bkbmag1","Black-billed Magpie","Pica hudsonia","L54407617","North Table Mountain, Golden US-CO 39.78641, -105.19507","2025-10-24 12:15",1,39.786406,-105.195071,TRUE,FALSE,TRUE,"S281124420"
"118","bkbmag1","Black-billed Magpie","Pica hudsonia","L54407298","6950 Yard","2025-10-24 12:14",7,38.9313913,-104.8519396,TRUE,FALSE,TRUE,"S281122950"
"119","bkbmag1","Black-billed Magpie","Pica hudsonia","L23139421","Frederick, Eagle Blvd x Carbide St","2025-10-24 12:13",2,40.10357,-104.964729,TRUE,FALSE,TRUE,"S281120066"
"120","bkbmag1","Black-billed Magpie","Pica hudsonia","L466951","Beaver Dick Park","2025-10-24 12:12",6,43.8251772,-111.9061911,TRUE,FALSE,FALSE,"S281126378"
"121","bkbmag1","Black-billed Magpie","Pica hudsonia","L18680677","4056 Wild Fowl Lane, Stevensville, Montana, US (46.534, -114.085)","2025-10-24 12:10",2,46.5342779,-114.0854998,TRUE,FALSE,TRUE,"S281117826"
"122","bkbmag1","Black-billed Magpie","Pica hudsonia","L54407198","Mason Creek Road, Cataldo, Idaho, US (47.595, -116.483)","2025-10-24 12:08",4,47.5951283,-116.4826358,TRUE,FALSE,TRUE,"S281122587"
"123","bkbmag1","Black-billed Magpie","Pica hudsonia","L6452444","Kodiak Is.--Lake Louise","2025-10-24 12:05",2,57.7624797,-152.498972,TRUE,FALSE,FALSE,"S281143274"
"124","bkbmag1","Black-billed Magpie","Pica hudsonia","L19546255","ken caryl valley","2025-10-24 12:05",5,39.5840912,-105.1612701,TRUE,FALSE,TRUE,"S281123448"
"125","bkbmag1","Black-billed Magpie","Pica hudsonia","L53426026","Golden Community Garden","2025-10-24 12:01",8,39.7541807,-105.2333352,TRUE,FALSE,FALSE,"S281121436"
"126","bkbmag1","Black-billed Magpie","Pica hudsonia","L165048","Farmington Bay WMA","2025-10-24 11:57",5,40.955141,-111.9191396,TRUE,FALSE,FALSE,"S281119296"
"127","bkbmag1","Black-billed Magpie","Pica hudsonia","L9202579","Old Barn Canal Road","2025-10-24 11:55",2,41.791852,-112.094015,TRUE,FALSE,TRUE,"S281147460"
"128","bkbmag1","Black-billed Magpie","Pica hudsonia","L5801799","Private Ranch","2025-10-24 11:50",2,40.6049278,-106.0972881,TRUE,FALSE,TRUE,"S281148521"
"129","bkbmag1","Black-billed Magpie","Pica hudsonia","L54405555","13601–14093 N 55th St, Longmont US-CO 40.22171, -105.22134","2025-10-24 11:49",2,40.221711,-105.221342,TRUE,FALSE,TRUE,"S281115437"
"130","bkbmag1","Black-billed Magpie","Pica hudsonia","L54409693","Wagon Trail, Durango US-CO 37.53250, -107.80412","2025-10-24 11:35",2,37.532495,-107.804118,TRUE,FALSE,TRUE,"S281134151"
"131","bkbmag1","Black-billed Magpie","Pica hudsonia","L158592","Spring Meadow Lake","2025-10-24 11:31",4,46.6108,-112.0749,TRUE,FALSE,FALSE,"S281115293"
"132","bkbmag1","Black-billed Magpie","Pica hudsonia","L12170208","Cherry Creek SP--Prairie Loop","2025-10-24 11:30",3,39.6310891,-104.8538449,TRUE,FALSE,FALSE,"S281119790"
"133","bkbmag1","Black-billed Magpie","Pica hudsonia","L503368","Koosharem Reservoir ","2025-10-24 11:30",2,38.599583,-111.8450582,TRUE,FALSE,FALSE,"S281117355"
"134","bkbmag1","Black-billed Magpie","Pica hudsonia","L5628316","Kodiak Is.--Buskin Lake","2025-10-24 11:30",5,57.7786723,-152.5500584,TRUE,FALSE,FALSE,"S281148593"
"135","bkbmag1","Black-billed Magpie","Pica hudsonia","L54322232","Baxter just west of the P.O.","2025-10-24 11:28",17,45.7005341,-111.0693129,TRUE,FALSE,TRUE,"S281131662"
"136","bkbmag1","Black-billed Magpie","Pica hudsonia","L2732436","Whitman Mission National Historic Site","2025-10-24 11:21",4,46.0416633,-118.465147,TRUE,FALSE,FALSE,"S281132578"
"137","bkbmag1","Black-billed Magpie","Pica hudsonia","L9719286","Catamount RA--Elder Fehn Trail","2025-10-24 11:20",1,38.9232062,-105.0955126,TRUE,FALSE,FALSE,"S281149306"
"138","bkbmag1","Black-billed Magpie","Pica hudsonia","L2827967","Sand Canyon Trail","2025-10-24 11:20",1,37.3429383,-108.8177776,TRUE,FALSE,FALSE,"S281122544"
"139","bkbmag1","Black-billed Magpie","Pica hudsonia","L1892720","Yakima--Scenic Drive Neighborhoods","2025-10-24 11:18",3,46.6114942,-120.5780336,TRUE,FALSE,FALSE,"S281125474"
"140","bkbmag1","Black-billed Magpie","Pica hudsonia","L2910584","Stony Pass Rd at Wigwam Creek","2025-10-24 11:18",6,39.23067,-105.3023458,TRUE,FALSE,FALSE,"S281153036"
"141","bkbmag1","Black-billed Magpie","Pica hudsonia","L54407085","East Hover Road, Kennewick, Washington, US (46.105, -118.973)","2025-10-24 11:18",5,46.10461,-118.972875,TRUE,FALSE,TRUE,"S281122102"
"142","bkbmag1","Black-billed Magpie","Pica hudsonia","L52337846","Sand Pass Rd--miles 1-5","2025-10-24 11:17",1,41.733651,-118.806333,TRUE,FALSE,TRUE,"S281134186"
"143","bkbmag1","Black-billed Magpie","Pica hudsonia","L11636686","Lower Green Belt, El Camino Real, Angel Fire US-NM 36.37294, -105.26773","2025-10-24 11:17",3,36.37294,-105.267726,TRUE,FALSE,TRUE,"S281137193"
"144","bkbmag1","Black-billed Magpie","Pica hudsonia","L54405756","GL7-Ski Hill Paths1979 Ski Hill Road, Breckenridge, Colorado, US (39.486, -106.068)","2025-10-24 11:16",1,39.4863626,-106.0682464,TRUE,FALSE,TRUE,"S281116361"
"145","bkbmag1","Black-billed Magpie","Pica hudsonia","L46523069","Vindenheim","2025-10-24 11:15",2,47.819272,-92.744792,TRUE,FALSE,TRUE,"S281099010"
"146","bkbmag1","Black-billed Magpie","Pica hudsonia","L8988506","Los Luceros Historic Site","2025-10-24 11:11",1,36.11689,-106.039677,TRUE,FALSE,FALSE,"S281120666"
"147","bkbmag1","Black-billed Magpie","Pica hudsonia","L15980526","2647 N Chelton Rd, Colorado Springs US-CO 38.87037, -104.77510","2025-10-24 11:10",1,38.870371,-104.775101,TRUE,FALSE,TRUE,"S281111134"
"148","bkbmag1","Black-billed Magpie","Pica hudsonia","L3002399","Laurel Sewage Pond","2025-10-24 11:09",NA,37.619064,-118.8779034,TRUE,FALSE,FALSE,"S281124742"
"149","bkbmag1","Black-billed Magpie","Pica hudsonia","L54404381","US-26, Jackson US-WY 43.26516, -110.78483","2025-10-24 11:06",1,43.265161,-110.784832,TRUE,FALSE,TRUE,"S281110113"
"150","bkbmag1","Black-billed Magpie","Pica hudsonia","L54404366","US-26, Alpine US-WY 43.22067, -110.78556","2025-10-24 11:02",1,43.220665,-110.785557,TRUE,FALSE,TRUE,"S281110064"
"151","bkbmag1","Black-billed Magpie","Pica hudsonia","L40108812","Lost Creek Loop","2025-10-24 11:00",1,38.8442493,-111.8960811,TRUE,FALSE,TRUE,"S281110831"
"152","bkbmag1","Black-billed Magpie","Pica hudsonia","L54411868","Franklin Cty, WA","2025-10-24 11:00",3,46.8102012,-117.6359743,TRUE,FALSE,TRUE,"S281143252"
"153","bkbmag1","Black-billed Magpie","Pica hudsonia","L38759550","Spanish Trail/ Coffman Rd, Whitewater US-CO (38.9920,-108.4724)","2025-10-24 11:00",2,38.991958,-108.472435,TRUE,FALSE,TRUE,"S281106410"
"154","bkbmag1","Black-billed Magpie","Pica hudsonia","L610739","Bear Creek Park East (El Paso)","2025-10-24 10:58",3,38.822265,-104.8551464,TRUE,FALSE,FALSE,"S281123756"
"155","bkbmag1","Black-billed Magpie","Pica hudsonia","L1758510","Bridger Bowl Ski Area","2025-10-24 10:58",4,45.819972,-110.922296,TRUE,FALSE,FALSE,"S281121040"
"156","bkbmag1","Black-billed Magpie","Pica hudsonia","L305034","Douglas Reservoir","2025-10-24 10:57",1,40.701322,-105.0819811,TRUE,FALSE,FALSE,"S281106758"
"157","bkbmag1","Black-billed Magpie","Pica hudsonia","L3350587","Ponds near Rifle Garfield Airport (view from road)","2025-10-24 10:55",2,39.5306747,-107.729407,TRUE,FALSE,FALSE,"S281108496"
"158","bkbmag1","Black-billed Magpie","Pica hudsonia","L270903","Mono Lake County Park","2025-10-24 10:53",1,38.0152767,-119.1486168,TRUE,FALSE,FALSE,"S281114620"
"159","bkbmag1","Black-billed Magpie","Pica hudsonia","L6173272","Fort Union NM","2025-10-24 10:53",1,35.9077183,-105.0144321,TRUE,FALSE,FALSE,"S281144228"
"160","bkbmag1","Black-billed Magpie","Pica hudsonia","L518546","Malheur NWR--Narrows","2025-10-24 10:50",1,43.2873151,-118.9591885,TRUE,FALSE,FALSE,"S281126444"
"161","bkbmag1","Black-billed Magpie","Pica hudsonia","L2376663","908 Garfield Ln","2025-10-24 10:50",1,41.5982428,-109.2467058,TRUE,FALSE,TRUE,"S281159145"
"162","bkbmag1","Black-billed Magpie","Pica hudsonia","L155200","Standley Lake and Park","2025-10-24 10:48",3,39.8635031,-105.1222515,TRUE,FALSE,FALSE,"S281155298"
"163","bkbmag1","Black-billed Magpie","Pica hudsonia","L21711387","Boyd's House","2025-10-24 10:45",1,39.684135,-105.034705,TRUE,FALSE,TRUE,"S281149001"
"164","bkbmag1","Black-billed Magpie","Pica hudsonia","L352878","Cooney Reservoir","2025-10-24 10:45",3,45.445252,-109.214379,TRUE,FALSE,FALSE,"S281120981"
"165","bkbmag1","Black-billed Magpie","Pica hudsonia","L2732186","Big Stratton Reservoir","2025-10-24 10:44",2,38.7935635,-104.8301268,TRUE,FALSE,FALSE,"S281149281"
"166","bkbmag1","Black-billed Magpie","Pica hudsonia","L2590829","Upper Prickly Pear FAS","2025-10-24 10:43",1,46.634336,-111.9808531,TRUE,FALSE,FALSE,"S281105613"
"167","bkbmag1","Black-billed Magpie","Pica hudsonia","L684445","Crown Hill Regional Park","2025-10-24 10:42",2,39.7587378,-105.1023388,TRUE,FALSE,FALSE,"S281107492"
"168","bkbmag1","Black-billed Magpie","Pica hudsonia","L54402989","Black Forest home","2025-10-24 10:41",2,39.063751,-104.671222,TRUE,FALSE,TRUE,"S281103680"
"169","bkbmag1","Black-billed Magpie","Pica hudsonia","L35308635","Lake of Lakes Park","2025-10-24 10:40",2,39.6374737,-105.0890539,TRUE,FALSE,TRUE,"S281137471"
"170","bkbmag1","Black-billed Magpie","Pica hudsonia","L4266647","Redtail Lake","2025-10-24 10:34",1,39.575031,-105.0389528,TRUE,FALSE,FALSE,"S281118064"
"171","bkbmag1","Black-billed Magpie","Pica hudsonia","L272183","Wyoming Hereford Ranch","2025-10-24 10:33",1,41.1267713,-104.6983874,TRUE,FALSE,FALSE,"S281114573"
"172","bkbmag1","Black-billed Magpie","Pica hudsonia","L353717","Paradise","2025-10-24 10:32",2,41.5680297,-111.8320154,TRUE,FALSE,FALSE,"S281129870"
"173","bkbmag1","Black-billed Magpie","Pica hudsonia","L3801959","National Bison Range--Prairie Drive","2025-10-24 10:31",1,47.3621704,-114.2532635,TRUE,FALSE,FALSE,"S281138654"
"174","bkbmag1","Black-billed Magpie","Pica hudsonia","L24670344","121 South 7th Street, Bellevue, Idaho, US (43.466, -114.253)","2025-10-24 10:30",1,43.4659134,-114.25288,TRUE,FALSE,TRUE,"S281143789"
"175","bkbmag1","Black-billed Magpie","Pica hudsonia","L1428543","Horseshoe Bend Mill Pond","2025-10-24 10:30",4,43.9352757,-116.1854133,TRUE,FALSE,FALSE,"S281134473"
"176","bkbmag1","Black-billed Magpie","Pica hudsonia","L54405254","1143-1275 Davis Way, Pullman, Washington, US (46.734, -117.215)","2025-10-24 10:30",1,46.7340046,-117.2149226,TRUE,FALSE,TRUE,"S281114020"
"177","bkbmag1","Black-billed Magpie","Pica hudsonia","L109301","Monte Vista NWR","2025-10-24 10:30",1,37.4876656,-106.1308691,TRUE,FALSE,FALSE,"S281118016"
"178","bkbmag1","Black-billed Magpie","Pica hudsonia","L54412716","Bear Canyon Suspension Bridge","2025-10-24 10:30",1,40.5241246,-111.8260574,TRUE,FALSE,TRUE,"S281147449"
"179","bkbmag1","Black-billed Magpie","Pica hudsonia","L10069476","Ridgway SP--Bay View Day Use Area","2025-10-24 10:28",4,38.2024623,-107.7367869,TRUE,FALSE,FALSE,"S281107700"
"180","bkbmag1","Black-billed Magpie","Pica hudsonia","L22097361","JF Home Potlatch, Idaho, US (47.031, -116.926)","2025-10-24 10:25",1,47.0313614,-116.9264247,TRUE,FALSE,TRUE,"S281112878"
"181","bkbmag1","Black-billed Magpie","Pica hudsonia","L51281759","Bud Mielke Reservoir--dam road","2025-10-24 10:24",1,40.3679959,-105.1104918,TRUE,FALSE,FALSE,"S281105560"
"182","bkbmag1","Black-billed Magpie","Pica hudsonia","L4404096","Westlands Park","2025-10-24 10:23",4,39.6120711,-104.9076409,TRUE,FALSE,FALSE,"S281105362"
"183","bkbmag1","Black-billed Magpie","Pica hudsonia","L6546009","Columbine Meadows Park & Greenbelt","2025-10-24 10:21",3,39.9249032,-105.0260963,TRUE,FALSE,FALSE,"S281102583"
"184","bkbmag1","Black-billed Magpie","Pica hudsonia","L12142175","Rexburg Nature Park","2025-10-24 10:20",3,43.8362403,-111.8016881,TRUE,FALSE,FALSE,"S281103950"
"185","bkbmag1","Black-billed Magpie","Pica hudsonia","L10138335","Winona South Road Feed Lot","2025-10-24 10:19",7,46.9146268,-117.8383772,TRUE,FALSE,FALSE,"S281115270"
"186","bkbmag1","Black-billed Magpie","Pica hudsonia","L4952073","Humboldt Area River Project (HARP) Path","2025-10-24 10:17",1,40.828275,-115.7586236,TRUE,FALSE,FALSE,"S281114962"
"187","bkbmag1","Black-billed Magpie","Pica hudsonia","L4616583","Cherry Creek SP--Wetlands Preserve","2025-10-24 10:15",10,39.628069,-104.8396325,TRUE,FALSE,FALSE,"S281115531"
"188","bkbmag1","Black-billed Magpie","Pica hudsonia","L7579690","Coal Creek Open Space (Jefferson Co)","2025-10-24 10:15",4,39.8860638,-105.2598381,TRUE,FALSE,FALSE,"S281110876"
"189","bkbmag1","Black-billed Magpie","Pica hudsonia","L2240274","Cherry Creek SP--Swim Beach & Smoky Hill Shelter area","2025-10-24 10:14",1,39.6453868,-104.8471642,TRUE,FALSE,FALSE,"S281141710"
"190","bkbmag1","Black-billed Magpie","Pica hudsonia","L159619","Malheur NWR--Headquarters","2025-10-24 10:12",1,43.2658741,-118.8448941,TRUE,FALSE,FALSE,"S281115948"
"191","bkbmag1","Black-billed Magpie","Pica hudsonia","L804164","Chatfield SP--Original Heronry Overlook","2025-10-24 10:12",5,39.5318663,-105.075345,TRUE,FALSE,FALSE,"S281101472"
"192","bkbmag1","Black-billed Magpie","Pica hudsonia","L2381632","North Table Mountain Park","2025-10-24 10:11",1,39.7831137,-105.2103996,TRUE,FALSE,FALSE,"S281120755"
"193","bkbmag1","Black-billed Magpie","Pica hudsonia","L17811860","812 Southwest Davis Avenue, College Place, Washington, US (46.041, -118.394)","2025-10-24 10:08",2,46.0413889,-118.3943236,TRUE,FALSE,TRUE,"S281110034"
"194","bkbmag1","Black-billed Magpie","Pica hudsonia","L4491835","Fly'n B Park","2025-10-24 10:07",1,39.5623716,-105.024025,TRUE,FALSE,FALSE,"S281105319"
"195","bkbmag1","Black-billed Magpie","Pica hudsonia","L9271875","1725 Mountain Cove Road, Boise, Idaho, US (43.629, -116.171)","2025-10-24 10:06",2,43.6288463,-116.1705059,TRUE,FALSE,TRUE,"S281117464"
"196","bkbmag1","Black-billed Magpie","Pica hudsonia","L33877631","Kathryn Albertson Park, Boise US-ID (43.6146,-116.2267)","2025-10-24 10:05",1,43.614596,-116.226724,TRUE,FALSE,TRUE,"S281104633"
"197","bkbmag1","Black-billed Magpie","Pica hudsonia","L3513757","MPG Ranch--North Floodplain (restricted access)","2025-10-24 10:04",3,46.709324,-114.0437078,TRUE,FALSE,FALSE,"S281157186"
"198","bkbmag1","Black-billed Magpie","Pica hudsonia","L54401443","U.S. 191, Pinedale, Wyoming, US (42.794, -109.791)","2025-10-24 10:04",2,42.7942293,-109.790965,TRUE,FALSE,TRUE,"S281096311"
"199","bkbmag1","Black-billed Magpie","Pica hudsonia","L5998413","Cordova--Eyak Lake Spit","2025-10-24 10:00",5,60.5421484,-145.7393904,TRUE,FALSE,TRUE,"S281158483"
"200","bkbmag1","Black-billed Magpie","Pica hudsonia","L16518289","Cherry Creek State Park, Greenwood Village US-CO 39.61970, -104.84794","2025-10-24 10:00",3,39.6197,-104.847938,TRUE,FALSE,TRUE,"S281100199"
"201","bkbmag1","Black-billed Magpie","Pica hudsonia","L19020489","Skunk Hollow","2025-10-24 09:58",3,39.651861,-105.1748732,TRUE,FALSE,TRUE,"S281113239"
"202","bkbmag1","Black-billed Magpie","Pica hudsonia","L2386178","Campbell Creek Estuary Natural Area","2025-10-24 09:54",1,61.1332266,-149.9665131,TRUE,FALSE,FALSE,"S281121781"
"203","bkbmag1","Black-billed Magpie","Pica hudsonia","L1773406","Bear Creek Greenbelt--S Kipling Pkwy to S Wadsworth Blvd","2025-10-24 09:49",3,39.664259,-105.0930488,TRUE,FALSE,FALSE,"S281112318"
"204","bkbmag1","Black-billed Magpie","Pica hudsonia","L5765319","Cherry Creek SP--Pelican Point area","2025-10-24 09:46",3,39.6364436,-104.8418274,TRUE,FALSE,FALSE,"S281103183"
"205","bkbmag1","Black-billed Magpie","Pica hudsonia","L2340401","Quail Lake Park","2025-10-24 09:43",1,38.7855874,-104.8077768,TRUE,FALSE,FALSE,"S281106034"
"206","bkbmag1","Black-billed Magpie","Pica hudsonia","L213905","Aspen Center for Environmental Studies","2025-10-24 09:41",3,39.1949127,-106.8213719,TRUE,FALSE,FALSE,"S281150188"
"207","bkbmag1","Black-billed Magpie","Pica hudsonia","L793543","Matthews-Reeser Bird Sanctuary","2025-10-24 09:41",2,40.3782272,-105.5091911,TRUE,FALSE,FALSE,"S281100028"
"208","bkbmag1","Black-billed Magpie","Pica hudsonia","L109289","Barr Lake SP","2025-10-24 09:40",2,39.9430556,-104.7625,TRUE,FALSE,FALSE,"S281118374"
"209","bkbmag1","Black-billed Magpie","Pica hudsonia","L24252755","Butterfly Pavilion","2025-10-24 09:39",1,39.886871,-105.067048,TRUE,FALSE,TRUE,"S281099689"
"210","bkbmag1","Black-billed Magpie","Pica hudsonia","L8322442","My Yard","2025-10-24 09:38",3,39.9344672,-105.1034207,TRUE,FALSE,TRUE,"S281151292"
"211","bkbmag1","Black-billed Magpie","Pica hudsonia","L8529665","Chester-Portsmouth Park","2025-10-24 09:37",2,39.7564284,-105.1398039,TRUE,FALSE,FALSE,"S281096547"
"212","bkbmag1","Black-billed Magpie","Pica hudsonia","L804048","Chatfield SP--Upstream of Kingfisher Bridge (West)","2025-10-24 09:37",3,39.5150994,-105.0798726,TRUE,FALSE,FALSE,"S281124091"
"213","bkbmag1","Black-billed Magpie","Pica hudsonia","L12973338","West Valley Bird and Wildlife Viewing Area","2025-10-24 09:35",1,48.2579407,-114.3905326,TRUE,FALSE,FALSE,"S281096926"
"214","bkbmag1","Black-billed Magpie","Pica hudsonia","L52318577","Bull River Trail","2025-10-24 09:34",3,40.440817,-111.8158441,TRUE,FALSE,TRUE,"S281094939"
"215","bkbmag1","Black-billed Magpie","Pica hudsonia","L7403501","Fleshman Trail and Mountain View Cemetery","2025-10-24 09:31",7,45.6609849,-110.5922413,TRUE,FALSE,FALSE,"S281103578"
"216","bkbmag1","Black-billed Magpie","Pica hudsonia","L54402753","2867 Stadium Blvd, Twin Falls, ID","2025-10-24 09:30",1,42.5736524,-114.4262587,TRUE,FALSE,TRUE,"S281103037"
"217","bkbmag1","Black-billed Magpie","Pica hudsonia","L15245738","Waikiki Nature Preserve","2025-10-24 09:30",3,47.7732941,-117.4225664,TRUE,FALSE,FALSE,"S281117377"
"218","bkbmag1","Black-billed Magpie","Pica hudsonia","L54400754","1116 North Main Street, Monticello, Utah, US (37.887, -109.342)","2025-10-24 09:30",1,37.8871637,-109.3419923,TRUE,FALSE,TRUE,"S281093032"
"219","bkbmag1","Black-billed Magpie","Pica hudsonia","L2877885","High Line Canal Trail--McLellen Reservoir periphery","2025-10-24 09:28",2,39.5626584,-104.9986553,TRUE,FALSE,FALSE,"S281101002"
"220","bkbmag1","Black-billed Magpie","Pica hudsonia","L3744333","Boise River Greenbelt at  Garden City West Bridge","2025-10-24 09:28",4,43.6696721,-116.3063604,TRUE,FALSE,FALSE,"S281105038"
"221","bkbmag1","Black-billed Magpie","Pica hudsonia","L2175977","Joplin Rd. at Phyllis Slough","2025-10-24 09:26",10,43.6702898,-116.4858913,TRUE,FALSE,FALSE,"S281097607"
"222","bkbmag1","Black-billed Magpie","Pica hudsonia","L3572935","Swan Lake Nature Study Area (IBA)--Boardwalk","2025-10-24 09:25",1,39.6531916,-119.856496,TRUE,FALSE,FALSE,"S281114727"
"223","bkbmag1","Black-billed Magpie","Pica hudsonia","L4866200","Harvey Gap SP (Grass Valley Reservoir)","2025-10-24 09:25",2,39.6137222,-107.65988,TRUE,FALSE,FALSE,"S281097258"
"224","bkbmag1","Black-billed Magpie","Pica hudsonia","L923892","South Valley Park","2025-10-24 09:24",3,39.5661984,-105.1530486,TRUE,FALSE,FALSE,"S281102710"
"225","bkbmag1","Black-billed Magpie","Pica hudsonia","L24555330","County Rd. 84B pond (El Rancho)","2025-10-24 09:22",2,35.8938274,-106.1064962,TRUE,FALSE,FALSE,"S281093943"
"226","bkbmag1","Black-billed Magpie","Pica hudsonia","L1160359","Campbell Tract--Campbell Creek Science Center","2025-10-24 09:20",1,61.164522,-149.7774482,TRUE,FALSE,FALSE,"S281125297"
"227","bkbmag1","Black-billed Magpie","Pica hudsonia","L3949178","Pagosa Lake","2025-10-24 09:20",6,37.2771735,-107.0801032,TRUE,FALSE,FALSE,"S281102149"
"228","bkbmag1","Black-billed Magpie","Pica hudsonia","L8154121","North Valleys Regional Park","2025-10-24 09:15",1,39.6249552,-119.8669039,TRUE,FALSE,FALSE,"S281113223"
"229","bkbmag1","Black-billed Magpie","Pica hudsonia","L2808502","Industrial Park Pond","2025-10-24 09:13",1,37.3668829,-108.5839748,TRUE,FALSE,FALSE,"S281091341"
"230","bkbmag1","Black-billed Magpie","Pica hudsonia","L869900","Wild Horse Reservoir","2025-10-24 09:11",3,41.64816,-115.7924652,TRUE,FALSE,FALSE,"S281154080"
"231","bkbmag1","Black-billed Magpie","Pica hudsonia","L2187555","Moab--Mill Creek Parkway West of US191","2025-10-24 09:09",2,38.5721069,-109.5577079,TRUE,FALSE,FALSE,"S281091892"
"232","bkbmag1","Black-billed Magpie","Pica hudsonia","L3787121","Wawawai County Park","2025-10-24 09:09",1,46.6365313,-117.3745716,TRUE,FALSE,FALSE,"S281116597"
"233","bkbmag1","Black-billed Magpie","Pica hudsonia","L215383","Gates of the Mountains","2025-10-24 09:09",1,46.8305931,-111.9483969,TRUE,FALSE,FALSE,"S281098357"
"234","bkbmag1","Black-billed Magpie","Pica hudsonia","L7772945","Ridgway SP--Dallas Creek area","2025-10-24 09:08",3,38.189649,-107.748031,TRUE,FALSE,FALSE,"S281118425"
"235","bkbmag1","Black-billed Magpie","Pica hudsonia","L25987159","Blue Lakes","2025-10-24 09:06",1,41.6809956,-118.7186591,TRUE,FALSE,FALSE,"S281121282"
"236","bkbmag1","Black-billed Magpie","Pica hudsonia","L6800283","Cherry Creek SP--Railroad Bed Trail","2025-10-24 09:04",3,39.6176233,-104.8378301,TRUE,FALSE,FALSE,"S281091627"
"237","bkbmag1","Black-billed Magpie","Pica hudsonia","L3288906","Lee Metcalf NWR--Wildlife Viewing Area","2025-10-24 09:03",1,46.5399565,-114.0932965,TRUE,FALSE,FALSE,"S281132794"
"238","bkbmag1","Black-billed Magpie","Pica hudsonia","L882726","Clear Creek Trail--Golden to I-70","2025-10-24 09:03",6,39.7724276,-105.1514822,TRUE,FALSE,FALSE,"S281104774"
"239","bkbmag1","Black-billed Magpie","Pica hudsonia","L167923","Bluff Lake Nature Center","2025-10-24 09:01",5,39.7607061,-104.8602202,TRUE,FALSE,FALSE,"S281085814"
"240","bkbmag1","Black-billed Magpie","Pica hudsonia","L11919549","Olde Stage Rd--Red Hill Rd to Lefthand Canyon Dr","2025-10-24 09:01",3,40.0968168,-105.3026609,TRUE,FALSE,FALSE,"S281091199"
"241","bkbmag1","Black-billed Magpie","Pica hudsonia","L480864","South Platte Park--C470 area","2025-10-24 09:01",1,39.570896,-105.0411201,TRUE,FALSE,FALSE,"S281123486"
"242","bkbmag1","Black-billed Magpie","Pica hudsonia","L10219252","Wildridge Rd","2025-10-24 09:00",8,39.6656404,-106.5443889,TRUE,FALSE,TRUE,"S281091961"
"243","bkbmag1","Black-billed Magpie","Pica hudsonia","L27799473","Hines (town)","2025-10-24 09:00",1,43.5627406,-119.0860747,TRUE,FALSE,FALSE,"S281097993"
"244","bkbmag1","Black-billed Magpie","Pica hudsonia","L54399248","3270 Cascade Hound Creek Rd, Cascade US-MT 47.24145, -111.63013","2025-10-24 08:56",2,47.24145,-111.630133,TRUE,FALSE,TRUE,"S281085883"
"245","bkbmag1","Black-billed Magpie","Pica hudsonia","L291535","Home Feeders","2025-10-24 08:55",2,46.4956111,-111.9674722,TRUE,FALSE,TRUE,"S281090455"
"246","bkbmag1","Black-billed Magpie","Pica hudsonia","L10121263","Ridgway SP--Marina area","2025-10-24 08:55",2,38.2237598,-107.7339994,TRUE,FALSE,FALSE,"S281099202"
"247","bkbmag1","Black-billed Magpie","Pica hudsonia","L5800430","Coal Creek Corridor Open Space","2025-10-24 08:54",1,39.9787315,-105.1076818,TRUE,FALSE,FALSE,"S281117278"
"248","bkbmag1","Black-billed Magpie","Pica hudsonia","L41041405","Great Lawn Park","2025-10-24 08:53",22,39.724017,-104.887444,TRUE,FALSE,FALSE,"S281098443"
"249","bkbmag1","Black-billed Magpie","Pica hudsonia","L16838308","County Road 113 Pond","2025-10-24 08:53",2,35.9012291,-105.9858482,TRUE,FALSE,FALSE,"S281085869"
"250","bkbmag1","Black-billed Magpie","Pica hudsonia","L548187","Montour WMA","2025-10-24 08:52",1,43.9196278,-116.3275981,TRUE,FALSE,FALSE,"S281133851"
"251","bkbmag1","Black-billed Magpie","Pica hudsonia","L4510807","Fort Missoula Gravel Quarry (restricted access - view from Fort Missoula)","2025-10-24 08:49",8,46.8428455,-114.0747571,TRUE,FALSE,FALSE,"S281110489"
"252","bkbmag1","Black-billed Magpie","Pica hudsonia","L4903628","Cabarton Road Launch Site","2025-10-24 08:49",1,44.4137351,-116.0314608,TRUE,FALSE,FALSE,"S281093666"
"253","bkbmag1","Black-billed Magpie","Pica hudsonia","L13356683","Cherry Creek State Park, Englewood US-CO 39.62062, -104.84076","2025-10-24 08:48",1,39.620623,-104.840765,TRUE,FALSE,TRUE,"S281085513"
"254","bkbmag1","Black-billed Magpie","Pica hudsonia","L271593","Flat Creek Wildlife Observation Point and Marshes","2025-10-24 08:47",8,43.4908574,-110.7611319,TRUE,FALSE,FALSE,"S281092602"
"255","bkbmag1","Black-billed Magpie","Pica hudsonia","L1818121","Rocky Mountain Arsenal NWR--Lake Ladora","2025-10-24 08:46",1,39.8170715,-104.8569235,TRUE,FALSE,FALSE,"S281090061"
"256","bkbmag1","Black-billed Magpie","Pica hudsonia","L282515","Boulder Creek--University of Colorado campus","2025-10-24 08:46",2,40.0113789,-105.2656611,TRUE,FALSE,FALSE,"S281084871"
"257","bkbmag1","Black-billed Magpie","Pica hudsonia","L3081185","Arapahoe Bend Natural Area","2025-10-24 08:45",1,40.5374246,-105.0008655,TRUE,FALSE,FALSE,"S281103933"
"258","bkbmag1","Black-billed Magpie","Pica hudsonia","L485847","Grand Junction Wildlife Area","2025-10-24 08:44",11,39.0541513,-108.5741472,TRUE,FALSE,FALSE,"S281124018"
"259","bkbmag1","Black-billed Magpie","Pica hudsonia","L1465889","Bear Creek Park (Denver)","2025-10-24 08:43",2,39.6513211,-105.0451708,TRUE,FALSE,FALSE,"S281099444"
"260","bkbmag1","Black-billed Magpie","Pica hudsonia","L280747","Convict Lake","2025-10-24 08:43",1,37.5910827,-118.8519808,TRUE,FALSE,FALSE,"S281109534"
"261","bkbmag1","Black-billed Magpie","Pica hudsonia","L7941934","Jordan River Parkway--Redwood Rd to Davis Co. Line","2025-10-24 08:40",2,40.8151569,-111.9414783,TRUE,FALSE,FALSE,"S281096022"
"262","bkbmag1","Black-billed Magpie","Pica hudsonia","L37992845","spring creek park","2025-10-24 08:39",2,40.5475998,-105.122757,TRUE,FALSE,TRUE,"S281107884"
"263","bkbmag1","Black-billed Magpie","Pica hudsonia","L20864125","House of Meadowlarks (Private)","2025-10-24 08:38",1,41.8682065,-122.4219941,TRUE,FALSE,TRUE,"S281132109"
"264","bkbmag1","Black-billed Magpie","Pica hudsonia","L247311","Lee Metcalf NWR","2025-10-24 08:35",2,46.5553628,-114.0762529,TRUE,FALSE,FALSE,"S281082768"
"265","bkbmag1","Black-billed Magpie","Pica hudsonia","L24184299","Purdy Mesa Rd, Whitewater US-CO","2025-10-24 08:34",1,38.949629,-108.304064,TRUE,FALSE,TRUE,"S281112787"
"266","bkbmag1","Black-billed Magpie","Pica hudsonia","L25986873","Onion Valley Reservoir","2025-10-24 08:34",2,41.6911298,-118.7457407,TRUE,FALSE,FALSE,"S281136446"
"267","bkbmag1","Black-billed Magpie","Pica hudsonia","L26824442","Personal Location","2025-10-24 08:32",1,39.679679,-104.881888,TRUE,FALSE,TRUE,"S281093726"
"268","bkbmag1","Black-billed Magpie","Pica hudsonia","L13866230","Raven's Wood","2025-10-24 08:32",1,46.5463575,-112.0633234,TRUE,FALSE,TRUE,"S281108250"
"269","bkbmag1","Black-billed Magpie","Pica hudsonia","L38167073","Salish Hills Drive 20 acre yard","2025-10-24 08:30",1,47.5541904,-114.300079,TRUE,FALSE,TRUE,"S281084898"
"270","bkbmag1","Black-billed Magpie","Pica hudsonia","L363693","Deer Creek Canyon Park","2025-10-24 08:29",1,39.5355568,-105.1626778,TRUE,FALSE,FALSE,"S281130516"
"271","bkbmag1","Black-billed Magpie","Pica hudsonia","L7508705","LAK Reservoir area","2025-10-24 08:26",1,43.8300069,-104.108634,TRUE,FALSE,FALSE,"S281104687"
"272","bkbmag1","Black-billed Magpie","Pica hudsonia","L805572","Cherry Creek SP--Cottonwood Creek Wetlands","2025-10-24 08:26",3,39.6246748,-104.8488443,TRUE,FALSE,FALSE,"S281082537"
"273","bkbmag1","Black-billed Magpie","Pica hudsonia","L9157949","Eagle Park Campground","2025-10-24 08:26",5,43.8383716,-111.7976257,TRUE,FALSE,FALSE,"S281082103"
"274","bkbmag1","Black-billed Magpie","Pica hudsonia","L54398499","700 Homestead Dr, Midway US-UT 40.52221, -111.48461","2025-10-24 08:25",1,40.522213,-111.484609,TRUE,FALSE,TRUE,"S281082066"
"275","bkbmag1","Black-billed Magpie","Pica hudsonia","L2234396","Ashley Nature Park","2025-10-24 08:25",1,40.4783576,-109.5666933,TRUE,FALSE,FALSE,"S281081613"
"276","bkbmag1","Black-billed Magpie","Pica hudsonia","L3692121","Peaks Rd (private)","2025-10-24 08:22",6,42.7007306,-108.6932373,TRUE,FALSE,TRUE,"S281096503"
"277","bkbmag1","Black-billed Magpie","Pica hudsonia","L3220383","Chatfield SP - lake shore at NW side of campground","2025-10-24 08:22",3,39.5400662,-105.0697821,TRUE,FALSE,TRUE,"S281123780"
"278","bkbmag1","Black-billed Magpie","Pica hudsonia","L6809939","Fox Hill Park area","2025-10-24 08:20",2,39.629837,-104.7586652,TRUE,FALSE,FALSE,"S281157432"
"279","bkbmag1","Black-billed Magpie","Pica hudsonia","L6215274","Leawood Elementary School, Littleton ","2025-10-24 08:20",1,39.607713,-105.065345,TRUE,FALSE,TRUE,"S281125806"
"280","bkbmag1","Black-billed Magpie","Pica hudsonia","L21272196","6330 S Olathe St, Centennial US-CO 39.60160, -104.79318","2025-10-24 08:20",5,39.601598,-104.793183,TRUE,FALSE,TRUE,"S281091333"
"281","bkbmag1","Black-billed Magpie","Pica hudsonia","L22429522","Tiara Rado Golf Course, Grand Junction, Colorado, US (39.076, -108.67)","2025-10-24 08:19",1,39.0758446,-108.6697271,TRUE,FALSE,TRUE,"S281109769"
"282","bkbmag1","Black-billed Magpie","Pica hudsonia","L798588","Chatfield SP--Audubon Center & Trails","2025-10-24 08:18",5,39.4934273,-105.0918996,TRUE,FALSE,FALSE,"S281106784"
"283","bkbmag1","Black-billed Magpie","Pica hudsonia","L54397589","2201–2687 Durston Rd, Bozeman US-MT (45.6860,-111.1349)","2025-10-24 08:18",2,45.685981,-111.134911,TRUE,FALSE,TRUE,"S281077378"
"284","bkbmag1","Black-billed Magpie","Pica hudsonia","L338025","Sloan's Lake Park","2025-10-24 08:15",1,39.7485509,-105.0461089,TRUE,FALSE,FALSE,"S281086407"
"285","bkbmag1","Black-billed Magpie","Pica hudsonia","L54397386","Lincoln Highway, Rock Springs, Wyoming, US (41.689, -108.843)","2025-10-24 08:14",1,41.6888935,-108.8431581,TRUE,FALSE,TRUE,"S281076336"
"286","bkbmag1","Black-billed Magpie","Pica hudsonia","L11804098","Bike Path along Salt Creek","2025-10-24 08:14",6,39.6037573,-106.7588293,TRUE,FALSE,FALSE,"S281125265"
"287","bkbmag1","Black-billed Magpie","Pica hudsonia","L1119772","Ohkay Owingeh Fishing Lakes","2025-10-24 08:12",12,36.0239739,-106.074028,TRUE,FALSE,FALSE,"S281115348"
"288","bkbmag1","Black-billed Magpie","Pica hudsonia","L3213556","Rosy central","2025-10-24 08:10",7,40.3335988,-105.5122286,TRUE,FALSE,TRUE,"S281077487"
"289","bkbmag1","Black-billed Magpie","Pica hudsonia","L356819","Steamboat Lake SP","2025-10-24 08:09",3,40.7957441,-106.9602081,TRUE,FALSE,FALSE,"S281101930"
"290","bkbmag1","Black-billed Magpie","Pica hudsonia","L54280490","27484 Thimbleberry Ln, Evergreen US-CO 39.59634, -105.31349","2025-10-24 08:07",4,39.596342,-105.313493,TRUE,FALSE,TRUE,"S281085062"
"291","bkbmag1","Black-billed Magpie","Pica hudsonia","L38533788","East High School","2025-10-24 08:06",1,39.741567,-104.955831,TRUE,FALSE,TRUE,"S281086167"
"292","bkbmag1","Black-billed Magpie","Pica hudsonia","L4950051","Hyrum SP -- West End of Hyrum Reservoir","2025-10-24 08:06",10,41.6270558,-111.8695843,TRUE,FALSE,FALSE,"S281078485"
"293","bkbmag1","Black-billed Magpie","Pica hudsonia","L807196","Lowell Ponds Open Space","2025-10-24 08:05",1,39.7980393,-105.0387781,TRUE,FALSE,FALSE,"S281101906"
"294","bkbmag1","Black-billed Magpie","Pica hudsonia","L3238235","Diamond Creek Pond","2025-10-24 08:02",1,39.44254,-119.7564054,TRUE,FALSE,FALSE,"S281112281"
"295","bkbmag1","Black-billed Magpie","Pica hudsonia","L1222992","Rifle Gap SP","2025-10-24 08:02",5,39.6314734,-107.7546358,TRUE,FALSE,FALSE,"S281085587"
"296","bkbmag1","Black-billed Magpie","Pica hudsonia","L477002","AAHome","2025-10-24 08:00",1,39.7007566,-105.1545078,TRUE,FALSE,TRUE,"S281106309"
"297","bkbmag1","Black-billed Magpie","Pica hudsonia","L248365","GSL Shoreline Preserve","2025-10-24 07:59",1,41.0403388,-112.0255668,TRUE,FALSE,FALSE,"S281087846"
"298","bkbmag1","Black-billed Magpie","Pica hudsonia","L1529298","Intermountain Bird Observatory at Lucky Peak","2025-10-24 07:59",2,43.6056275,-116.0600716,TRUE,FALSE,FALSE,"S281106812"
"299","bkbmag1","Black-billed Magpie","Pica hudsonia","L9948193","3rd & Forest","2025-10-24 07:58",15,40.0324087,-105.2930151,TRUE,FALSE,TRUE,"S281078062"
"300","bkbmag1","Black-billed Magpie","Pica hudsonia","L5408959","Ute Pass Rd--lower (Summit Co)","2025-10-24 07:58",3,39.7941609,-106.1395168,TRUE,FALSE,FALSE,"S281098908"
"301","bkbmag1","Black-billed Magpie","Pica hudsonia","L580325","Betasso Preserve","2025-10-24 07:58",8,40.0159146,-105.3412485,TRUE,FALSE,FALSE,"S281093728"
"302","bkbmag1","Black-billed Magpie","Pica hudsonia","L28266513","Provo River Delta","2025-10-24 07:57",1,40.2458762,-111.7205421,TRUE,FALSE,FALSE,"S281095835"
"303","bkbmag1","Black-billed Magpie","Pica hudsonia","L11551106","Yard, Aspen, Colorado, US (39.189, -106.809)","2025-10-24 07:53",1,39.1893956,-106.8088702,TRUE,FALSE,TRUE,"S281073004"
"304","bkbmag1","Black-billed Magpie","Pica hudsonia","L10712508","Larimer Co Road 23H, Loveland, Colorado, US (40.407, -105.169)","2025-10-24 07:53",3,40.4069853,-105.1692998,TRUE,FALSE,TRUE,"S281072190"
"305","bkbmag1","Black-billed Magpie","Pica hudsonia","L3255200","Sand Creek--Havana St. to Westerly Creek","2025-10-24 07:52",2,39.7662821,-104.8719209,TRUE,FALSE,FALSE,"S281084441"
"306","bkbmag1","Black-billed Magpie","Pica hudsonia","L41180886","Skyway Open Space and Pump Track","2025-10-24 07:52",1,38.807112,-104.852622,TRUE,FALSE,TRUE,"S281075499"
"307","bkbmag1","Black-billed Magpie","Pica hudsonia","L661343","Bennington Lake","2025-10-24 07:49",5,46.0659807,-118.2622647,TRUE,FALSE,FALSE,"S281111777"
"308","bkbmag1","Black-billed Magpie","Pica hudsonia","L610738","Manitou Lake","2025-10-24 07:48",2,39.0901133,-105.097661,TRUE,FALSE,FALSE,"S281084476"
"309","bkbmag1","Black-billed Magpie","Pica hudsonia","L11289593","Ken Caryl park n ride and vicinity","2025-10-24 07:45",7,39.58232,-105.136798,TRUE,FALSE,TRUE,"S281123438"
"310","bkbmag1","Black-billed Magpie","Pica hudsonia","L29345463","Idaho Falls Country Club area","2025-10-24 07:45",9,43.394479,-111.987692,TRUE,FALSE,TRUE,"S281079395"
"311","bkbmag1","Black-billed Magpie","Pica hudsonia","L1524203","Cattail Lake/Davis Lane Pond","2025-10-24 07:42",2,45.7174993,-111.0806206,TRUE,FALSE,FALSE,"S281073996"
"312","bkbmag1","Black-billed Magpie","Pica hudsonia","L732477","Denver City Park","2025-10-24 07:40",17,39.7474539,-104.9455476,TRUE,FALSE,FALSE,"S281078052"
"313","bkbmag1","Black-billed Magpie","Pica hudsonia","L439033","Idlers Rest Nature Preserve","2025-10-24 07:38",3,46.8011391,-116.9528425,TRUE,FALSE,FALSE,"S281096785"
"314","bkbmag1","Black-billed Magpie","Pica hudsonia","L1117421","Animas Park","2025-10-24 07:35",1,36.7322808,-108.1795406,TRUE,FALSE,FALSE,"S281102720"
"315","bkbmag1","Black-billed Magpie","Pica hudsonia","L11445773","Ballardini Ranch Loop Trail","2025-10-24 07:35",10,39.4481058,-119.8242739,TRUE,FALSE,FALSE,"S281091649"
"316","bkbmag1","Black-billed Magpie","Pica hudsonia","L2455978","Ken Caryl - W Ken Caryle Ave Safeway and vicinity","2025-10-24 07:32",5,39.5793807,-105.1363814,TRUE,FALSE,TRUE,"S281070456"
"317","bkbmag1","Black-billed Magpie","Pica hudsonia","L10147268","Big Timber, Montana","2025-10-24 07:30",4,45.8269497,-109.9450725,TRUE,FALSE,TRUE,"S281151874"
"318","bkbmag1","Black-billed Magpie","Pica hudsonia","L8646579","Home","2025-10-24 07:20",1,39.2280075,-106.9321307,TRUE,FALSE,TRUE,"S281067263"
"319","bkbmag1","Black-billed Magpie","Pica hudsonia","L41950936","Colorado Home","2025-10-24 07:18",1,37.2931258,-107.8648168,TRUE,FALSE,TRUE,"S281084761"
"320","bkbmag1","Black-billed Magpie","Pica hudsonia","L5084997","Home","2025-10-24 07:16",1,39.551925,-104.930901,TRUE,FALSE,TRUE,"S281068446"
"321","bkbmag1","Black-billed Magpie","Pica hudsonia","L27365755","102 Cholla Cir, Florence US-CO 38.34294, -105.12531","2025-10-24 07:15",5,38.342939,-105.12531,TRUE,FALSE,TRUE,"S281086294"
"322","bkbmag1","Black-billed Magpie","Pica hudsonia","L1980387","Home","2025-10-24 07:15",1,38.8612506,-104.864263,TRUE,FALSE,TRUE,"S281113681"
"323","bkbmag1","Black-billed Magpie","Pica hudsonia","L21209548","Argenta WMA","2025-10-24 07:15",NA,40.66918,-116.930015,TRUE,FALSE,FALSE,"S281101793"
"324","bkbmag1","Black-billed Magpie","Pica hudsonia","L25986841","Little Onion Reservoir","2025-10-24 07:05",1,41.6829775,-118.7528589,TRUE,FALSE,FALSE,"S281121224"
"325","bkbmag1","Black-billed Magpie","Pica hudsonia","L2528680","Ken Caryl Valley - Silverberry","2025-10-24 06:56",2,39.577396,-105.1634744,TRUE,FALSE,TRUE,"S281067371"
"326","bkbmag1","Black-billed Magpie","Pica hudsonia","L270613","Auke Bay - Yard & Point","2025-10-24",3,58.3610546,-134.6455336,TRUE,FALSE,TRUE,"S281137402"
"327","bkbmag1","Black-billed Magpie","Pica hudsonia","L4343309","Frenchtown Slough","2025-10-23 18:09",1,47.0203695,-114.2644107,TRUE,FALSE,FALSE,"S281015625"
"328","bkbmag1","Black-billed Magpie","Pica hudsonia","L2937153","Frenchtown Pond SP","2025-10-23 18:07",5,47.0231874,-114.2582202,TRUE,FALSE,FALSE,"S281016514"
"329","bkbmag1","Black-billed Magpie","Pica hudsonia","L1170590","Lake Lucille Park","2025-10-23 17:57",2,61.5688649,-149.4782639,TRUE,FALSE,FALSE,"S281018358"
"330","bkbmag1","Black-billed Magpie","Pica hudsonia","L52806068","University District","2025-10-23 17:36",1,46.850611,-113.991756,TRUE,FALSE,TRUE,"S281008383"
"331","bkbmag1","Black-billed Magpie","Pica hudsonia","L28313502","Stone House","2025-10-23 17:21",7,39.666279,-105.0923382,TRUE,FALSE,TRUE,"S281004803"
"332","bkbmag1","Black-billed Magpie","Pica hudsonia","L1426627","Big Cottonwood Park","2025-10-23 17:20",4,40.6711287,-111.8480671,TRUE,FALSE,FALSE,"S281008906"
"333","bkbmag1","Black-billed Magpie","Pica hudsonia","L4686166","Story Mill Community Park","2025-10-23 17:04",3,45.6976446,-111.022429,TRUE,FALSE,FALSE,"S281006152"
"334","bkbmag1","Black-billed Magpie","Pica hudsonia","L553070","K-Mart Wetlands","2025-10-23 16:59",3,46.6114816,-112.0117673,TRUE,FALSE,FALSE,"S281010475"
"335","bkbmag1","Black-billed Magpie","Pica hudsonia","L7215062","1809 E Tufts Ave","2025-10-23 16:57",1,39.6334366,-104.9664259,TRUE,FALSE,TRUE,"S281004064"
"336","bkbmag1","Black-billed Magpie","Pica hudsonia","L457909","Sunnyside Park, Pullman","2025-10-23 16:52",4,46.7285658,-117.1923637,TRUE,FALSE,FALSE,"S281010171"
"337","bkbmag1","Black-billed Magpie","Pica hudsonia","L5201677","Yard","2025-10-23 16:50",1,47.1891219,-111.6126287,TRUE,FALSE,TRUE,"S281003069"
"338","bkbmag1","Black-billed Magpie","Pica hudsonia","L13913280","Rockrimmon Trail","2025-10-23 16:48",10,38.925787,-104.8328566,TRUE,FALSE,FALSE,"S281009916"
"339","bkbmag1","Black-billed Magpie","Pica hudsonia","L25247402","22643 Surprise Valley Rd, Reno US-NV 40.48898, -119.83144","2025-10-23 16:41",1,40.48898,-119.831443,TRUE,FALSE,TRUE,"S281024328"
"340","bkbmag1","Black-billed Magpie","Pica hudsonia","L6505014","Walnut Home","2025-10-23 16:41",1,43.4400595,-103.4893785,TRUE,FALSE,TRUE,"S281002104"
"341","bkbmag1","Black-billed Magpie","Pica hudsonia","L2287746","Boulder Mountain Park--Bear Canyon Trail","2025-10-23 16:40",5,39.9735354,-105.2739894,TRUE,FALSE,FALSE,"S281150626"
"342","bkbmag1","Black-billed Magpie","Pica hudsonia","L6242279","Greenough Park, Missoula US-MT (46.8746,-113.9797)","2025-10-23 16:33",4,46.874587,-113.979691,TRUE,FALSE,TRUE,"S281002914"
"343","bkbmag1","Black-billed Magpie","Pica hudsonia","L54399067","5126–5176 N US Highway 93, Mackay US-ID 44.01200, -113.77347","2025-10-23 16:33",8,44.012,-113.773472,TRUE,FALSE,TRUE,"S281084901"
"344","bkbmag1","Black-billed Magpie","Pica hudsonia","L2227164","17 Buena Vista","2025-10-23 16:30",4,36.4711223,-105.6051747,TRUE,FALSE,TRUE,"S281011236"
"345","bkbmag1","Black-billed Magpie","Pica hudsonia","L3997834","Cherry Creek SP--Lake Loop","2025-10-23 16:30",2,39.6352908,-104.8598349,TRUE,FALSE,FALSE,"S281125097"
"346","bkbmag1","Black-billed Magpie","Pica hudsonia","L9730181","Norris Loop, Eureka US-MT (48.9019,-115.0105)","2025-10-23 16:28",2,48.901866,-115.010507,TRUE,FALSE,TRUE,"S281004726"
"347","bkbmag1","Black-billed Magpie","Pica hudsonia","L129129","Westchester Lagoon","2025-10-23 16:25",1,61.2070462,-149.9198785,TRUE,FALSE,FALSE,"S281016442"
"348","bkbmag1","Black-billed Magpie","Pica hudsonia","L25988587","Sand Pass Road—Alder Creek Road to Onion Valley Reservoir","2025-10-23 16:18",6,41.701031,-118.747471,TRUE,FALSE,TRUE,"S281136563"
"349","bkbmag1","Black-billed Magpie","Pica hudsonia","L40396200","10030 E Morgan Rd, Spokane US-WA 47.72860, -117.26949","2025-10-23 16:17",1,47.728604,-117.269494,TRUE,FALSE,TRUE,"S281004378"
"350","bkbmag1","Black-billed Magpie","Pica hudsonia","L279330","Canyon Hill Cemetery","2025-10-23 16:08",1,43.6911032,-116.675939,TRUE,FALSE,FALSE,"S281000179"
"351","bkbmag1","Black-billed Magpie","Pica hudsonia","L19707663","805–827 Whitlash Rd, Whitlash US-MT 48.87468, -111.24013","2025-10-23 16:05",2,48.874681,-111.240134,TRUE,FALSE,TRUE,"S281004290"
"352","bkbmag1","Black-billed Magpie","Pica hudsonia","L42513029","Highline Lake State Park, Loma US-CO 39.28068, -108.84207","2025-10-23 16:03",1,39.28068,-108.842074,TRUE,FALSE,TRUE,"S281015817"
"353","bkbmag1","Black-billed Magpie","Pica hudsonia","L10189450","Big Salt Wash - feeders","2025-10-23 16:03",2,39.1708497,-108.7463064,TRUE,FALSE,TRUE,"S281004230"
"354","bkbmag1","Black-billed Magpie","Pica hudsonia","L2169625","little montana lake","2025-10-23 16:00",1,62.1382017,-150.0529043,TRUE,FALSE,TRUE,"S281010335"
"355","bkbmag1","Black-billed Magpie","Pica hudsonia","L32136831","medical clinic","2025-10-23 16:00",1,40.609421,-111.983902,TRUE,FALSE,TRUE,"S280995336"
"356","bkbmag1","Black-billed Magpie","Pica hudsonia","L10749298","Saltese--Church Pond","2025-10-23 15:57",3,47.6389037,-117.1360343,TRUE,FALSE,FALSE,"S281006961"
"357","bkbmag1","Black-billed Magpie","Pica hudsonia","L54279154","Needham","2025-10-23 15:55",2,37.293386,-107.881017,TRUE,FALSE,TRUE,"S280995773"
"358","bkbmag1","Black-billed Magpie","Pica hudsonia","L800033","North Utah County Equestrian and Hunter Park","2025-10-23 15:55",2,40.4000897,-111.8167019,TRUE,FALSE,FALSE,"S281003778"
"359","bkbmag1","Black-billed Magpie","Pica hudsonia","L54380634","Outlets at Castle Rock, Castle Rock US-CO 39.41485, -104.87209","2025-10-23 15:55",1,39.414846,-104.872088,TRUE,FALSE,TRUE,"S280994973"
"360","bkbmag1","Black-billed Magpie","Pica hudsonia","L54381979","Washington 174, Grand Coulee, Washington, US (47.967, -119.007)","2025-10-23 15:52",2,47.9672933,-119.006832,TRUE,FALSE,TRUE,"S281001662"
"361","bkbmag1","Black-billed Magpie","Pica hudsonia","L54381859","1170 McBride Rd, Potlatch","2025-10-23 15:47",2,46.902803,-116.939262,TRUE,FALSE,TRUE,"S281001084"
"362","bkbmag1","Black-billed Magpie","Pica hudsonia","L571452","Owen Sowerwine Natural Area","2025-10-23 15:30",2,48.1864326,-114.2767167,TRUE,FALSE,FALSE,"S280996729"
"363","bkbmag1","Black-billed Magpie","Pica hudsonia","L34631646","Killdeer Mountains WMA--east","2025-10-23 15:28",1,47.4574439,-102.9631279,TRUE,FALSE,FALSE,"S281001402"
"364","bkbmag1","Black-billed Magpie","Pica hudsonia","L3029444","Salyer,  McMurry and Magpie Meander Natural Areas","2025-10-23 15:22",1,40.6023459,-105.0882947,TRUE,FALSE,FALSE,"S281005238"
"365","bkbmag1","Black-billed Magpie","Pica hudsonia","L17800988","Coastal Trail -- Point Woronzof to Clithroe","2025-10-23 15:18",1,61.192017,-150.0230824,TRUE,FALSE,TRUE,"S281014229"
"366","bkbmag1","Black-billed Magpie","Pica hudsonia","L167924","Rocky Mountain Arsenal NWR (Please use more specific locations)","2025-10-23 15:15",1,39.8209707,-104.8680639,TRUE,FALSE,FALSE,"S281001975"
"367","bkbmag1","Black-billed Magpie","Pica hudsonia","L3077520","Wellington SWA--Cobb Lake Unit","2025-10-23 15:14",2,40.660574,-104.9630088,TRUE,FALSE,FALSE,"S281002589"
"368","bkbmag1","Black-billed Magpie","Pica hudsonia","L556992","Madison Buffalo Jump SP","2025-10-23 15:11",2,45.794425,-111.4721531,TRUE,FALSE,FALSE,"S280997063"
"369","bkbmag1","Black-billed Magpie","Pica hudsonia","L54382406","13414 E Second St, Talkeetna US-AK 62.32102, -150.11850","2025-10-23 15:11",1,62.321019,-150.118501,TRUE,FALSE,TRUE,"S281003698"
"370","bkbmag1","Black-billed Magpie","Pica hudsonia","L1217359","Table Rock","2025-10-23 15:11",3,43.59915,-116.15328,TRUE,FALSE,FALSE,"S281004447"
"371","bkbmag1","Black-billed Magpie","Pica hudsonia","L54380469","Utah and Salt Lake Canal Trail -- 6000-6400 W","2025-10-23 15:03",1,40.6845206,-112.0392063,TRUE,FALSE,TRUE,"S280994733"
"372","bkbmag1","Black-billed Magpie","Pica hudsonia","L7176983","Big Eddy FAS","2025-10-23 14:55",2,47.1933928,-114.881056,TRUE,FALSE,FALSE,"S280992615"
"373","bkbmag1","Black-billed Magpie","Pica hudsonia","L6719766","Turtle Lake Area","2025-10-23 14:49",16,47.6647825,-114.0782814,TRUE,FALSE,TRUE,"S280993607"
"374","bkbmag1","Black-billed Magpie","Pica hudsonia","L3567277","Grant Creek Trail and RMEF Visitors Center","2025-10-23 14:48",1,46.91817,-114.03249,TRUE,FALSE,FALSE,"S281003665"
"375","bkbmag1","Black-billed Magpie","Pica hudsonia","L10364726","Constantia Rd. (LAS Co.)","2025-10-23 14:48",6,39.953191,-120.072008,TRUE,FALSE,FALSE,"S281025669"
"376","bkbmag1","Black-billed Magpie","Pica hudsonia","L5987280","Crooked River Wetlands Complex","2025-10-23 14:47",1,44.3165109,-120.897857,TRUE,FALSE,FALSE,"S281002351"
"377","bkbmag1","Black-billed Magpie","Pica hudsonia","L385644","Standley Lake Park--north shore","2025-10-23 14:46",6,39.8739445,-105.1244831,TRUE,FALSE,FALSE,"S280999549"
"378","bkbmag1","Black-billed Magpie","Pica hudsonia","L6852349","Granada Relocation Center (Camp Amache)","2025-10-23 14:36",1,38.0497256,-102.328999,TRUE,FALSE,FALSE,"S280987665"
"379","bkbmag1","Black-billed Magpie","Pica hudsonia","L247320","National Bison Range--Visitor Center","2025-10-23 14:35",2,47.367259,-114.255792,TRUE,FALSE,FALSE,"S281020580"
"380","bkbmag1","Black-billed Magpie","Pica hudsonia","L159707","Beebe Draw area","2025-10-23 14:32",1,40.28337,-104.63199,TRUE,FALSE,FALSE,"S281016115"
"381","bkbmag1","Black-billed Magpie","Pica hudsonia","L7284006","Hwy 244, between Red Bridge and Hilgard S.P.","2025-10-23 14:31",2,45.3156415,-118.2742167,TRUE,FALSE,TRUE,"S281005216"
"382","bkbmag1","Black-billed Magpie","Pica hudsonia","L11287539","Bradfield Recreation Site","2025-10-23 14:30",1,37.6581284,-108.7368025,TRUE,FALSE,FALSE,"S280996495"
"383","bkbmag1","Black-billed Magpie","Pica hudsonia","L6125506","Garden of the Gods--Cabin Canyon Trail","2025-10-23 14:26",1,38.8681148,-104.8921824,TRUE,FALSE,FALSE,"S280992788"
"384","bkbmag1","Black-billed Magpie","Pica hudsonia","L6948894","Roo's Roost","2025-10-23 14:25",1,39.596353,-104.9840319,TRUE,FALSE,TRUE,"S280985226"
"385","bkbmag1","Black-billed Magpie","Pica hudsonia","L4205132","Pete's Pond and E. Saltese Lake Rd","2025-10-23 14:25",7,47.6066332,-117.1244663,TRUE,FALSE,TRUE,"S281002143"
"386","bkbmag1","Black-billed Magpie","Pica hudsonia","L54325419","Auto selected 61.21790, -149.90162","2025-10-23 14:21",1,61.2179,-149.901621,TRUE,FALSE,TRUE,"S281002227"
"387","bkbmag1","Black-billed Magpie","Pica hudsonia","L27176941","The Vista House (Private Property)","2025-10-23 14:20",1,43.158487,-110.370594,TRUE,FALSE,TRUE,"S281147073"
"388","bkbmag1","Black-billed Magpie","Pica hudsonia","L47471761","Dude's Place","2025-10-23 14:15",2,39.7974235,-105.1857924,TRUE,FALSE,TRUE,"S280983514"
"389","bkbmag1","Black-billed Magpie","Pica hudsonia","L54378083","583 Boyd Cooney Dam Road, Roberts, Montana, US (45.447, -109.165)","2025-10-23 14:14",1,45.4468927,-109.1646922,TRUE,FALSE,TRUE,"S280982709"
"390","bkbmag1","Black-billed Magpie","Pica hudsonia","L54381015","Trafalgar Avenue, Juneau, Alaska, US (58.398, -134.552)","2025-10-23 14:10",1,58.397696,-134.5515851,TRUE,FALSE,TRUE,"S280996699"
"391","bkbmag1","Black-billed Magpie","Pica hudsonia","L54385993","Bison Range, Dixon US-MT 47.30195, -114.28116","2025-10-23 14:10",1,47.301949,-114.281162,TRUE,FALSE,TRUE,"S281020635"
"392","bkbmag1","Black-billed Magpie","Pica hudsonia","L11328114","Silver Leaf Reservoir","2025-10-23 14:10",4,41.1371124,-111.767646,TRUE,FALSE,FALSE,"S280983694"
"393","bkbmag1","Black-billed Magpie","Pica hudsonia","L2632800","Brainard Lake Road Gate","2025-10-23 14:05",2,40.0805745,-105.5353858,TRUE,FALSE,FALSE,"S281001769"
"394","bkbmag1","Black-billed Magpie","Pica hudsonia","L54377746","Rawhide Ridge, Bozeman US-MT (45.7042,-111.0674)","2025-10-23 14:04",3,45.704242,-111.067395,TRUE,FALSE,TRUE,"S280981209"
"395","bkbmag1","Black-billed Magpie","Pica hudsonia","L1061551","Kalifornsky - Yard-Buoy Avenue","2025-10-23 14:00",2,60.4946536,-151.2665227,TRUE,FALSE,TRUE,"S281037833"
"396","bkbmag1","Black-billed Magpie","Pica hudsonia","L54381833","Telocaset Ln south of Thief Valley Res.","2025-10-23 13:52",6,45.013234,-117.657059,TRUE,FALSE,TRUE,"S281000952"
"397","bkbmag1","Black-billed Magpie","Pica hudsonia","L54381606","Medical Springs Hwy","2025-10-23 13:46",7,44.972532,-117.650514,TRUE,FALSE,TRUE,"S280999805"
"398","bkbmag1","Black-billed Magpie","Pica hudsonia","L2714786","Vail (town)","2025-10-23 13:41",1,39.6406199,-106.3779438,TRUE,FALSE,FALSE,"S280978618"
"399","bkbmag1","Black-billed Magpie","Pica hudsonia","L54381581","Miles Bridge Rd","2025-10-23 13:30",1,44.889716,-117.612117,TRUE,FALSE,TRUE,"S280999689"
"400","bkbmag1","Black-billed Magpie","Pica hudsonia","L54377823","398 Whitmore Rd, Cascade US-MT 47.18742, -111.62114","2025-10-23 13:30",2,47.187421,-111.621143,TRUE,FALSE,TRUE,"S280981570"
"401","bkbmag1","Black-billed Magpie","Pica hudsonia","L506776","Highland Glen Park ","2025-10-23 13:30",5,40.414656,-111.7819834,TRUE,FALSE,FALSE,"S280984292"
"402","bkbmag1","Black-billed Magpie","Pica hudsonia","L140459","Wheat Ridge Greenbelt","2025-10-23 13:29",1,39.7742004,-105.1276016,TRUE,FALSE,FALSE,"S280988280"
"403","bkbmag1","Black-billed Magpie","Pica hudsonia","L54381559","Banta Rd","2025-10-23 13:20",1,44.845187,-117.595578,TRUE,FALSE,TRUE,"S280999575"
"404","bkbmag1","Black-billed Magpie","Pica hudsonia","L165391","Kamiak Butte","2025-10-23 13:18",2,46.86872,-117.156136,TRUE,FALSE,FALSE,"S281007190"
"405","bkbmag1","Black-billed Magpie","Pica hudsonia","L54396983","9598 County Road 730, Gunnison, Colorado, US (38.705, -107)","2025-10-23 13:12",8,38.7046565,-106.9997681,TRUE,FALSE,TRUE,"S281074182"
"406","bkbmag1","Black-billed Magpie","Pica hudsonia","L37891986","1023 Baxter Ln, Bozeman US-MT 45.69664, -111.05026","2025-10-23 13:10",2,45.696639,-111.050255,TRUE,FALSE,TRUE,"S281015104"
"407","bkbmag1","Black-billed Magpie","Pica hudsonia","L7601874","Promontory Ranch Rd","2025-10-23 13:10",2,40.7226849,-111.4758897,TRUE,FALSE,FALSE,"S280979494"
"408","bkbmag1","Black-billed Magpie","Pica hudsonia","L15178556","Denio (town)","2025-10-23 13:07",3,41.990066,-118.635444,TRUE,FALSE,FALSE,"S280987967"
"409","bkbmag1","Black-billed Magpie","Pica hudsonia","L342160","Beus Pond & Beus Forest Green Park","2025-10-23 13:04",NA,41.18395,-111.9386694,TRUE,FALSE,FALSE,"S280978798"
"410","bkbmag1","Black-billed Magpie","Pica hudsonia","L7429944","Beach Lake","2025-10-23 13:03",1,61.4016494,-149.5649099,TRUE,FALSE,TRUE,"S280993464"
"411","bkbmag1","Black-billed Magpie","Pica hudsonia","L4441611","Coyote Run Open Space","2025-10-23 13:02",2,39.9826408,-105.1496319,TRUE,FALSE,FALSE,"S280984044"
"412","bkbmag1","Black-billed Magpie","Pica hudsonia","L1365212","(1A private)-At Forest Creek","2025-10-23 13:00",4,45.584697,-111.0806178,TRUE,FALSE,TRUE,"S281074692"
"413","bkbmag1","Black-billed Magpie","Pica hudsonia","L1235897","Sourdough Nature Trail","2025-10-23 13:00",3,45.6398026,-111.0306966,TRUE,FALSE,FALSE,"S280978733"
"414","bkbmag1","Black-billed Magpie","Pica hudsonia","L776257","Whitewater ponds","2025-10-23 12:58",1,38.983098,-108.4554863,TRUE,FALSE,FALSE,"S280982007"
"415","bkbmag1","Black-billed Magpie","Pica hudsonia","L886253","Wonderland Lake Park","2025-10-23 12:55",2,40.0500882,-105.2864456,TRUE,FALSE,FALSE,"S280978940"
"416","bkbmag1","Black-billed Magpie","Pica hudsonia","L804033","Chatfield SP--Plum Creek Delta","2025-10-23 12:54",1,39.541481,-105.0499392,TRUE,FALSE,FALSE,"S280979071"
"417","bkbmag1","Black-billed Magpie","Pica hudsonia","L28099259","Road 779","2025-10-23 12:51",6,39.6743407,-106.5365514,TRUE,FALSE,TRUE,"S280977623"
"418","bkbmag1","Black-billed Magpie","Pica hudsonia","L973221","Jeannie Mitchell Home","2025-10-23 12:50",3,39.0271354,-104.5977938,TRUE,FALSE,TRUE,"S280986077"
"419","bkbmag1","Black-billed Magpie","Pica hudsonia","L54382027","10758 Colorado 7, Allenspark, Colorado, US (40.247, -105.536)","2025-10-23 12:49",1,40.2474414,-105.535727,TRUE,FALSE,TRUE,"S281001906"
"420","bkbmag1","Black-billed Magpie","Pica hudsonia","L19555303","Hole-in-the-Wall overlook","2025-10-23 12:48",1,44.8062371,-117.3172451,TRUE,FALSE,FALSE,"S280999423"
"421","bkbmag1","Black-billed Magpie","Pica hudsonia","L2604813","Harriman Lake Park","2025-10-23 12:44",1,39.6363497,-105.1162004,TRUE,FALSE,FALSE,"S280997417"
"422","bkbmag1","Black-billed Magpie","Pica hudsonia","L3467325","MPG Ranch--Top House (restricted access)","2025-10-23 12:41",1,46.6734883,-114.0162447,TRUE,FALSE,FALSE,"S280972352"
"423","bkbmag1","Black-billed Magpie","Pica hudsonia","L439024","Maclay Flat Rec. Area","2025-10-23 12:39",9,46.8356532,-114.103961,TRUE,FALSE,FALSE,"S280982860"
"424","bkbmag1","Black-billed Magpie","Pica hudsonia","L436785","Horsetooth Mountain Open Space","2025-10-23 12:33",5,40.5260241,-105.1789176,TRUE,FALSE,FALSE,"S281001615"
"425","bkbmag1","Black-billed Magpie","Pica hudsonia","L588572","Welchester Tree Grant Park","2025-10-23 12:32",2,39.7303102,-105.1436126,TRUE,FALSE,FALSE,"S280972522"
"426","bkbmag1","Black-billed Magpie","Pica hudsonia","L352009","East Canyon SP--Reservoir","2025-10-23 12:30",2,40.9073716,-111.5928922,TRUE,FALSE,FALSE,"S280983394"
"427","bkbmag1","Black-billed Magpie","Pica hudsonia","L992154","Hidden Springs--Path","2025-10-23 12:28",1,43.7220792,-116.2475717,TRUE,FALSE,FALSE,"S280980313"
"428","bkbmag1","Black-billed Magpie","Pica hudsonia","L54375286","Home Whitefish","2025-10-23 12:27",1,48.4186338,-114.3348481,TRUE,FALSE,TRUE,"S280970033"
"429","bkbmag1","Black-billed Magpie","Pica hudsonia","L27366764","Gold Flake Terrace loop walk","2025-10-23 12:25",4,39.505458,-105.522866,TRUE,FALSE,TRUE,"S280972923"
"430","bkbmag1","Black-billed Magpie","Pica hudsonia","L303498","Sand Rd. Riparian Area (City of Moscow)","2025-10-23 12:22",2,46.713294,-117.0165079,TRUE,FALSE,FALSE,"S280982994"
"431","bkbmag1","Black-billed Magpie","Pica hudsonia","L1339539","Kenai Flats--Sea Catch Dr. & Cannery Rd.","2025-10-23 12:20",4,60.5351637,-151.2629414,TRUE,FALSE,FALSE,"S281110698"
"432","bkbmag1","Black-billed Magpie","Pica hudsonia","L278734","Veteran's Memorial Park","2025-10-23 12:14",1,43.6346929,-116.2375165,TRUE,FALSE,FALSE,"S281024009"
"433","bkbmag1","Black-billed Magpie","Pica hudsonia","L15151386","Penland Rd. Pond","2025-10-23 12:14",1,42.484929,-118.606172,TRUE,FALSE,FALSE,"S280975901"
"434","bkbmag1","Black-billed Magpie","Pica hudsonia","L9187205","My Haven","2025-10-23 12:06",1,59.72982,-151.763797,TRUE,FALSE,TRUE,"S280993136"
"435","bkbmag1","Black-billed Magpie","Pica hudsonia","L12175736","Durango West 2","2025-10-23 12:06",3,37.2666934,-107.9908011,TRUE,FALSE,TRUE,"S280972512"
"436","bkbmag1","Black-billed Magpie","Pica hudsonia","L5980011","Andrews (restricted access)","2025-10-23 12:06",4,42.4639097,-118.6135282,TRUE,FALSE,FALSE,"S280975038"
"437","bkbmag1","Black-billed Magpie","Pica hudsonia","L6882556","3110 Ward Ct.","2025-10-23 12:00",2,39.7605522,-105.1374114,TRUE,FALSE,TRUE,"S280973433"
"438","bkbmag1","Black-billed Magpie","Pica hudsonia","L39111082","Bullock-Cottonwood canal","2025-10-23 11:58",1,40.35484,-109.803761,TRUE,FALSE,TRUE,"S280969152"
"439","bkbmag1","Black-billed Magpie","Pica hudsonia","L3932556","1340 Muir Drive","2025-10-23 11:55",1,38.899216,-119.7404516,TRUE,FALSE,TRUE,"S281003821"
"440","bkbmag1","Black-billed Magpie","Pica hudsonia","L835470","W.E. Johnson Park","2025-10-23 11:52",1,46.2771185,-119.3125534,TRUE,FALSE,FALSE,"S280978977"
"441","bkbmag1","Black-billed Magpie","Pica hudsonia","L3794242","Glacier Highway Juneau - Home","2025-10-23 11:45",1,58.3868183,-134.6490812,TRUE,FALSE,TRUE,"S281082181"
"442","bkbmag1","Black-billed Magpie","Pica hudsonia","L26935113","4th Street Loop","2025-10-23 11:43",4,40.0115447,-105.2915049,TRUE,FALSE,TRUE,"S280967240"
"443","bkbmag1","Black-billed Magpie","Pica hudsonia","L54356479","Harbor Trail Rd, Valdez US-AK 61.12827, -146.33603","2025-10-23 11:41",4,61.12827,-146.336027,TRUE,FALSE,TRUE,"S280991690"
"444","bkbmag1","Black-billed Magpie","Pica hudsonia","L2407662","Moab Golf Club","2025-10-23 11:34",3,38.538329,-109.486019,TRUE,FALSE,FALSE,"S280978234"
"445","bkbmag1","Black-billed Magpie","Pica hudsonia","L39884947","Hepplers Grazeland","2025-10-23 11:32",1,38.7599184,-112.0201054,TRUE,FALSE,FALSE,"S280963484"
"446","bkbmag1","Black-billed Magpie","Pica hudsonia","L960568","Hudson Gardens","2025-10-23 11:31",1,39.6049773,-105.022881,TRUE,FALSE,FALSE,"S280968620"
"447","bkbmag1","Black-billed Magpie","Pica hudsonia","L54394826","Three Forks Ranch vicinity","2025-10-23 11:27",4,41.0045306,-107.2296341,TRUE,FALSE,TRUE,"S281061430"
"448","bkbmag1","Black-billed Magpie","Pica hudsonia","L749977","Old San Juan Pueblo Bridge","2025-10-23 11:27",2,36.0561423,-106.0824823,TRUE,FALSE,FALSE,"S280983081"
"449","bkbmag1","Black-billed Magpie","Pica hudsonia","L23738729","33273 East Harding Avenue, Stanfield, Oregon, US (45.784, -119.198)","2025-10-23 11:25",NA,45.7844822,-119.1984881,TRUE,FALSE,TRUE,"S280969491"
"450","bkbmag1","Black-billed Magpie","Pica hudsonia","L511654","Pond west of Stearns Lake","2025-10-23 11:21",2,39.9478946,-105.1100314,TRUE,FALSE,FALSE,"S280965322"
"451","bkbmag1","Black-billed Magpie","Pica hudsonia","L16692513","Kuskokwim Campus UAF","2025-10-23 11:20",1,60.7908477,-161.7741791,TRUE,FALSE,TRUE,"S280976042"
"452","bkbmag1","Black-billed Magpie","Pica hudsonia","L54374206","Windsurf Beach, San Juan Marina Road, Arboles, Colorado, US (37.022, -107.406)","2025-10-23 11:20",2,37.02208,-107.4056071,TRUE,FALSE,TRUE,"S280964613"
"453","bkbmag1","Black-billed Magpie","Pica hudsonia","L4821942","Mendenhall Campground","2025-10-23 11:15",1,58.4132582,-134.5870171,TRUE,FALSE,FALSE,"S281020489"
"454","bkbmag1","Black-billed Magpie","Pica hudsonia","L54380188","Centennial Cone West Trailhead","2025-10-23 11:15",2,39.7500609,-105.3830849,TRUE,FALSE,TRUE,"S280992798"
"455","bkbmag1","Black-billed Magpie","Pica hudsonia","L388014","Estes Park YMCA Camp","2025-10-23 11:14",1,40.3426295,-105.5726118,TRUE,FALSE,FALSE,"S280968406"
"456","bkbmag1","Black-billed Magpie","Pica hudsonia","L12179383","Foothills Trail","2025-10-23 11:12",6,40.6052895,-105.1633037,TRUE,FALSE,TRUE,"S280962650"
"457","bkbmag1","Black-billed Magpie","Pica hudsonia","L54374102","12300 Moose Wilson Rd, Jackson US-WY 43.64754, -110.75398","2025-10-23 11:06",1,43.647542,-110.753985,TRUE,FALSE,TRUE,"S280964164"
"458","bkbmag1","Black-billed Magpie","Pica hudsonia","L3812438","Sylvan Lake SP--Headquarters","2025-10-23 11:02",1,39.54382,-106.754479,TRUE,FALSE,FALSE,"S280976534"
"459","bkbmag1","Black-billed Magpie","Pica hudsonia","L1587342","Julius M Kleiner Memorial Park","2025-10-23 10:58",1,43.6242031,-116.3466768,TRUE,FALSE,FALSE,"S280962874"
"460","bkbmag1","Black-billed Magpie","Pica hudsonia","L4472980","Saltese Wetlands","2025-10-23 10:56",2,47.6169256,-117.1218109,TRUE,FALSE,FALSE,"S280968793"
"461","bkbmag1","Black-billed Magpie","Pica hudsonia","L1909090","Salt Lake City International Airport","2025-10-23 10:54",1,40.7904195,-111.9776344,TRUE,FALSE,FALSE,"S280957585"
"462","bkbmag1","Black-billed Magpie","Pica hudsonia","L52401152","Helena Reservoir East","2025-10-23 10:47",4,46.64965,-111.868514,TRUE,FALSE,TRUE,"S280976213"
"463","bkbmag1","Black-billed Magpie","Pica hudsonia","L54378066","Granite Springs Reservoir, Curt Gowdy SP","2025-10-23 10:44",2,41.1730404,-105.232196,TRUE,FALSE,TRUE,"S280982629"
"464","bkbmag1","Black-billed Magpie","Pica hudsonia","L273490","Moses Coulee","2025-10-23 10:43",2,47.6364776,-119.6794796,TRUE,FALSE,FALSE,"S281152489"
"465","bkbmag1","Black-billed Magpie","Pica hudsonia","L54376724","Birket Trail, Durango US-CO 37.30014, -107.87726","2025-10-23 10:41",2,37.300144,-107.877258,TRUE,FALSE,TRUE,"S280976759"
"466","bkbmag1","Black-billed Magpie","Pica hudsonia","L420597","Headwaters Trail (west Moscow Mountain)","2025-10-23 10:40",1,46.8124553,-116.9748688,TRUE,FALSE,FALSE,"S280977707"
"467","bkbmag1","Black-billed Magpie","Pica hudsonia","L27519830","482 Ridge Road, Moscow, Idaho, US (46.721, -117.007)","2025-10-23 10:39",1,46.7204891,-117.0063789,TRUE,FALSE,TRUE,"S280965607"
"468","bkbmag1","Black-billed Magpie","Pica hudsonia","L796338","Smith Creek Ponds","2025-10-23 10:39",5,39.0337528,-104.8212433,TRUE,FALSE,FALSE,"S280965613"
"469","bkbmag1","Black-billed Magpie","Pica hudsonia","L54375576","Sullivan Ln, Richland","2025-10-23 10:39",2,44.761909,-117.151124,TRUE,FALSE,TRUE,"S280971585"
"470","bkbmag1","Black-billed Magpie","Pica hudsonia","L879129","Deer Flat NWR--Upper Dam","2025-10-23 10:37",2,43.5602423,-116.6542053,TRUE,FALSE,FALSE,"S280958325"
"471","bkbmag1","Black-billed Magpie","Pica hudsonia","L447075","Tubbs Hill Park","2025-10-23 10:36",3,47.665055,-116.7777586,TRUE,FALSE,FALSE,"S280974122"
"472","bkbmag1","Black-billed Magpie","Pica hudsonia","L1505208","Worth Home Yard - Whitefish","2025-10-23 10:35",3,48.4091298,-114.262115,TRUE,FALSE,TRUE,"S280976828"
"473","bkbmag1","Black-billed Magpie","Pica hudsonia","L453748","Rockport Reservoir & SP","2025-10-23 10:33",15,40.7691018,-111.397934,TRUE,FALSE,FALSE,"S280969233"
"474","bkbmag1","Black-billed Magpie","Pica hudsonia","L11588892","Walker SWA","2025-10-23 10:32",1,39.1055212,-108.6505795,TRUE,FALSE,FALSE,"S280957406"
"475","bkbmag1","Black-billed Magpie","Pica hudsonia","L387511","Jordan River Parkway--4500 S to 5400 S (incl. Arrowhead Park)","2025-10-23 10:31",1,40.6628661,-111.912725,TRUE,FALSE,FALSE,"S280957905"
"476","bkbmag1","Black-billed Magpie","Pica hudsonia","L724714","Chena Lake RA","2025-10-23 10:31",1,64.7706866,-147.2272682,TRUE,FALSE,FALSE,"S281017832"
"477","bkbmag1","Black-billed Magpie","Pica hudsonia","L14362448","Knife River Notus Pit (private, view from road)","2025-10-23 10:30",3,43.7019548,-116.7763698,TRUE,FALSE,FALSE,"S281076161"
"478","bkbmag1","Black-billed Magpie","Pica hudsonia","L24342553","Jocko Canyon mouth","2025-10-23 10:30",4,47.15687,-113.99039,TRUE,FALSE,TRUE,"S281006868"
"479","bkbmag1","Black-billed Magpie","Pica hudsonia","L7276896","National Elk Refuge--Bert's Bench","2025-10-23 10:30",2,43.486779,-110.7611743,TRUE,FALSE,FALSE,"S280973254"
"480","bkbmag1","Black-billed Magpie","Pica hudsonia","L7301173","New Canyon Road","2025-10-23 10:30",1,39.3423298,-111.5278387,TRUE,FALSE,TRUE,"S281014483"
"481","bkbmag1","Black-billed Magpie","Pica hudsonia","L54372257","Thomas Dr.","2025-10-23 10:30",2,45.6985066,-111.0791588,TRUE,FALSE,TRUE,"S280955042"
"482","bkbmag1","Black-billed Magpie","Pica hudsonia","L7211620","Simon Draw Wildlife Area (closed Mar 15 - Jul 31)","2025-10-23 10:25",6,37.3636975,-108.5158897,TRUE,FALSE,FALSE,"S280960622"
"483","bkbmag1","Black-billed Magpie","Pica hudsonia","L36748751","Old County Road SW divide","2025-10-23 10:22",2,47.622102,-114.9262301,TRUE,FALSE,TRUE,"S280966046"
"484","bkbmag1","Black-billed Magpie","Pica hudsonia","L720085","Fields Oasis","2025-10-23 10:20",6,42.2640982,-118.6732864,TRUE,FALSE,FALSE,"S280972358"
"485","bkbmag1","Black-billed Magpie","Pica hudsonia","L46615844","Van Bibber Creek Trail, Arvada, Colorado, US (39.799, -105.128)","2025-10-23 10:19",1,39.7988506,-105.1278224,TRUE,FALSE,TRUE,"S280956415"
"486","bkbmag1","Black-billed Magpie","Pica hudsonia","L503389","Rocky Ford Reservoir ","2025-10-23 10:15",5,38.8478048,-111.9658113,TRUE,FALSE,FALSE,"S280953237"
"487","bkbmag1","Black-billed Magpie","Pica hudsonia","L13044268","Ward Road, Arvada, Colorado, US (39.835, -105.14)","2025-10-23 10:15",3,39.8354811,-105.1400758,TRUE,FALSE,TRUE,"S280957401"
"488","bkbmag1","Black-billed Magpie","Pica hudsonia","L942502","Santa Fe Canyon Preserve","2025-10-23 10:14",2,35.6883371,-105.8927482,TRUE,FALSE,FALSE,"S280969765"
"489","bkbmag1","Black-billed Magpie","Pica hudsonia","L54371727","39998 U.S. 24, Florissant, Colorado, US (38.962, -105.331)","2025-10-23 10:14",1,38.9615813,-105.3308762,TRUE,FALSE,TRUE,"S280952158"
"490","bkbmag1","Black-billed Magpie","Pica hudsonia","L19796126","Suce Creek Trail","2025-10-23 10:12",1,45.5736543,-110.5064153,TRUE,FALSE,FALSE,"S281081641"
"491","bkbmag1","Black-billed Magpie","Pica hudsonia","L13523664","Sacajawea State Park","2025-10-23 10:11",2,46.2012129,-119.0431523,TRUE,FALSE,TRUE,"S281016631"
"492","bkbmag1","Black-billed Magpie","Pica hudsonia","L2640516","LT's yard","2025-10-23 10:10",1,40.6846587,-111.7839738,TRUE,FALSE,TRUE,"S280969913"
"493","bkbmag1","Black-billed Magpie","Pica hudsonia","L2609622","Creston Wetland","2025-10-23 10:10",1,48.200033,-114.1397095,TRUE,FALSE,FALSE,"S280956010"
"494","bkbmag1","Black-billed Magpie","Pica hudsonia","L54370154","North Central Research Ext Center","2025-10-23 10:09",1,48.1818806,-101.2972662,TRUE,FALSE,TRUE,"S280944491"
"495","bkbmag1","Black-billed Magpie","Pica hudsonia","L54373136","Moose Wilson Rd, Jackson US-WY 43.59926, -110.79859","2025-10-23 10:07",1,43.599261,-110.798586,TRUE,FALSE,TRUE,"S280958954"
"496","bkbmag1","Black-billed Magpie","Pica hudsonia","L1411944","Olympus Hills Park","2025-10-23 10:06",1,40.6767819,-111.802864,TRUE,FALSE,FALSE,"S280956597"
"497","bkbmag1","Black-billed Magpie","Pica hudsonia","L489575","Powerline Pass, Anchorage","2025-10-23 10:05",1,61.0682611,-149.5982167,TRUE,FALSE,TRUE,"S281011269"
"498","bkbmag1","Black-billed Magpie","Pica hudsonia","L38382979","Seegmiller Lane","2025-10-23 10:03",4,38.7468272,-112.0382927,TRUE,FALSE,FALSE,"S280950873"
"499","bkbmag1","Black-billed Magpie","Pica hudsonia","L11892052","Divide (town)","2025-10-23 10:02",3,38.9412972,-105.1578173,TRUE,FALSE,FALSE,"S280950125"
"500","bkbmag1","Black-billed Magpie","Pica hudsonia","L4798695","High Line Canal Trail--S Broadway to S Franklin St","2025-10-23 10:01",3,39.5997694,-104.9782705,TRUE,FALSE,FALSE,"S280961052"
"501","bkbmag1","Black-billed Magpie","Pica hudsonia","L31316106","Green Canyon Trail, Logan US-UT 41.76971, -111.76462","2025-10-23 10:01",4,41.769709,-111.764625,TRUE,FALSE,TRUE,"S280963599"
"502","bkbmag1","Black-billed Magpie","Pica hudsonia","L883165","Marston Reservoir Complex--Isthmus Park","2025-10-23 10:00",2,39.621241,-105.0671616,TRUE,FALSE,FALSE,"S280953741"
"503","bkbmag1","Black-billed Magpie","Pica hudsonia","L4154134","JB's house","2025-10-23 10:00",1,39.6760789,-104.9514914,TRUE,FALSE,TRUE,"S280957948"
"504","bkbmag1","Black-billed Magpie","Pica hudsonia","L9515637","19 Road near Adobe Creek Golf Course","2025-10-23 09:58",3,39.1326094,-108.70128,TRUE,FALSE,TRUE,"S280960293"
"505","bkbmag1","Black-billed Magpie","Pica hudsonia","L1151456","Butte Valley--general","2025-10-23 09:56",15,41.8797864,-121.9619751,TRUE,FALSE,FALSE,"S280978594"
"506","bkbmag1","Black-billed Magpie","Pica hudsonia","L3404697","Fairview Reservoirs (all three)","2025-10-23 09:52",2,39.5389326,-105.0986409,TRUE,FALSE,FALSE,"S280957519"
"507","bkbmag1","Black-billed Magpie","Pica hudsonia","L212900","Kathryn Albertson Park","2025-10-23 09:52",2,43.614321,-116.2247446,TRUE,FALSE,FALSE,"S280974400"
"508","bkbmag1","Black-billed Magpie","Pica hudsonia","L277539","South Platte Park","2025-10-23 09:52",3,39.5800825,-105.0324478,TRUE,FALSE,FALSE,"S280970666"
"509","bkbmag1","Black-billed Magpie","Pica hudsonia","L54372682","Interstate 90, Idaho, US (47.551, -116.296)","2025-10-23 09:50",1,47.5506725,-116.2964203,TRUE,FALSE,TRUE,"S280956844"
"510","bkbmag1","Black-billed Magpie","Pica hudsonia","L4558103","Wadman Nature Park","2025-10-23 09:50",3,41.3365749,-111.9854021,TRUE,FALSE,FALSE,"S280973291"
"511","bkbmag1","Black-billed Magpie","Pica hudsonia","L54370966","Riverbend North, Superior, Montana, US (47.224, -114.966)","2025-10-23 09:50",1,47.224292,-114.966494,TRUE,FALSE,TRUE,"S280948369"
"512","bkbmag1","Black-billed Magpie","Pica hudsonia","L1314814","Jump-Off-Joe Lake","2025-10-23 09:50",2,48.1342463,-117.6888084,TRUE,FALSE,FALSE,"S281014582"
"513","bkbmag1","Black-billed Magpie","Pica hudsonia","L365439","Pastorius Reservoir","2025-10-23 09:49",5,37.1999797,-107.8119278,TRUE,FALSE,FALSE,"S280973361"
"514","bkbmag1","Black-billed Magpie","Pica hudsonia","L15905482","Almont Colorado","2025-10-23 09:48",1,38.665001,-106.842814,TRUE,FALSE,TRUE,"S280959482"
"515","bkbmag1","Black-billed Magpie","Pica hudsonia","L53617668","Giberson preserve (private) & Highline Ditch trail (National forest)","2025-10-23 09:45",8,39.596078,-106.098897,TRUE,FALSE,TRUE,"S280957555"
"516","bkbmag1","Black-billed Magpie","Pica hudsonia","L662379","Barr Lake SP--Neidrach Nature Trail & Visitor Center area","2025-10-23 09:44",2,39.9369479,-104.7524576,TRUE,FALSE,FALSE,"S280984206"
"517","bkbmag1","Black-billed Magpie","Pica hudsonia","L445111","Wenas Lake","2025-10-23 09:41",2,46.8197975,-120.6817245,TRUE,FALSE,FALSE,"S281012034"
"518","bkbmag1","Black-billed Magpie","Pica hudsonia","L54370578","Buffalo Soldiers Memorial Highway, Manitou Springs, Colorado, US (38.857, -104.894)","2025-10-23 09:38",1,38.8570337,-104.8935499,TRUE,FALSE,TRUE,"S280946508"
"519","bkbmag1","Black-billed Magpie","Pica hudsonia","L381965","Sondermann Park","2025-10-23 09:37",1,38.8581235,-104.8387098,TRUE,FALSE,FALSE,"S280955225"
"520","bkbmag1","Black-billed Magpie","Pica hudsonia","L165393","Sprague Lake (Adams Co.)","2025-10-23 09:35",1,47.244205,-118.06957,TRUE,FALSE,FALSE,"S280961773"
"521","bkbmag1","Black-billed Magpie","Pica hudsonia","L3202022","Cheyenne Mountain Zoo","2025-10-23 09:34",20,38.7714171,-104.8529577,TRUE,FALSE,FALSE,"S280985232"
"522","bkbmag1","Black-billed Magpie","Pica hudsonia","L2939054","* Wallace Lane (My house)","2025-10-23 09:33",1,40.6707517,-111.8073705,TRUE,FALSE,TRUE,"S281022642"
"523","bkbmag1","Black-billed Magpie","Pica hudsonia","L18686075","Bingham Lake Park","2025-10-23 09:30",3,39.452517,-104.745118,TRUE,FALSE,FALSE,"S280956204"
"524","bkbmag1","Black-billed Magpie","Pica hudsonia","L219764","Potholes Reservoir--Lind Coulee","2025-10-23 09:30",1,46.9914081,-119.2056168,TRUE,FALSE,FALSE,"S280995580"
"525","bkbmag1","Black-billed Magpie","Pica hudsonia","L54370118","Interstate 90, Alberton, Montana, US (46.995, -114.453)","2025-10-23 09:25",1,46.9950179,-114.4525989,TRUE,FALSE,TRUE,"S280944342"
"526","bkbmag1","Black-billed Magpie","Pica hudsonia","L12643733","Hewitt Park","2025-10-23 09:25",3,44.7566797,-117.126859,TRUE,FALSE,FALSE,"S280971457"
"527","bkbmag1","Black-billed Magpie","Pica hudsonia","L503169","Lincoln Beach--Lincoln Point to LeBarron Point","2025-10-23 09:24",6,40.1149707,-111.850605,TRUE,FALSE,FALSE,"S280974600"
"528","bkbmag1","Black-billed Magpie","Pica hudsonia","L850346","Lower Klamath NWR--Straits Drain","2025-10-23 09:22",2,42.0243992,-121.7778454,TRUE,FALSE,FALSE,"S281032668"
"529","bkbmag1","Black-billed Magpie","Pica hudsonia","L2875694","Marine Road Park","2025-10-23 09:21",2,38.4825363,-107.8961045,TRUE,FALSE,FALSE,"S280952452"
"530","bkbmag1","Black-billed Magpie","Pica hudsonia","L21023443","S of Laws Museum, E of Owens River","2025-10-23 09:20",1,37.3925364,-118.3432426,TRUE,FALSE,TRUE,"S281013292"
"531","bkbmag1","Black-billed Magpie","Pica hudsonia","L8950719","Cherry Creek SP--Dixon Grove area","2025-10-23 09:19",3,39.6512747,-104.8486454,TRUE,FALSE,FALSE,"S280947466"
"532","bkbmag1","Black-billed Magpie","Pica hudsonia","L1117941","Rio Fernando Wetlands (Fred Baca Park and adjacent Rio Fernando Park)","2025-10-23 09:15",2,36.3991437,-105.5896854,TRUE,FALSE,FALSE,"S280948526"
"533","bkbmag1","Black-billed Magpie","Pica hudsonia","L30290580","Tahoe Marsh Via Lily Avenue, South Lake Tahoe, California, US (38.942, -119.991)","2025-10-23 09:14",2,38.9421551,-119.9912948,TRUE,FALSE,TRUE,"S280962263"
"534","bkbmag1","Black-billed Magpie","Pica hudsonia","L43330140","Hildebrand Ranch South Unit","2025-10-23 09:13",10,39.530726,-105.104082,TRUE,FALSE,TRUE,"S281083260"
"535","bkbmag1","Black-billed Magpie","Pica hudsonia","L8480079","The Ranch","2025-10-23 09:12",2,38.160876,-105.5894346,TRUE,FALSE,TRUE,"S280949552"
"536","bkbmag1","Black-billed Magpie","Pica hudsonia","L158588","Helena Valley Regulating Reservoir","2025-10-23 09:10",1,46.6399134,-111.8784685,TRUE,FALSE,FALSE,"S280976851"
"537","bkbmag1","Black-billed Magpie","Pica hudsonia","L2595228","home sweet home","2025-10-23 09:08",1,39.6127335,-105.0528091,TRUE,FALSE,TRUE,"S280947763"
"538","bkbmag1","Black-billed Magpie","Pica hudsonia","L2519671","Finkbeiner Forest","2025-10-23 09:08",1,37.3850677,-118.4354715,TRUE,FALSE,FALSE,"S280958899"
"539","bkbmag1","Black-billed Magpie","Pica hudsonia","L17989248","Colorado River--Redlands Pkwy to Walker SWA","2025-10-23 09:08",1,39.094872,-108.6312419,TRUE,FALSE,FALSE,"S280954498"
"540","bkbmag1","Black-billed Magpie","Pica hudsonia","L2707713","Clark Fork River Trail","2025-10-23 09:05",1,46.8694301,-114.0008769,TRUE,FALSE,FALSE,"S280951605"
"541","bkbmag1","Black-billed Magpie","Pica hudsonia","L964821","Theodore Roosevelt NP--Wind Canyon Trail","2025-10-23 09:03",1,46.9886296,-103.4852474,TRUE,FALSE,FALSE,"S280944412"
"542","bkbmag1","Black-billed Magpie","Pica hudsonia","L23220610","Great Lawn Park, Denver US-CO 39.72337, -104.88941","2025-10-23 09:03",4,39.723365,-104.889409,TRUE,FALSE,TRUE,"S280943675"
"543","bkbmag1","Black-billed Magpie","Pica hudsonia","L417042","Site01","2025-10-23 09:00",2,39.782652,-105.360024,TRUE,FALSE,TRUE,"S281008852"
"544","bkbmag1","Black-billed Magpie","Pica hudsonia","L18961006","Patty Jewett Golf Course (restricted access)","2025-10-23 09:00",5,38.8592263,-104.8025322,TRUE,FALSE,FALSE,"S280965914"
"545","bkbmag1","Black-billed Magpie","Pica hudsonia","L2494220","Pagosa Springs--San Juan River Walk","2025-10-23 09:00",2,37.2658234,-107.011106,TRUE,FALSE,FALSE,"S281047841"
"546","bkbmag1","Black-billed Magpie","Pica hudsonia","L35371476","Valley","2025-10-23 08:58",4,40.237117,-105.2775,TRUE,FALSE,TRUE,"S280975100"
"547","bkbmag1","Black-billed Magpie","Pica hudsonia","L6944337","Welch Huntington Neighborhood","2025-10-23 08:54",6,39.6784571,-104.8778057,TRUE,FALSE,TRUE,"S280946888"
"548","bkbmag1","Black-billed Magpie","Pica hudsonia","L1422055","Antelope Island SP--Marina","2025-10-23 08:54",3,41.0614917,-112.2390532,TRUE,FALSE,FALSE,"S280948286"
"549","bkbmag1","Black-billed Magpie","Pica hudsonia","L4723622","US-Utah-West Valley City-4881 W 3850 S - 40.688x-112.007","2025-10-23 08:51",1,40.6877726,-112.0074979,TRUE,FALSE,TRUE,"S280941797"
"550","bkbmag1","Black-billed Magpie","Pica hudsonia","L218839","Matthews/Winters Park","2025-10-23 08:51",10,39.6901923,-105.2081471,TRUE,FALSE,FALSE,"S280970181"
"551","bkbmag1","Black-billed Magpie","Pica hudsonia","L54108118","27484 Thimbleberry Lane","2025-10-23 08:49",4,39.596381,-105.313384,TRUE,FALSE,TRUE,"S280986307"
"552","bkbmag1","Black-billed Magpie","Pica hudsonia","L12217161","Backyard","2025-10-23 08:48",1,39.752808,-104.932376,TRUE,FALSE,TRUE,"S281065629"
"553","bkbmag1","Black-billed Magpie","Pica hudsonia","L7487348","Home","2025-10-23 08:47",2,44.4318776,-109.1740621,TRUE,FALSE,TRUE,"S280937476"
"554","bkbmag1","Black-billed Magpie","Pica hudsonia","L1890905","High Plains Grasslands Research Station","2025-10-23 08:46",3,41.183201,-104.9000837,TRUE,FALSE,FALSE,"S280948407"
"555","bkbmag1","Black-billed Magpie","Pica hudsonia","L272218","Laramie Plains Lakes--Lake Hattie Reservoir","2025-10-23 08:45",1,41.2423606,-105.9257812,TRUE,FALSE,FALSE,"S280970116"
"556","bkbmag1","Black-billed Magpie","Pica hudsonia","L1784882","Navajo SP--Sambrito Wetlands (Colorado)","2025-10-23 08:44",2,37.0016334,-107.4724032,TRUE,FALSE,FALSE,"S280958274"
"557","bkbmag1","Black-billed Magpie","Pica hudsonia","L913426","North Shields Pond Natural Area","2025-10-23 08:43",2,40.6058727,-105.0970602,TRUE,FALSE,FALSE,"S280970724"
"558","bkbmag1","Black-billed Magpie","Pica hudsonia","L14138467","Saltese Flats","2025-10-23 08:43",2,47.6402533,-117.1261561,TRUE,FALSE,FALSE,"S280957530"
"559","bkbmag1","Black-billed Magpie","Pica hudsonia","L2735278","fedrizzi residence","2025-10-23 08:40",1,39.6467601,-106.8066341,TRUE,FALSE,TRUE,"S280984663"
"560","bkbmag1","Black-billed Magpie","Pica hudsonia","L54372699","Upper Canyon Road, Santa Fe US-NM","2025-10-23 08:38",1,35.684511,-105.899587,TRUE,FALSE,TRUE,"S280956924"
"561","bkbmag1","Black-billed Magpie","Pica hudsonia","L54375559","Bishop Spring Rest Area","2025-10-23 08:35",1,44.817429,-117.379314,TRUE,FALSE,TRUE,"S280971275"
"562","bkbmag1","Black-billed Magpie","Pica hudsonia","L39006560","465-625 Meadow Ln, Standish US-CA 40.31506, -120.54536Janesville-Meadow Lane","2025-10-23 08:33",4,40.315057,-120.545359,TRUE,FALSE,TRUE,"S280952343"
"563","bkbmag1","Black-billed Magpie","Pica hudsonia","L2281343","Sylvan Lake SP--Sylvan Lake","2025-10-23 08:32",6,39.4788573,-106.7332077,TRUE,FALSE,FALSE,"S280976501"
"564","bkbmag1","Black-billed Magpie","Pica hudsonia","L9993783","29.4 Loop","2025-10-23 08:30",1,37.3317861,-108.5134566,TRUE,FALSE,TRUE,"S280936504"
"565","bkbmag1","Black-billed Magpie","Pica hudsonia","L12013221","Ancabide Ln.","2025-10-23 08:30",6,46.8190556,-114.0454936,TRUE,FALSE,TRUE,"S280938194"
"566","bkbmag1","Black-billed Magpie","Pica hudsonia","L5001347","Badlands NP - Jackson","2025-10-23 08:30",1,43.7788506,-102.0068498,TRUE,FALSE,TRUE,"S280974172"
"567","bkbmag1","Black-billed Magpie","Pica hudsonia","L1259871","Tahoe Marsh--via San Francisco Ave.","2025-10-23 08:30",5,38.9397508,-119.9931049,TRUE,FALSE,FALSE,"S280954256"
"568","bkbmag1","Black-billed Magpie","Pica hudsonia","L241530","Smith Reservoir SWA","2025-10-23 08:30",2,37.3919965,-105.534457,TRUE,FALSE,FALSE,"S280977358"
"569","bkbmag1","Black-billed Magpie","Pica hudsonia","L51444434","McGee Park & Neighborhood","2025-10-23 08:28",2,46.7380128,-117.1620692,TRUE,FALSE,TRUE,"S280946017"
"570","bkbmag1","Black-billed Magpie","Pica hudsonia","L4286841","Shoe Home Place (private residence)","2025-10-23 08:28",1,39.602018,-105.0820398,TRUE,FALSE,TRUE,"S280981168"
"571","bkbmag1","Black-billed Magpie","Pica hudsonia","L1123361","Topaz Lake (NV)","2025-10-23 08:25",1,38.6928792,-119.532795,TRUE,FALSE,FALSE,"S280976257"
"572","bkbmag1","Black-billed Magpie","Pica hudsonia","L1145057","Chester Wetlands","2025-10-23 08:24",8,44.0185621,-111.5833014,TRUE,FALSE,FALSE,"S280958638"
"573","bkbmag1","Black-billed Magpie","Pica hudsonia","L7743965","Wilton Jaffee Sr Park","2025-10-23 08:22",2,39.2567148,-106.8813515,TRUE,FALSE,FALSE,"S280947525"
"574","bkbmag1","Black-billed Magpie","Pica hudsonia","L54319182","Raptor Center (Private)","2025-10-23 08:22",5,36.361906,-106.20222,TRUE,FALSE,TRUE,"S281014947"
"575","bkbmag1","Black-billed Magpie","Pica hudsonia","L3066930","Bigelow road","2025-10-23 08:22",16,45.61839,-111.0687733,TRUE,FALSE,TRUE,"S281070275"
"576","bkbmag1","Black-billed Magpie","Pica hudsonia","L37470169","Lake Pueblo SP -- various areas below the dam","2025-10-23 08:19",1,38.2616729,-104.6984736,TRUE,FALSE,TRUE,"S280950811"
"577","bkbmag1","Black-billed Magpie","Pica hudsonia","L7073848","Columbia NWR (Grant Co. portion)","2025-10-23 08:15",1,46.949149,-119.2563772,TRUE,FALSE,FALSE,"S280980875"
"578","bkbmag1","Black-billed Magpie","Pica hudsonia","L54367903","U.S. 12, Clinton, Montana, US (46.726, -113.622)","2025-10-23 08:14",1,46.72565,-113.6220067,TRUE,FALSE,TRUE,"S280930260"
"579","bkbmag1","Black-billed Magpie","Pica hudsonia","L41822120","Casino Crk Reservoir","2025-10-23 08:10",2,47.0356334,-109.4315,TRUE,FALSE,TRUE,"S280947625"
"580","bkbmag1","Black-billed Magpie","Pica hudsonia","L54353544","El Monte Sagrado Taos US-NM 36.40231, -105.56733","2025-10-23 08:09",4,36.402314,-105.567327,TRUE,FALSE,TRUE,"S280931659"
"581","bkbmag1","Black-billed Magpie","Pica hudsonia","L776349","Malheur NWR--P Ranch","2025-10-23 08:04",4,42.827796,-118.887434,TRUE,FALSE,FALSE,"S280947173"
"582","bkbmag1","Black-billed Magpie","Pica hudsonia","L5502312","US-Colorado-Loveland-1321 North Co Road 23H - 40.407x-105.169","2025-10-23 08:04",5,40.4070557,-105.1693053,TRUE,FALSE,TRUE,"S280928893"
"583","bkbmag1","Black-billed Magpie","Pica hudsonia","L14699204","678 Thistle Ln, Spring Creek US-NV 40.72259, -115.55838","2025-10-23 08:03",2,40.722595,-115.55838,TRUE,FALSE,TRUE,"S280973941"
"584","bkbmag1","Black-billed Magpie","Pica hudsonia","L1286659","Giant Springs SP","2025-10-23 08:02",1,47.5337623,-111.2297487,TRUE,FALSE,FALSE,"S280989633"
"585","bkbmag1","Black-billed Magpie","Pica hudsonia","L19809102","Old Ranch subdivision  (45.803, -120.956)","2025-10-23 08:00",2,45.8034034,-120.9562906,TRUE,FALSE,TRUE,"S281105732"
"586","bkbmag1","Black-billed Magpie","Pica hudsonia","L505947","80116 - WLD","2025-10-23 08:00",3,39.3715304,-104.7806454,TRUE,FALSE,TRUE,"S281014672"
"587","bkbmag1","Black-billed Magpie","Pica hudsonia","L52670172","Northmont Abbey Birds","2025-10-23 07:57",1,40.788773,-111.872307,TRUE,FALSE,TRUE,"S280935871"
"588","bkbmag1","Black-billed Magpie","Pica hudsonia","L54367400","Oakley, UT","2025-10-23 07:54",1,40.720413,-111.290594,TRUE,FALSE,TRUE,"S280927398"
"589","bkbmag1","Black-billed Magpie","Pica hudsonia","L3518882","Mont Pelier-Whites Ck Canyon - R-4km","2025-10-23 07:48",2,39.3844467,-119.8376662,TRUE,FALSE,TRUE,"S281004016"
"590","bkbmag1","Black-billed Magpie","Pica hudsonia","L2509398","Downs Lake (Spokane Co.)","2025-10-23 07:47",1,47.2826482,-117.8065145,TRUE,FALSE,FALSE,"S280937200"
"591","bkbmag1","Black-billed Magpie","Pica hudsonia","L818454","White Rocks Trail area","2025-10-23 07:46",1,40.049464,-105.1451039,TRUE,FALSE,FALSE,"S280986207"
"592","bkbmag1","Black-billed Magpie","Pica hudsonia","L34144856","home","2025-10-23 07:45",6,39.6674624,-106.5429107,TRUE,FALSE,TRUE,"S280980359"
"593","bkbmag1","Black-billed Magpie","Pica hudsonia","L6869317","700–888 Road 18, Powell US-WY (44.7800,-108.9337)","2025-10-23 07:41",15,44.780013,-108.933664,TRUE,FALSE,TRUE,"S280925065"
"594","bkbmag1","Black-billed Magpie","Pica hudsonia","L13215206","Rampart Station Subdivision","2025-10-23 07:38",1,39.661098,-105.1005793,TRUE,FALSE,TRUE,"S280925904"
"595","bkbmag1","Black-billed Magpie","Pica hudsonia","L40172120","Arrroyo Ciervo","2025-10-23 07:38",3,38.035771,-105.341571,TRUE,FALSE,TRUE,"S280942814"
"596","bkbmag1","Black-billed Magpie","Pica hudsonia","L47503715","Lubahn Trail, Golden US-CO 39.75148, -105.20811","2025-10-23 07:38",2,39.751482,-105.208112,TRUE,FALSE,TRUE,"S280932233"
"597","bkbmag1","Black-billed Magpie","Pica hudsonia","L27571290","Eagle Lane","2025-10-23 07:36",4,46.752863,-117.140465,TRUE,FALSE,TRUE,"S280936451"
"598","bkbmag1","Black-billed Magpie","Pica hudsonia","L52230492","North loop","2025-10-23 07:36",10,38.991471,-105.055678,TRUE,FALSE,TRUE,"S280933053"
"599","bkbmag1","Black-billed Magpie","Pica hudsonia","L12750517","WA-Spokane--RR 4-Mullinix Rd.","2025-10-23 07:36",6,47.3174942,-117.7176003,TRUE,FALSE,TRUE,"S280935219"
"600","bkbmag1","Black-billed Magpie","Pica hudsonia","L11759727","Backyard","2025-10-23 07:34",6,38.911654,-104.872326,TRUE,FALSE,TRUE,"S280933867"
"601","bkbmag1","Black-billed Magpie","Pica hudsonia","L1901783","Clement Park and Johnson Reservoir","2025-10-23 07:34",1,39.6063312,-105.0828203,TRUE,FALSE,FALSE,"S280945408"
"602","bkbmag1","Black-billed Magpie","Pica hudsonia","L36258375","Steamboat Ditch Trail--Evans Creek","2025-10-23 07:31",1,39.4649124,-119.8237669,TRUE,FALSE,FALSE,"S280941825"
"603","bkbmag1","Black-billed Magpie","Pica hudsonia","L2225733","CarlsonWolf backyard in Mntn.Shadows","2025-10-23 07:30",1,38.9086414,-104.8699768,TRUE,FALSE,TRUE,"S281024035"
"604","bkbmag1","Black-billed Magpie","Pica hudsonia","L3457394","Bob's Lake","2025-10-23 07:29",1,44.8375823,-117.8182411,TRUE,FALSE,FALSE,"S280934097"
"605","bkbmag1","Black-billed Magpie","Pica hudsonia","L31261770","Silver Creek Ranch North Unit MP 30 (39.902, -117.115)","2025-10-23 07:28",2,39.90202,-117.1154767,TRUE,FALSE,TRUE,"S280946102"
"606","bkbmag1","Black-billed Magpie","Pica hudsonia","L29325320","3873 NW 21st St, Redmond US-OR 44.31109, -121.19349","2025-10-23 07:26",1,44.311087,-121.193488,TRUE,FALSE,TRUE,"S280941484"
"607","bkbmag1","Black-billed Magpie","Pica hudsonia","L27272420","240 Crystal Park Rd, Manitou Springs US-CO 38.84906, -104.89630","2025-10-23 07:26",1,38.849065,-104.896301,TRUE,FALSE,TRUE,"S281066894"
"608","bkbmag1","Black-billed Magpie","Pica hudsonia","L209896","Goff Homestead","2025-10-23 07:26",1,38.9042508,-104.7333097,TRUE,FALSE,TRUE,"S280925016"
"609","bkbmag1","Black-billed Magpie","Pica hudsonia","L2321023","Walla Walla, Mojonnier Road","2025-10-23 07:26",1,46.02937,-118.41415,TRUE,FALSE,TRUE,"S280936715"
"610","bkbmag1","Black-billed Magpie","Pica hudsonia","L21023388","S of Lower McNally Canal, W of US 6","2025-10-23 07:25",2,37.4294995,-118.3691058,TRUE,FALSE,TRUE,"S281012990"
"611","bkbmag1","Black-billed Magpie","Pica hudsonia","L22203809","Lower McNally Canal, W of US 6","2025-10-23 07:20",26,37.4371746,-118.3590033,TRUE,FALSE,TRUE,"S281012814"
"612","bkbmag1","Black-billed Magpie","Pica hudsonia","L270642","Centennial Park (Arapahoe Co)","2025-10-23 07:15",1,39.6328644,-105.0194932,TRUE,FALSE,FALSE,"S280981687"
"613","bkbmag1","Black-billed Magpie","Pica hudsonia","L2641959","My house (1475 Eudora St)","2025-10-23 07:15",1,39.7397035,-104.9306801,TRUE,FALSE,TRUE,"S280998184"
"614","bkbmag1","Black-billed Magpie","Pica hudsonia","L52711055","Jewell Park, Lakewood US-CO 39.68312, -105.09759","2025-10-23 07:14",2,39.683125,-105.097586,TRUE,FALSE,TRUE,"S280924610"
"615","bkbmag1","Black-billed Magpie","Pica hudsonia","L8346063","Hines Nature Trail","2025-10-23 07:13",1,43.5561306,-119.0771071,TRUE,FALSE,FALSE,"S280932313"
"616","bkbmag1","Black-billed Magpie","Pica hudsonia","L39236185","14566–15854 W Martin Rd, Cheney US-WA 47.29633, -117.62844","2025-10-23 07:09",1,47.296333,-117.628445,TRUE,FALSE,TRUE,"S280933817"
"617","bkbmag1","Black-billed Magpie","Pica hudsonia","L1942036","Eagle Nest, WY","2025-10-23 07:00",1,41.235543,-105.5199051,TRUE,FALSE,TRUE,"S281014574"
"618","bkbmag1","Black-billed Magpie","Pica hudsonia","L53540564","College Place General Area","2025-10-23 07:00",5,46.0457024,-118.3885452,TRUE,FALSE,TRUE,"S281016557"
"619","bkbmag1","Black-billed Magpie","Pica hudsonia","L4748798","Devil's Tower NM--Belle Fourche River Campground","2025-10-23 04:01",2,44.5817831,-104.7063509,TRUE,FALSE,FALSE,"S281002528"
"620","bkbmag1","Black-billed Magpie","Pica hudsonia","L11925472","Lewistown (town)","2025-10-23 03:38",6,47.0669046,-109.4240311,TRUE,FALSE,FALSE,"S280974346"
"621","bkbmag1","Black-billed Magpie","Pica hudsonia","L53262496","5441 S Dayton Ct","2025-10-23",1,39.6174303,-104.875709,TRUE,FALSE,TRUE,"S280936260"
"622","bkbmag1","Black-billed Magpie","Pica hudsonia","L125284","Chilly Butte house area, Custer Co., ID","2025-10-22 18:30",5,44.08025,-113.89535,TRUE,FALSE,TRUE,"S280972531"
"623","bkbmag1","Black-billed Magpie","Pica hudsonia","L54355282","John","2025-10-22 18:15",1,47.076653,-109.428339,TRUE,FALSE,TRUE,"S280868083"
"624","bkbmag1","Black-billed Magpie","Pica hudsonia","L53913069","Hebgen Lake—North Shore US-MT 44.80077, -111.21038","2025-10-22 18:12",7,44.800774,-111.210382,TRUE,FALSE,TRUE,"S280868241"
"625","bkbmag1","Black-billed Magpie","Pica hudsonia","L54355119","3460 Green Meadow Drive, Helena, Montana, US (46.623, -112.047)","2025-10-22 18:06",1,46.6229604,-112.0468572,TRUE,FALSE,TRUE,"S280867277"
"626","bkbmag1","Black-billed Magpie","Pica hudsonia","L1978434","cubbys","2025-10-22 17:58",1,62.132702,-150.0374937,TRUE,FALSE,TRUE,"S280875401"
"627","bkbmag1","Black-billed Magpie","Pica hudsonia","L3788591","Lakewood Casa de Padres","2025-10-22 17:53",1,39.690712,-105.134962,TRUE,FALSE,TRUE,"S280868119"
"628","bkbmag1","Black-billed Magpie","Pica hudsonia","L3678931","Taku Lake","2025-10-22 17:47",1,61.1507424,-149.8810351,TRUE,FALSE,FALSE,"S280875090"
"629","bkbmag1","Black-billed Magpie","Pica hudsonia","L829681","Cache Bridge (Teton River at Packsaddle Road)","2025-10-22 17:43",2,43.7816293,-111.207304,TRUE,FALSE,FALSE,"S280882209"
"630","bkbmag1","Black-billed Magpie","Pica hudsonia","L45178694","WTP Towaoc, Colorado, US (37.192, -108.702)","2025-10-22 17:36",4,37.1917772,-108.7015139,TRUE,FALSE,TRUE,"S280869886"
"631","bkbmag1","Black-billed Magpie","Pica hudsonia","L54357676","Salt Lake City -- Wild Rose Overlook Trail","2025-10-22 17:29",1,40.8151304,-111.8811556,TRUE,FALSE,TRUE,"S280879810"
"632","bkbmag1","Black-billed Magpie","Pica hudsonia","L1239168","Marshall Marsh","2025-10-22 17:25",3,39.9677469,-105.2318144,TRUE,FALSE,FALSE,"S280865989"
"633","bkbmag1","Black-billed Magpie","Pica hudsonia","L54354238","7996 U.S. 287, Townsend, Montana, US (46.286, -111.499)","2025-10-22 17:18",1,46.2864213,-111.49932,TRUE,FALSE,TRUE,"S280862991"
"634","bkbmag1","Black-billed Magpie","Pica hudsonia","L2823894","Spitzer Reservoir (view from road onlly)","2025-10-22 17:16",3,40.743085,-105.096306,TRUE,FALSE,FALSE,"S280882190"
"635","bkbmag1","Black-billed Magpie","Pica hudsonia","L2928034","Malheur NWR--Steens Mountain Loop--Frenchglen to Page Springs","2025-10-22 17:14",4,42.8232825,-118.8961029,TRUE,FALSE,FALSE,"S280879161"
"636","bkbmag1","Black-billed Magpie","Pica hudsonia","L54354774","Post Office on Baxter. Bozeman US-MT","2025-10-22 17:02",2,45.700488,-111.072298,TRUE,FALSE,TRUE,"S280865481"
"637","bkbmag1","Black-billed Magpie","Pica hudsonia","L2716761","Poudre Trail--gravel ponds west of Taft Hill Rd","2025-10-22 16:59",1,40.6129415,-105.1266484,TRUE,FALSE,FALSE,"S280866355"
"638","bkbmag1","Black-billed Magpie","Pica hudsonia","L54353706","Interstate 90, Three Forks, Montana, US (45.914, -111.551)","2025-10-22 16:54",2,45.9142061,-111.5509039,TRUE,FALSE,TRUE,"S280860589"
"639","bkbmag1","Black-billed Magpie","Pica hudsonia","L11323869","Tucker Gulch","2025-10-22 16:50",1,39.7664534,-105.2264027,TRUE,FALSE,FALSE,"S280866529"
"640","bkbmag1","Black-billed Magpie","Pica hudsonia","L728336","Thief Valley Reservoir (Union Co.)","2025-10-22 16:45",2,45.0229344,-117.785368,TRUE,FALSE,FALSE,"S280944203"
"641","bkbmag1","Black-billed Magpie","Pica hudsonia","L54356033","124A La Cueva Rd, Glorieta US-NM 35.58050, -105.73404","2025-10-22 16:42",1,35.580496,-105.734045,TRUE,FALSE,TRUE,"S280871654"
"642","bkbmag1","Black-billed Magpie","Pica hudsonia","L4549760","San Juan NF--Falls Creek area","2025-10-22 16:42",2,37.3623309,-107.8633136,TRUE,FALSE,FALSE,"S280866723"
"643","bkbmag1","Black-billed Magpie","Pica hudsonia","L1430685","Mount Sentinel--'M' Trail","2025-10-22 16:39",17,46.8593537,-113.9757312,TRUE,FALSE,FALSE,"S280872064"
"644","bkbmag1","Black-billed Magpie","Pica hudsonia","L8318147","Upper O'Malley Trailhead, Chugach State Park","2025-10-22 16:36",5,61.1193972,-149.714427,TRUE,FALSE,FALSE,"S280876213"
"645","bkbmag1","Black-billed Magpie","Pica hudsonia","L25290180","Darma’s Garden","2025-10-22 16:33",3,40.048806,-105.270707,TRUE,FALSE,TRUE,"S280863795"
"646","bkbmag1","Black-billed Magpie","Pica hudsonia","L852131","Sunset Hills Cemetery and Lindley Park","2025-10-22 16:28",15,45.6763383,-111.0249442,TRUE,FALSE,FALSE,"S280867654"
"647","bkbmag1","Black-billed Magpie","Pica hudsonia","L24120199","The Smith House (Grand County, CO)","2025-10-22 16:25",3,40.1906946,-105.863156,TRUE,FALSE,TRUE,"S280866554"
"648","bkbmag1","Black-billed Magpie","Pica hudsonia","L10064321","Ángel de fuego Santuario de Aves","2025-10-22 16:25",3,36.3729956,-105.2678248,TRUE,FALSE,TRUE,"S280865765"
"649","bkbmag1","Black-billed Magpie","Pica hudsonia","L54356589","688–830 Sloat Rd, Blairsden Graeagle US-CA 39.86802, -120.72299","2025-10-22 16:24",2,39.868017,-120.722986,TRUE,FALSE,TRUE,"S280874131"
"650","bkbmag1","Black-billed Magpie","Pica hudsonia","L31596379","184 Providence Way, Hamilton US-MT 46.25686, -114.14271","2025-10-22 16:23",1,46.256858,-114.142705,TRUE,FALSE,TRUE,"S280862760"
"651","bkbmag1","Black-billed Magpie","Pica hudsonia","L6237613","WA-Spokane--Valleyford","2025-10-22 16:21",3,47.538833,-117.231836,TRUE,FALSE,TRUE,"S280863719"
"652","bkbmag1","Black-billed Magpie","Pica hudsonia","L2142317","Bishop Paiute Tribe Conservation Area","2025-10-22 16:20",1,37.3636682,-118.4100866,TRUE,FALSE,FALSE,"S280869931"
"653","bkbmag1","Black-billed Magpie","Pica hudsonia","L54354282","Hwy 37","2025-10-22 16:18",1,45.913222,-119.116969,TRUE,FALSE,TRUE,"S280863183"
"654","bkbmag1","Black-billed Magpie","Pica hudsonia","L22190924","Yucca House NM","2025-10-22 16:15",4,37.2498807,-108.6848175,TRUE,FALSE,FALSE,"S280864175"
"655","bkbmag1","Black-billed Magpie","Pica hudsonia","L854762","University of Montana campus","2025-10-22 16:11",2,46.8601617,-113.9852571,TRUE,FALSE,FALSE,"S280872080"
"656","bkbmag1","Black-billed Magpie","Pica hudsonia","L906658","West Boise Waste Water Treatment Facility","2025-10-22 16:10",1,43.6673128,-116.3289285,TRUE,FALSE,FALSE,"S280856528"
"657","bkbmag1","Black-billed Magpie","Pica hudsonia","L388033","Rocky Mountain NP--Trail Ridge Rd--Many Parks Curve area","2025-10-22 16:10",1,40.3871711,-105.6314743,TRUE,FALSE,FALSE,"S280857349"
"658","bkbmag1","Black-billed Magpie","Pica hudsonia","L54354236","5008 S Linke Rd, Greenacres US-WA 47.60704, -117.16400","2025-10-22 16:09",6,47.607042,-117.164004,TRUE,FALSE,TRUE,"S280862982"
"659","bkbmag1","Black-billed Magpie","Pica hudsonia","L10708194","Kruk Road","2025-10-22 16:07",2,47.9156755,-119.0591744,TRUE,FALSE,TRUE,"S280888014"
"660","bkbmag1","Black-billed Magpie","Pica hudsonia","L54376963","SR-12, Panguitch US-UT 37.74790, -112.35704","2025-10-22 15:59",1,37.7479,-112.357036,TRUE,FALSE,TRUE,"S280977990"
"661","bkbmag1","Black-billed Magpie","Pica hudsonia","L54355490","2–8 Boyd Cooney Dam Rd, Joliet US-MT 45.45786, -109.06785","2025-10-22 15:56",2,45.457859,-109.067847,TRUE,FALSE,TRUE,"S280869143"
"662","bkbmag1","Black-billed Magpie","Pica hudsonia","L716993","Chester Creek & Fish Creek Mouths (Audubon Bench & Fish Creek Bench)","2025-10-22 15:51",1,61.2075708,-149.9289732,TRUE,FALSE,FALSE,"S280879705"
"663","bkbmag1","Black-billed Magpie","Pica hudsonia","L10007131","Union Co. Fairgrounds Pond","2025-10-22 15:45",2,45.3455884,-118.1084073,TRUE,FALSE,FALSE,"S280867486"
"664","bkbmag1","Black-billed Magpie","Pica hudsonia","L28149303","Our Yard 1467 Falls Ave W, Twin Falls US-ID","2025-10-22 15:40",1,42.578585,-114.513743,TRUE,FALSE,TRUE,"S280859224"
"665","bkbmag1","Black-billed Magpie","Pica hudsonia","L54352122","6572–6578 NM-518, Vadito US-NM 36.26717, -105.57394","2025-10-22 15:36",4,36.267175,-105.573942,TRUE,FALSE,TRUE,"S280852645"
"666","bkbmag1","Black-billed Magpie","Pica hudsonia","L1363707","Greenhouse Road","2025-10-22 15:35",5,46.3461435,-112.7503516,TRUE,FALSE,TRUE,"S280854041"
"667","bkbmag1","Black-billed Magpie","Pica hudsonia","L54350399","6313 MN-27, Kettle River US-MN 46.45187, -92.95282","2025-10-22 15:33",1,46.451867,-92.952821,TRUE,FALSE,TRUE,"S280844208"
"668","bkbmag1","Black-billed Magpie","Pica hudsonia","L54351933","1220 Highway 89, Emigrant, Montana, US (45.166, -110.842)","2025-10-22 15:31",1,45.1664435,-110.8423609,TRUE,FALSE,TRUE,"S280851673"
"669","bkbmag1","Black-billed Magpie","Pica hudsonia","L1556949","Home Rosemont Court","2025-10-22 15:30",1,42.2223865,-121.7171626,TRUE,FALSE,TRUE,"S280870223"
"670","bkbmag1","Black-billed Magpie","Pica hudsonia","L575126","Pueblo Mountain Park","2025-10-22 15:28",1,38.0463506,-105.0026894,TRUE,FALSE,FALSE,"S280856507"
"671","bkbmag1","Black-billed Magpie","Pica hudsonia","L13545273","Teton Shadows","2025-10-22 15:23",2,43.5722141,-110.7539892,TRUE,FALSE,TRUE,"S280853612"
"672","bkbmag1","Black-billed Magpie","Pica hudsonia","L733000","Upper Truckee River--marsh trail and offshore","2025-10-22 15:23",7,38.9389497,-120.0017738,TRUE,FALSE,FALSE,"S280859837"
"673","bkbmag1","Black-billed Magpie","Pica hudsonia","L54353304","1968–1990 NM-75, Vadito US-NM 36.18472, -105.63638","2025-10-22 15:16",3,36.184719,-105.636382,TRUE,FALSE,TRUE,"S280858540"
"674","bkbmag1","Black-billed Magpie","Pica hudsonia","L998078","Skunk Canyon Trails","2025-10-22 15:12",1,39.985871,-105.2770865,TRUE,FALSE,FALSE,"S280860516"
"675","bkbmag1","Black-billed Magpie","Pica hudsonia","L1352977","Warm Springs Reservation","2025-10-22 15:08",1,44.7922693,-121.321516,TRUE,FALSE,TRUE,"S281155056"
"676","bkbmag1","Black-billed Magpie","Pica hudsonia","L1307025","Racetrack Pond","2025-10-22 15:03",2,46.2712748,-112.7416992,TRUE,FALSE,FALSE,"S280849563"
"677","bkbmag1","Black-billed Magpie","Pica hudsonia","L10151913","Home","2025-10-22 15:01",2,39.673116,-105.153354,TRUE,FALSE,TRUE,"S280952604"
"678","bkbmag1","Black-billed Magpie","Pica hudsonia","L1175561","Red Rock Canyon Open Space","2025-10-22 15:00",6,38.8473432,-104.8811263,TRUE,FALSE,FALSE,"S280981856"
"679","bkbmag1","Black-billed Magpie","Pica hudsonia","L46153725","East of Harrison, North of Ogden river, Ogden, Utah, US","2025-10-22 14:54",2,41.2374937,-111.942189,TRUE,FALSE,TRUE,"S280851427"
"680","bkbmag1","Black-billed Magpie","Pica hudsonia","L3603889","East River Rd. south of Murphy Ln.","2025-10-22 14:54",1,45.344406,-110.7359133,TRUE,FALSE,TRUE,"S280862331"
"681","bkbmag1","Black-billed Magpie","Pica hudsonia","L1743685","Belmar Park","2025-10-22 14:51",1,39.7044793,-105.0857735,TRUE,FALSE,FALSE,"S280854766"
"682","bkbmag1","Black-billed Magpie","Pica hudsonia","L2961788","Williams Fork Reservoir","2025-10-22 14:51",8,40.0165063,-106.2103271,TRUE,FALSE,FALSE,"S280855366"
"683","bkbmag1","Black-billed Magpie","Pica hudsonia","L29427184","Road 130 w of road to cabin area","2025-10-22 14:48",2,41.178198,-101.672875,TRUE,FALSE,TRUE,"S280870869"
"684","bkbmag1","Black-billed Magpie","Pica hudsonia","L7389108","Lory SP--Well Gulch Nature Trail","2025-10-22 14:46",2,40.5778286,-105.182274,TRUE,FALSE,FALSE,"S280879097"
"685","bkbmag1","Black-billed Magpie","Pica hudsonia","L2700894","Gustavus--Lake Gustavus","2025-10-22 14:46",1,58.4246351,-135.6892713,TRUE,FALSE,FALSE,"S280877286"
"686","bkbmag1","Black-billed Magpie","Pica hudsonia","L588692","Seldovia (town)","2025-10-22 14:43",3,59.4415843,-151.7160416,TRUE,FALSE,FALSE,"S280865233"
"687","bkbmag1","Black-billed Magpie","Pica hudsonia","L458030","Bear Lake--Marina","2025-10-22 14:39",8,41.9652341,-111.3955307,TRUE,FALSE,FALSE,"S280846631"
"688","bkbmag1","Black-billed Magpie","Pica hudsonia","L54353309","4 CR-75, Truchas US-NM 36.04413, -105.81255","2025-10-22 14:38",1,36.044135,-105.812548,TRUE,FALSE,TRUE,"S280858561"
"689","bkbmag1","Black-billed Magpie","Pica hudsonia","L5249417","Cottonwood and Lake Parks","2025-10-22 14:34",1,39.984356,-105.142899,TRUE,FALSE,FALSE,"S280851487"
"690","bkbmag1","Black-billed Magpie","Pica hudsonia","L11624135","Sonnenalp Club","2025-10-22 14:22",8,39.6472363,-106.56592,TRUE,FALSE,TRUE,"S280958082"
"691","bkbmag1","Black-billed Magpie","Pica hudsonia","L54350426","440 North 4th Avenue, Bozeman, Montana, US (45.684, -111.043)","2025-10-22 14:16",3,45.684302,-111.0425929,TRUE,FALSE,TRUE,"S280844473"
"692","bkbmag1","Black-billed Magpie","Pica hudsonia","L54353527","Quincy Reservoir Trail, Aurora US-CO 39.63822, -104.77574","2025-10-22 14:11",2,39.638224,-104.775741,TRUE,FALSE,TRUE,"S280859717"
"693","bkbmag1","Black-billed Magpie","Pica hudsonia","L5899417","Y Mountain Trail","2025-10-22 14:10",6,40.2455165,-111.6230571,TRUE,FALSE,FALSE,"S280852721"
"694","bkbmag1","Black-billed Magpie","Pica hudsonia","L54349922","Saratoga Valley","2025-10-22 14:10",1,41.3368143,-106.7460018,TRUE,FALSE,TRUE,"S280841637"
"695","bkbmag1","Black-billed Magpie","Pica hudsonia","L54357028","20503–20899 US-350, Trinidad US-CO 37.28186, -104.32747","2025-10-22 14:06",2,37.281855,-104.327472,TRUE,FALSE,TRUE,"S280876368"
"696","bkbmag1","Black-billed Magpie","Pica hudsonia","L8924957","Lewis’s Corner","2025-10-22 14:04",3,46.751043,-114.074493,TRUE,FALSE,TRUE,"S280856161"
"697","bkbmag1","Black-billed Magpie","Pica hudsonia","L4258936","Clear Creek Drive (Boise home)","2025-10-22 14:00",2,43.5909832,-116.3173896,TRUE,FALSE,TRUE,"S280879179"
"698","bkbmag1","Black-billed Magpie","Pica hudsonia","L54352577","Marshall Mountain","2025-10-22 13:59",1,46.919677,-113.906791,TRUE,FALSE,TRUE,"S280855022"
"699","bkbmag1","Black-billed Magpie","Pica hudsonia","L12508049","4502 Swenson Rd, Clayton US-WA 47.98882, -117.56703","2025-10-22 13:47",1,47.988817,-117.567034,TRUE,FALSE,TRUE,"S280846189"
"700","bkbmag1","Black-billed Magpie","Pica hudsonia","L2467591","Mount Falcon Park--Lower Trails","2025-10-22 13:46",4,39.6451626,-105.2056091,TRUE,FALSE,FALSE,"S280849086"
"701","bkbmag1","Black-billed Magpie","Pica hudsonia","L11962116","Mt. Sanitas--East Ridge","2025-10-22 13:45",1,40.0344525,-105.301613,TRUE,FALSE,TRUE,"S280842261"
"702","bkbmag1","Black-billed Magpie","Pica hudsonia","L49073140","Bar CCC Park, Parker US-CO 39.51584, -104.77543","2025-10-22 13:44",1,39.51584,-104.775433,TRUE,FALSE,TRUE,"S280842924"
"703","bkbmag1","Black-billed Magpie","Pica hudsonia","L53985451","5263–5299 Heeney Rd, Silverthorne US-CO 39.85476, -106.25470","2025-10-22 13:34",4,39.854755,-106.254699,TRUE,FALSE,TRUE,"S280841223"
"704","bkbmag1","Black-billed Magpie","Pica hudsonia","L54356649","Kings Bottom Campground","2025-10-22 13:33",1,38.556315,-109.585513,TRUE,FALSE,TRUE,"S280874452"
"705","bkbmag1","Black-billed Magpie","Pica hudsonia","L43581347","7002 South Revere Parkway, Centennial, Colorado, US (39.59, -104.841)","2025-10-22 13:33",1,39.5904863,-104.840982,TRUE,FALSE,TRUE,"S280840490"
"706","bkbmag1","Black-billed Magpie","Pica hudsonia","L1429699","Kim Williams Natural Area","2025-10-22 13:31",3,46.862266,-113.9738583,TRUE,FALSE,FALSE,"S280853617"
"707","bkbmag1","Black-billed Magpie","Pica hudsonia","L31103476","My home-Patio Springs, Eden, Utah","2025-10-22 13:29",1,41.3277409,-111.8367425,TRUE,FALSE,TRUE,"S280844786"
"708","bkbmag1","Black-billed Magpie","Pica hudsonia","L1312278","Arco Ponds","2025-10-22 13:27",2,46.1624744,-112.7791214,TRUE,FALSE,FALSE,"S280846760"
"709","bkbmag1","Black-billed Magpie","Pica hudsonia","L937527","Mud Lake Open Space","2025-10-22 13:25",1,39.977712,-105.5097502,TRUE,FALSE,FALSE,"S280965766"
"710","bkbmag1","Black-billed Magpie","Pica hudsonia","L280497","Cherry Springs","2025-10-22 13:21",4,42.7510336,-112.3943382,TRUE,FALSE,FALSE,"S280895491"
"711","bkbmag1","Black-billed Magpie","Pica hudsonia","L564147","Smith Rock SP","2025-10-22 13:20",3,44.3669375,-121.1371851,TRUE,FALSE,FALSE,"S280856189"
"712","bkbmag1","Black-billed Magpie","Pica hudsonia","L2528953","Ken Caryl - Brannon Gearhart Park parking lot","2025-10-22 13:15",2,39.5777802,-105.1657429,TRUE,FALSE,TRUE,"S280871593"
"713","bkbmag1","Black-billed Magpie","Pica hudsonia","L4754066","Aspen Winds on Fall River Resort (private)","2025-10-22 13:00",2,40.3899658,-105.5623484,TRUE,FALSE,FALSE,"S280843525"
"714","bkbmag1","Black-billed Magpie","Pica hudsonia","L21025504","Mueller SP--Campgrounds","2025-10-22 13:00",1,38.8950683,-105.1819861,TRUE,FALSE,FALSE,"S280853458"
"715","bkbmag1","Black-billed Magpie","Pica hudsonia","L6432654","Millcreek Drive, Ogden, UT","2025-10-22 12:58",3,41.239561,-111.9392923,TRUE,FALSE,TRUE,"S280851480"
"716","bkbmag1","Black-billed Magpie","Pica hudsonia","L948413","Ladd Marsh WMA","2025-10-22 12:57",3,45.2585762,-118.0359077,TRUE,FALSE,FALSE,"S280840784"
"717","bkbmag1","Black-billed Magpie","Pica hudsonia","L54351884","Post Office","2025-10-22 12:55",2,45.7019472,-111.0718469,TRUE,FALSE,TRUE,"S280851894"
"718","bkbmag1","Black-billed Magpie","Pica hudsonia","L54348718","Almont","2025-10-22 12:51",NA,38.676505,-106.833861,TRUE,FALSE,TRUE,"S280836090"
"719","bkbmag1","Black-billed Magpie","Pica hudsonia","L447435","Hatfield Lake","2025-10-22 12:50",1,44.1232081,-121.198554,TRUE,FALSE,FALSE,"S280853839"
"720","bkbmag1","Black-billed Magpie","Pica hudsonia","L54348004","Brewerton-Waldner Yard","2025-10-22 12:48",1,41.71852,-111.846364,TRUE,FALSE,TRUE,"S280832568"
"721","bkbmag1","Black-billed Magpie","Pica hudsonia","L49584481","Rattlesnake Road, Burns, Oregon, US (43.71, -118.799)","2025-10-22 12:47",6,43.7104606,-118.7985744,TRUE,FALSE,TRUE,"S280843906"
"722","bkbmag1","Black-billed Magpie","Pica hudsonia","L54355486","737 near Star Ranch","2025-10-22 12:46",2,38.753785,-107.027073,TRUE,FALSE,TRUE,"S280869128"
"723","bkbmag1","Black-billed Magpie","Pica hudsonia","L54348941","The University of Utah, Salt Lake City US-UT 40.77261, -111.83408","2025-10-22 12:42",5,40.772612,-111.834075,TRUE,FALSE,TRUE,"S280837122"
"724","bkbmag1","Black-billed Magpie","Pica hudsonia","L2771815","Smith Reservoir","2025-10-22 12:39",11,39.6852456,-105.1156855,TRUE,FALSE,FALSE,"S280850149"
"725","bkbmag1","Black-billed Magpie","Pica hudsonia","L4201296","Cherry Creek Trail--Hwy 86 to Walker Road Gravel Pond","2025-10-22 12:39",2,39.3951597,-104.762063,TRUE,FALSE,FALSE,"S280838900"
"726","bkbmag1","Black-billed Magpie","Pica hudsonia","L52381307","Neighborhood","2025-10-22 12:34",1,61.1547319,-149.832612,TRUE,FALSE,TRUE,"S280844933"
"727","bkbmag1","Black-billed Magpie","Pica hudsonia","L28311413","Military Rd","2025-10-22 12:28",1,43.755228,-118.7996158,TRUE,FALSE,TRUE,"S280843876"
"728","bkbmag1","Black-billed Magpie","Pica hudsonia","L6940100","Escalante Sewage Ponds","2025-10-22 12:23",2,37.7731975,-111.5889109,TRUE,FALSE,FALSE,"S280841445"
"729","bkbmag1","Black-billed Magpie","Pica hudsonia","L19045234","Ridgway Visitors Center and Campground (Upper CG)","2025-10-22 12:19",1,38.216984,-107.740573,TRUE,FALSE,TRUE,"S280832322"
"730","bkbmag1","Black-billed Magpie","Pica hudsonia","L1515784","Healy Reservoir","2025-10-22 12:15",NA,44.4134538,-106.6063384,TRUE,FALSE,FALSE,"S280840472"
"731","bkbmag1","Black-billed Magpie","Pica hudsonia","L943081","Moscow - Old Pullman Rd. (Latah Co. portion)","2025-10-22 12:15",5,46.7226234,-117.0302296,TRUE,FALSE,TRUE,"S280844245"
"732","bkbmag1","Black-billed Magpie","Pica hudsonia","L54355544","Devisadero  Loop trail","2025-10-22 12:15",2,36.3761004,-105.5471134,TRUE,FALSE,TRUE,"S280869681"
"733","bkbmag1","Black-billed Magpie","Pica hudsonia","L19400696","Peterson pasture","2025-10-22 12:12",1,48.166358,-96.682947,TRUE,FALSE,TRUE,"S280822084"
"734","bkbmag1","Black-billed Magpie","Pica hudsonia","L54355114","Pelham Lake Trail, Dubois, Wyoming, US (43.644, -109.94)","2025-10-22 12:11",2,43.6436502,-109.9398158,TRUE,FALSE,TRUE,"S280867262"
"735","bkbmag1","Black-billed Magpie","Pica hudsonia","L16651473","Bethel--Lion's Club River Walk","2025-10-22 12:10",2,60.7885012,-161.7720547,TRUE,FALSE,FALSE,"S280845422"
"736","bkbmag1","Black-billed Magpie","Pica hudsonia","L4744017","Yellowstone NP--Petrified Tree","2025-10-22 12:10",1,44.9165894,-110.4406106,TRUE,FALSE,FALSE,"S280830010"
"737","bkbmag1","Black-billed Magpie","Pica hudsonia","L1341712","Waterworks Hill","2025-10-22 12:09",1,46.8790677,-113.9846574,TRUE,FALSE,FALSE,"S280830636"
"738","bkbmag1","Black-billed Magpie","Pica hudsonia","L31749263","Park city","2025-10-22 12:08",1,40.6461028,-111.4970698,TRUE,FALSE,FALSE,"S280834220"
"739","bkbmag1","Black-billed Magpie","Pica hudsonia","L54349751","Convict Lake Rd, Mammoth Lakes (37.61391, -118.84573)","2025-10-22 12:08",1,37.613909,-118.845732,TRUE,FALSE,TRUE,"S280840735"
"740","bkbmag1","Black-billed Magpie","Pica hudsonia","L10035891","Graf Park","2025-10-22 12:07",6,45.6516866,-111.0376742,TRUE,FALSE,FALSE,"S281055965"
"741","bkbmag1","Black-billed Magpie","Pica hudsonia","L54316576","Wolf Lodge Creek marsh","2025-10-22 12:00",1,47.6242915,-116.6429596,TRUE,FALSE,TRUE,"S280862875"
"742","bkbmag1","Black-billed Magpie","Pica hudsonia","L12883475","Hudson (town)","2025-10-22 11:58",1,42.9049347,-108.5836255,TRUE,FALSE,FALSE,"S280832646"
"743","bkbmag1","Black-billed Magpie","Pica hudsonia","L2167464","Landruff Lane","2025-10-22 11:58",7,43.6921734,-116.5837812,TRUE,FALSE,FALSE,"S280829077"
"744","bkbmag1","Black-billed Magpie","Pica hudsonia","L28329482","Curtis-Draper Road, Union, Oregon, US (45.211, -117.775)","2025-10-22 11:57",2,45.2109255,-117.7748446,TRUE,FALSE,TRUE,"S280835984"
"745","bkbmag1","Black-billed Magpie","Pica hudsonia","L751460","Eldorado Canyon SP--Inner Canyon","2025-10-22 11:56",1,39.9308904,-105.2941853,TRUE,FALSE,FALSE,"S280837952"
"746","bkbmag1","Black-billed Magpie","Pica hudsonia","L131422","Lake Estes","2025-10-22 11:54",1,40.3758792,-105.4963017,TRUE,FALSE,FALSE,"S280826290"
"747","bkbmag1","Black-billed Magpie","Pica hudsonia","L8345397","1st Ave & Ash Street","2025-10-22 11:53",2,39.7172,-104.9382,TRUE,FALSE,TRUE,"S281000903"
"748","bkbmag1","Black-billed Magpie","Pica hudsonia","L813495","Ice Harbor Dam","2025-10-22 11:50",8,46.2469025,-118.8877215,TRUE,FALSE,FALSE,"S281012794"
"749","bkbmag1","Black-billed Magpie","Pica hudsonia","L1284043","Biggs--Rufus Frontage Rd. Ponds","2025-10-22 11:50",3,45.6813591,-120.7830334,TRUE,FALSE,FALSE,"S280833005"
"750","bkbmag1","Black-billed Magpie","Pica hudsonia","L7400500","Ashbaugh Park","2025-10-22 11:49",5,39.5915353,-105.0055861,TRUE,FALSE,FALSE,"S280831446"
"751","bkbmag1","Black-billed Magpie","Pica hudsonia","L25722099","CTNF access Packsaddle","2025-10-22 11:48",1,43.77123,-111.290906,TRUE,FALSE,TRUE,"S280882154"
"752","bkbmag1","Black-billed Magpie","Pica hudsonia","L12599784","Upper Cataract Lake","2025-10-22 11:48",3,39.7948594,-106.3339909,TRUE,FALSE,FALSE,"S280940827"
"753","bkbmag1","Black-billed Magpie","Pica hudsonia","L29985135","Bozeman Co-housing","2025-10-22 11:47",10,45.648589,-111.040068,TRUE,FALSE,TRUE,"S280869622"
"754","bkbmag1","Black-billed Magpie","Pica hudsonia","L11824468","Cherry Gulch","2025-10-22 11:45",1,46.8790677,-113.9846574,TRUE,FALSE,FALSE,"S280827840"
"755","bkbmag1","Black-billed Magpie","Pica hudsonia","L54346525","2699 Baxter Ln, Bozeman US-MT 45.70039, -111.07092","2025-10-22 11:42",1,45.700395,-111.070921,TRUE,FALSE,TRUE,"S280825215"
"756","bkbmag1","Black-billed Magpie","Pica hudsonia","L49899607","Hwy 89, Jackson US-WY (43.4634,-110.7934)","2025-10-22 11:40",2,43.463429,-110.793419,TRUE,FALSE,TRUE,"S280860988"
"757","bkbmag1","Black-billed Magpie","Pica hudsonia","L109290","South Republican SWA (former Bonny Reservoir)","2025-10-22 11:39",1,39.61853,-102.18416,TRUE,FALSE,FALSE,"S280827593"
"758","bkbmag1","Black-billed Magpie","Pica hudsonia","L1226218","Agassiz Valley (Marshall Co.)","2025-10-22 11:37",3,48.1806579,-96.6525006,TRUE,FALSE,FALSE,"S280816347"
"759","bkbmag1","Black-billed Magpie","Pica hudsonia","L54346587","Uinta-Wasatch-Cache National Forest, Kamas US-UT (40.5060,-110.9481)","2025-10-22 11:31",1,40.505979,-110.948072,TRUE,FALSE,TRUE,"S280825515"
"760","bkbmag1","Black-billed Magpie","Pica hudsonia","L124349","Swan Lake Nature Study Area (IBA)","2025-10-22 11:29",2,39.6574142,-119.8457766,TRUE,FALSE,FALSE,"S280846420"
"761","bkbmag1","Black-billed Magpie","Pica hudsonia","L2714454","Winding Trail","2025-10-22 11:25",4,42.5588305,-114.4853497,TRUE,FALSE,FALSE,"S280824646"
"762","bkbmag1","Black-billed Magpie","Pica hudsonia","L54355330","Thomas Drive","2025-10-22 11:24",1,45.701395,-111.072514,TRUE,FALSE,TRUE,"S280868360"
"763","bkbmag1","Black-billed Magpie","Pica hudsonia","L15367741","Sypes Canyon","2025-10-22 11:23",1,45.7452351,-111.0079444,TRUE,FALSE,TRUE,"S280822902"
"764","bkbmag1","Black-billed Magpie","Pica hudsonia","L46111697","Sheldon NWR--CR-34A West Rock Spring to Catnip Reservoir","2025-10-22 11:22",1,41.929979,-119.407313,TRUE,FALSE,TRUE,"S280846640"
"765","bkbmag1","Black-billed Magpie","Pica hudsonia","L5435597","Scratchgravel Hills--Head Lane Trailhead","2025-10-22 11:16",2,46.6721743,-112.0993638,TRUE,FALSE,FALSE,"S280834531"
"766","bkbmag1","Black-billed Magpie","Pica hudsonia","L3762566","Birch Ruins/Knoll Willows Nature Preserve","2025-10-22 11:16",1,40.3791049,-105.5203933,TRUE,FALSE,FALSE,"S280834001"
"767","bkbmag1","Black-billed Magpie","Pica hudsonia","L22118070","Yakima Greenway South","2025-10-22 11:15",3,46.5630573,-120.4700145,TRUE,FALSE,FALSE,"S280864579"
"768","bkbmag1","Black-billed Magpie","Pica hudsonia","L341405","Cold Springs NWR","2025-10-22 11:15",2,45.8502011,-119.1532407,TRUE,FALSE,FALSE,"S280835476"
"769","bkbmag1","Black-billed Magpie","Pica hudsonia","L54352872","Post Office on Baxter","2025-10-22 11:14",4,45.701453,-111.073593,TRUE,FALSE,TRUE,"S280856370"
"770","bkbmag1","Black-billed Magpie","Pica hudsonia","L2285815","Dailey Lake","2025-10-22 11:13",7,45.261783,-110.8158302,TRUE,FALSE,FALSE,"S280861945"
"771","bkbmag1","Black-billed Magpie","Pica hudsonia","L2694257","Colorado River SP--Audubon Section","2025-10-22 11:10",5,39.0759176,-108.6057562,TRUE,FALSE,FALSE,"S280827375"
"772","bkbmag1","Black-billed Magpie","Pica hudsonia","L10405880","Nicholl St W, Boulder US-CO","2025-10-22 11:08",2,40.029192,-105.269214,TRUE,FALSE,TRUE,"S280826399"
"773","bkbmag1","Black-billed Magpie","Pica hudsonia","L501195","Sands Lake SWA","2025-10-22 11:07",2,38.5436846,-106.0044837,TRUE,FALSE,FALSE,"S280828502"
"774","bkbmag1","Black-billed Magpie","Pica hudsonia","L304674","Foote Park","2025-10-22 11:05",2,43.5223643,-116.0619193,TRUE,FALSE,FALSE,"S280836088"
"775","bkbmag1","Black-billed Magpie","Pica hudsonia","L12341670","327–527 Kelly's Pkwy, Cascade US-ID 44.50750, -116.03182","2025-10-22 11:03",3,44.507505,-116.031817,TRUE,FALSE,TRUE,"S280826030"
"776","bkbmag1","Black-billed Magpie","Pica hudsonia","L54350659","50–98 Suce Creek Trailhead Rd, Livingston US-MT 45.56923, -110.51675","2025-10-22 11:01",5,45.569233,-110.516745,TRUE,FALSE,TRUE,"S280845350"
"777","bkbmag1","Black-billed Magpie","Pica hudsonia","L25728185","Mallard Pond","2025-10-22 11:00",14,38.941047,-104.5783507,TRUE,FALSE,TRUE,"S280826614"
"778","bkbmag1","Black-billed Magpie","Pica hudsonia","L279244","Denver Botanic Gardens Chatfield Farms","2025-10-22 10:53",6,39.5507662,-105.099328,TRUE,FALSE,FALSE,"S280830213"
"779","bkbmag1","Black-billed Magpie","Pica hudsonia","L950265","Genesee Mountain Park--peak area only","2025-10-22 10:52",3,39.7029791,-105.2934811,TRUE,FALSE,FALSE,"S280829346"
"780","bkbmag1","Black-billed Magpie","Pica hudsonia","L10736405","96 Antelope Dr, Lyons (Boulder Cty, CO)","2025-10-22 10:51",1,40.2284965,-105.2900537,TRUE,FALSE,TRUE,"S280870699"
"781","bkbmag1","Black-billed Magpie","Pica hudsonia","L28751814","Hwy 139 MP 23","2025-10-22 10:49",3,39.4902802,-108.7503838,TRUE,FALSE,TRUE,"S280842648"
"782","bkbmag1","Black-billed Magpie","Pica hudsonia","L2220944","Leadville National Fish Hatchery","2025-10-22 10:49",2,39.2254549,-106.3901344,TRUE,FALSE,FALSE,"S280826428"
"783","bkbmag1","Black-billed Magpie","Pica hudsonia","L332319","Gregory Canyon (No parking 9pm-5am)","2025-10-22 10:47",1,39.9974935,-105.2927718,TRUE,FALSE,FALSE,"S280835144"
"784","bkbmag1","Black-billed Magpie","Pica hudsonia","L8205564","Daggett Lane","2025-10-22 10:46",2,39.608769,-106.960761,TRUE,FALSE,TRUE,"S280844556"
"785","bkbmag1","Black-billed Magpie","Pica hudsonia","L27220036","59939 High Valley Road, Union, Oregon, US (45.209, -117.786)","2025-10-22 10:45",8,45.2091176,-117.7856033,TRUE,FALSE,TRUE,"S280835896"
"786","bkbmag1","Black-billed Magpie","Pica hudsonia","L9439979","Fergus, MT PN Ranch APR","2025-10-22 10:44",4,47.6927958,-109.6486908,TRUE,FALSE,TRUE,"S280869115"
"787","bkbmag1","Black-billed Magpie","Pica hudsonia","L4294546","Buckley Ponds","2025-10-22 10:43",2,37.3415025,-118.3328819,TRUE,FALSE,FALSE,"S281018110"
"788","bkbmag1","Black-billed Magpie","Pica hudsonia","L54344661","4653 County Road 130, Westcliffe US-CO 38.05906, -105.49964","2025-10-22 10:40",2,38.059057,-105.499642,TRUE,FALSE,TRUE,"S280815982"
"789","bkbmag1","Black-billed Magpie","Pica hudsonia","L3757428","Yellowstone NP--Tower Junction","2025-10-22 10:37",2,44.9159512,-110.4158163,TRUE,FALSE,FALSE,"S280833175"
"790","bkbmag1","Black-billed Magpie","Pica hudsonia","L151646","Walden Reservoir","2025-10-22 10:35",1,40.7321439,-106.3120244,TRUE,FALSE,FALSE,"S280853867"
"791","bkbmag1","Black-billed Magpie","Pica hudsonia","L10143594","Old Ephraim Canyon Road","2025-10-22 10:33",1,39.33828,-111.5217797,TRUE,FALSE,TRUE,"S280873744"
"792","bkbmag1","Black-billed Magpie","Pica hudsonia","L506711","LeBarron Point ","2025-10-22 10:32",6,40.0436655,-111.8778026,TRUE,FALSE,FALSE,"S280832265"
"793","bkbmag1","Black-billed Magpie","Pica hudsonia","L20712265","FS RO Ft Missoula","2025-10-22 10:32",1,46.8417465,-114.0565244,TRUE,FALSE,TRUE,"S280816720"
"794","bkbmag1","Black-billed Magpie","Pica hudsonia","L35976741","Bates","2025-10-22 10:30",1,40.6240997,-112.265007,TRUE,FALSE,TRUE,"S280818752"
"795","bkbmag1","Black-billed Magpie","Pica hudsonia","L299848","Grandview Cemetery","2025-10-22 10:30",1,40.5875,-105.11222,TRUE,FALSE,FALSE,"S280862589"
"796","bkbmag1","Black-billed Magpie","Pica hudsonia","L2396661","Sypes Canyon Trail","2025-10-22 10:30",2,45.7451709,-111.005162,TRUE,FALSE,FALSE,"S280853951"
"797","bkbmag1","Black-billed Magpie","Pica hudsonia","L4257726","SE Creekside Dr","2025-10-22 10:25",2,46.0437014,-118.3685151,TRUE,FALSE,TRUE,"S280866064"
"798","bkbmag1","Black-billed Magpie","Pica hudsonia","L11680028","Swan Falls Park","2025-10-22 10:24",2,43.2430936,-116.3765936,TRUE,FALSE,TRUE,"S280836202"
"799","bkbmag1","Black-billed Magpie","Pica hudsonia","L991670","Harrison/Willow Creek Reservoir","2025-10-22 10:24",2,45.7005388,-111.7032981,TRUE,FALSE,FALSE,"S280869950"
"800","bkbmag1","Black-billed Magpie","Pica hudsonia","L54021089","Curtis Lake (restricted access)","2025-10-22 10:24",20,40.6639072,-105.1321535,TRUE,FALSE,TRUE,"S280830021"
"801","bkbmag1","Black-billed Magpie","Pica hudsonia","L11680491","St. George's Kayak Launch","2025-10-22 10:16",3,47.7675127,-117.4646616,TRUE,FALSE,FALSE,"S280823083"
"802","bkbmag1","Black-billed Magpie","Pica hudsonia","L7064327","749 Weasel Drive, Pagosa Springs, Colorado, US (37.222, -107.163)","2025-10-22 10:16",1,37.2220978,-107.1628397,TRUE,FALSE,TRUE,"S280821626"
"803","bkbmag1","Black-billed Magpie","Pica hudsonia","L3804502","Beowawe Rest Area--Westbound I-80","2025-10-22 10:14",2,40.67971,-116.47354,TRUE,FALSE,FALSE,"S280822357"
"804","bkbmag1","Black-billed Magpie","Pica hudsonia","L1509906","Utah Lake Parkway Trail (North Shore)","2025-10-22 10:12",1,40.3622447,-111.8832118,TRUE,FALSE,FALSE,"S280853677"
"805","bkbmag1","Black-billed Magpie","Pica hudsonia","L20489660","29 Broken Spoke Ln, Great Falls US-MT (47.5319,-111.4369) HOME","2025-10-22 10:10",6,47.531868,-111.436894,TRUE,FALSE,TRUE,"S280827022"
"806","bkbmag1","Black-billed Magpie","Pica hudsonia","L54344588","White River Trail, Crawford US-NE 42.66605, -103.45558","2025-10-22 10:07",1,42.666052,-103.455577,TRUE,FALSE,TRUE,"S280815677"
"807","bkbmag1","Black-billed Magpie","Pica hudsonia","L46418567","1155 Sumac Kristan’s house 1155 Sumac Dr, Logan US-UT 41.73701, -111.80513","2025-10-22 10:06",1,41.737007,-111.805135,TRUE,FALSE,TRUE,"S280810649"
"808","bkbmag1","Black-billed Magpie","Pica hudsonia","L3170502","Bridgerland Park","2025-10-22 10:03",1,41.7475943,-111.8373469,TRUE,FALSE,FALSE,"S280819930"
"809","bkbmag1","Black-billed Magpie","Pica hudsonia","L54343925","1605 Lincoln Ave, Steamboat Springs US-CO 40.49407, -106.85117","2025-10-22 10:02",2,40.494068,-106.851167,TRUE,FALSE,TRUE,"S280812217"
"810","bkbmag1","Black-billed Magpie","Pica hudsonia","L54345403","Humboldt-Toiyabe National Forest, Orovada US-NV (41.6877,-117.5376)","2025-10-22 10:02",2,41.687676,-117.537598,TRUE,FALSE,TRUE,"S280819546"
"811","bkbmag1","Black-billed Magpie","Pica hudsonia","L12474138","home","2025-10-22 10:00",7,36.7665672,-105.633232,TRUE,FALSE,TRUE,"S280813511"
"812","bkbmag1","Black-billed Magpie","Pica hudsonia","L54350083","Ridgway Reservoir, Ridgway US-CO 38.21766, -107.74875","2025-10-22 10:00",1,38.217664,-107.748746,TRUE,FALSE,TRUE,"S280842425"
"813","bkbmag1","Black-billed Magpie","Pica hudsonia","L12223055","Home","2025-10-22 09:55",1,39.116215,-104.847028,TRUE,FALSE,TRUE,"S280966948"
"814","bkbmag1","Black-billed Magpie","Pica hudsonia","L54352036","McNeil Canyon Road","2025-10-22 09:55",1,47.8364179,-119.9339181,TRUE,FALSE,TRUE,"S280852441"
"815","bkbmag1","Black-billed Magpie","Pica hudsonia","L15312064","Cleo's Ferry Museum and Nature Trail","2025-10-22 09:54",1,43.3419967,-116.5995051,TRUE,FALSE,FALSE,"S280827656"
"816","bkbmag1","Black-billed Magpie","Pica hudsonia","L1236105","La Grande Waste Water Treatment Ponds","2025-10-22 09:52",2,45.2869651,-118.0295563,TRUE,FALSE,FALSE,"S280827236"
"817","bkbmag1","Black-billed Magpie","Pica hudsonia","L54343467","1295 Thomas Dr, Bozeman US-MT 45.70172, -111.07253","2025-10-22 09:51",5,45.701717,-111.072527,TRUE,FALSE,TRUE,"S280809781"
"818","bkbmag1","Black-billed Magpie","Pica hudsonia","L168704","Randall Davey Audubon Center","2025-10-22 09:43",2,35.6901148,-105.8881831,TRUE,FALSE,FALSE,"S280847724"
"819","bkbmag1","Black-billed Magpie","Pica hudsonia","L34582975","921 Mountain View Dr, Castle Rock US-CO 39.38393, -104.85620","2025-10-22 09:41",1,39.383927,-104.856201,TRUE,FALSE,TRUE,"S280814246"
"820","bkbmag1","Black-billed Magpie","Pica hudsonia","L54342650","4 Summer Rd, Santa Fe US-NM 35.89655, -105.98930","2025-10-22 09:39",1,35.896553,-105.989298,TRUE,FALSE,TRUE,"S280805975"
"821","bkbmag1","Black-billed Magpie","Pica hudsonia","L1414981","Parley's Mitigation Area","2025-10-22 09:34",6,40.7558031,-111.6888202,TRUE,FALSE,FALSE,"S280824554"
"822","bkbmag1","Black-billed Magpie","Pica hudsonia","L54343824","Phelps Brook ATV Trail, Kamas US-UT 40.49441, -110.97163","2025-10-22 09:31",1,40.494408,-110.971629,TRUE,FALSE,TRUE,"S280811710"
"823","bkbmag1","Black-billed Magpie","Pica hudsonia","L628392","Bridgeport Hill Rd","2025-10-22 09:30",1,47.9280758,-119.6794367,TRUE,FALSE,FALSE,"S280851860"
"824","bkbmag1","Black-billed Magpie","Pica hudsonia","L9861160","Buffalo Thunder Casino Ponds (view from parking lot only)","2025-10-22 09:30",2,35.8591521,-105.994053,TRUE,FALSE,FALSE,"S280820828"
"825","bkbmag1","Black-billed Magpie","Pica hudsonia","L5246363","Greenville Area","2025-10-22 09:29",1,38.254526,-112.708818,TRUE,FALSE,TRUE,"S280807303"
"826","bkbmag1","Black-billed Magpie","Pica hudsonia","L54345522","12150–12284 Picadilly Rd, Commerce City US-CO 39.91689, -104.73344","2025-10-22 09:29",1,39.916892,-104.733445,TRUE,FALSE,TRUE,"S280820250"
"827","bkbmag1","Black-billed Magpie","Pica hudsonia","L16057718","73–91 Frost Rd, Twisp US-WA 48.39220, -120.18481","2025-10-22 09:26",2,48.392195,-120.184814,TRUE,FALSE,TRUE,"S280826574"
"828","bkbmag1","Black-billed Magpie","Pica hudsonia","L29348948","César E. Chávez Park","2025-10-22 09:25",4,39.773433,-105.044634,TRUE,FALSE,FALSE,"S280805769"
"829","bkbmag1","Black-billed Magpie","Pica hudsonia","L338763","Totten Reservoir","2025-10-22 09:22",2,37.364487,-108.530594,TRUE,FALSE,FALSE,"S280832779"
"830","bkbmag1","Black-billed Magpie","Pica hudsonia","L13992232","8756 E Lehigh Ave, Denver US-CO 39.64720, -104.88657","2025-10-22 09:22",1,39.647196,-104.886572,TRUE,FALSE,TRUE,"S280824756"
"831","bkbmag1","Black-billed Magpie","Pica hudsonia","L17392984","Missoula - Riverfront neighborhood","2025-10-22 09:21",3,46.870177,-114.014433,TRUE,FALSE,TRUE,"S280803842"
"832","bkbmag1","Black-billed Magpie","Pica hudsonia","L5047425","Boise River Greenbelt at Mile SW 6.2","2025-10-22 09:21",1,43.662312,-116.2873294,TRUE,FALSE,FALSE,"S280824658"
"833","bkbmag1","Black-billed Magpie","Pica hudsonia","L52219969","Pike and San Isabel National Forests, Monument US-CO 39.09131, -104.89622","2025-10-22 09:20",2,39.091308,-104.896219,TRUE,FALSE,TRUE,"S280811243"
"834","bkbmag1","Black-billed Magpie","Pica hudsonia","L109237","Roxborough SP","2025-10-22 09:15",1,39.4295306,-105.0694388,TRUE,FALSE,FALSE,"S280810640"
"835","bkbmag1","Black-billed Magpie","Pica hudsonia","L1848778","Pyramid Lake--Marble Bluff Dam","2025-10-22 09:15",1,39.8549648,-119.3924269,TRUE,FALSE,FALSE,"S280819236"
"836","bkbmag1","Black-billed Magpie","Pica hudsonia","L737418","Good Spring Creek Lake","2025-10-22 09:14",6,40.313076,-107.7670169,TRUE,FALSE,FALSE,"S280802236"
"837","bkbmag1","Black-billed Magpie","Pica hudsonia","L1152594","Boise River Greenbelt--Bethine Church Section","2025-10-22 09:14",1,43.58203,-116.16031,TRUE,FALSE,FALSE,"S280833634"
"838","bkbmag1","Black-billed Magpie","Pica hudsonia","L8311985","Jimmy Camp Creek Trail--C&S Rd to  E Ohio Ave","2025-10-22 09:14",1,38.6943127,-104.6865663,TRUE,FALSE,FALSE,"S280820686"
"839","bkbmag1","Black-billed Magpie","Pica hudsonia","L955706","Caribou Ranch Open Space","2025-10-22 09:13",2,39.9823776,-105.5193123,TRUE,FALSE,FALSE,"S280835395"
"840","bkbmag1","Black-billed Magpie","Pica hudsonia","L54343775","West Pyramid Lake Road, Nixon, Nevada, US (39.842, -119.382)","2025-10-22 09:11",1,39.8418717,-119.3824867,TRUE,FALSE,TRUE,"S280811392"
"841","bkbmag1","Black-billed Magpie","Pica hudsonia","L2158051","Laramie Plains Lakes--Gelatt Lake","2025-10-22 09:10",2,41.2378021,-105.8372211,TRUE,FALSE,FALSE,"S280851720"
"842","bkbmag1","Black-billed Magpie","Pica hudsonia","L26790064","Atkinson Trail--Three Mile Creek Confluence","2025-10-22 09:09",1,39.5145959,-107.3178734,TRUE,FALSE,FALSE,"S280814907"
"843","bkbmag1","Black-billed Magpie","Pica hudsonia","L4173694","Summer Lake Rest Area","2025-10-22 09:08",2,42.9720049,-120.7777369,TRUE,FALSE,FALSE,"S280815351"
"844","bkbmag1","Black-billed Magpie","Pica hudsonia","L20681804","White River National Forest, Snowmass Village US-CO 39.19103, -106.90766","2025-10-22 09:08",11,39.191029,-106.907656,TRUE,FALSE,TRUE,"S280827797"
"845","bkbmag1","Black-billed Magpie","Pica hudsonia","L481533","Horsethief Canyon SWA","2025-10-22 09:08",2,39.1668029,-108.7984657,TRUE,FALSE,FALSE,"S280825197"
"846","bkbmag1","Black-billed Magpie","Pica hudsonia","L27237472","Sheldon NWR—Warm Spring and Mud Spring Canyon mouth","2025-10-22 09:04",2,41.788014,-119.106433,TRUE,FALSE,FALSE,"S280846398"
"847","bkbmag1","Black-billed Magpie","Pica hudsonia","L54345343","Frenchglen Highway, Burns, Oregon, US (43.282, -118.966)","2025-10-22 09:00",NA,43.2823902,-118.9663477,TRUE,FALSE,TRUE,"S280819225"
"848","bkbmag1","Black-billed Magpie","Pica hudsonia","L12389846","Island View Drive","2025-10-22 09:00",6,58.3905458,-134.7648996,TRUE,FALSE,TRUE,"S280868318"
"849","bkbmag1","Black-billed Magpie","Pica hudsonia","L54342185","1011–1263 Thomas Dr, Bozeman US-MT (45.7026,-111.0724)","2025-10-22 08:58",2,45.702642,-111.072394,TRUE,FALSE,TRUE,"S280803466"
"850","bkbmag1","Black-billed Magpie","Pica hudsonia","L1299773","Somers Slough (Park and Ride)","2025-10-22 08:58",1,48.095977,-114.2342366,TRUE,FALSE,FALSE,"S280798825"
"851","bkbmag1","Black-billed Magpie","Pica hudsonia","L38572666","Zoo BST","2025-10-22 08:53",2,40.753964,-111.80436,TRUE,FALSE,TRUE,"S280866494"
"852","bkbmag1","Black-billed Magpie","Pica hudsonia","L54343180","County Road 560, Gardner US-CO 37.78257, -105.17850","2025-10-22 08:52",3,37.782566,-105.178497,TRUE,FALSE,TRUE,"S280808318"
"853","bkbmag1","Black-billed Magpie","Pica hudsonia","L4528590","Fort Missoula Gravel Quarry","2025-10-22 08:51",5,46.8437,-114.0721,TRUE,FALSE,TRUE,"S280814822"
"854","bkbmag1","Black-billed Magpie","Pica hudsonia","L4270470","Colorado River SP--Pear Park section","2025-10-22 08:51",1,39.0533575,-108.5078645,TRUE,FALSE,FALSE,"S280824678"
"855","bkbmag1","Black-billed Magpie","Pica hudsonia","L4833445","Soda Lake (Sublette Co)","2025-10-22 08:49",1,42.9626097,-109.8457074,TRUE,FALSE,FALSE,"S280810456"
"856","bkbmag1","Black-billed Magpie","Pica hudsonia","L52601807","Coyote Hill, 7489 County Road 600, Pagosa Springs, Colorado, US (37.333, -107.126)","2025-10-22 08:47",8,37.332781,-107.1257257,TRUE,FALSE,TRUE,"S280840365"
"857","bkbmag1","Black-billed Magpie","Pica hudsonia","L1078130","Kenai NWR--Lower Skilak Boat Launch","2025-10-22 08:45",4,60.471223,-150.4703379,TRUE,FALSE,FALSE,"S280886828"
"858","bkbmag1","Black-billed Magpie","Pica hudsonia","L341631","Jewell Wetlands Park","2025-10-22 08:44",7,39.6830208,-104.8348102,TRUE,FALSE,FALSE,"S280806654"
"859","bkbmag1","Black-billed Magpie","Pica hudsonia","L17836277","470 East Temple Drive, Denver, Colorado, US (39.633, -104.889)","2025-10-22 08:42",2,39.6329721,-104.8887282,TRUE,FALSE,TRUE,"S280803075"
"860","bkbmag1","Black-billed Magpie","Pica hudsonia","L283368","Valmont Reservoir Complex","2025-10-22 08:39",2,40.0255579,-105.1940601,TRUE,FALSE,FALSE,"S280872872"
"861","bkbmag1","Black-billed Magpie","Pica hudsonia","L24414717","Community Hospital Exercise Path","2025-10-22 08:30",1,39.10294,-108.6132334,TRUE,FALSE,FALSE,"S280841283"
"862","bkbmag1","Black-billed Magpie","Pica hudsonia","L109176","Camas NWR","2025-10-22 08:29",7,43.9509896,-112.2557731,TRUE,FALSE,FALSE,"S280839186"
"863","bkbmag1","Black-billed Magpie","Pica hudsonia","L2390945","Dotsero Ponds","2025-10-22 08:28",8,39.6435197,-107.0635486,TRUE,FALSE,FALSE,"S280844675"
"864","bkbmag1","Black-billed Magpie","Pica hudsonia","L3936872","Belgium Prairie","2025-10-22 08:28",1,47.99628,-96.55252,TRUE,FALSE,FALSE,"S280794663"
"865","bkbmag1","Black-billed Magpie","Pica hudsonia","L1512157","Asotin Slough Habitat Management Unit","2025-10-22 08:25",2,46.334759,-117.0278014,TRUE,FALSE,FALSE,"S280840911"
"866","bkbmag1","Black-billed Magpie","Pica hudsonia","L32124931","Elliott’s Eden (Permission required)","2025-10-22 08:21",4,46.632085,-111.978886,TRUE,FALSE,TRUE,"S280827837"
"867","bkbmag1","Black-billed Magpie","Pica hudsonia","L752925","Malheur NF--Idlewild Campground","2025-10-22 08:19",1,43.7991715,-118.9912891,TRUE,FALSE,FALSE,"S280827828"
"868","bkbmag1","Black-billed Magpie","Pica hudsonia","L2204763","Big Bend West Jordan","2025-10-22 08:18",10,40.5921219,-111.9150853,TRUE,FALSE,TRUE,"S280813869"
"869","bkbmag1","Black-billed Magpie","Pica hudsonia","L14825470","3385 W Monmouth Ave, Englewood US-CO 39.62645, -105.03388","2025-10-22 08:13",1,39.626453,-105.033882,TRUE,FALSE,TRUE,"S280799105"
"870","bkbmag1","Black-billed Magpie","Pica hudsonia","L30874683","Clear Creek","2025-10-22 08:07",4,39.75356,-105.237681,TRUE,FALSE,TRUE,"S280806614"
"871","bkbmag1","Black-billed Magpie","Pica hudsonia","L2201262","Curt Gowdy SP","2025-10-22 08:05",9,41.1903458,-105.2424788,TRUE,FALSE,FALSE,"S280861103"
"872","bkbmag1","Black-billed Magpie","Pica hudsonia","L1508067","Ogden Botanical Gardens (incl. Parkway)","2025-10-22 08:04",1,41.2352232,-111.9549015,TRUE,FALSE,FALSE,"S280805050"
"873","bkbmag1","Black-billed Magpie","Pica hudsonia","L5219209","BRG4 WEST","2025-10-22 08:00",NA,43.6597641,-116.2791233,TRUE,FALSE,TRUE,"S280822125"
"874","bkbmag1","Black-billed Magpie","Pica hudsonia","L841144","Cameron Lake Road--North End","2025-10-22 07:59",3,48.3070618,-119.5547676,TRUE,FALSE,FALSE,"S280861826"
"875","bkbmag1","Black-billed Magpie","Pica hudsonia","L269866","Washoe Lake SP--Bellevue Rd.","2025-10-22 07:57",2,39.2471439,-119.8078394,TRUE,FALSE,FALSE,"S280808850"
"876","bkbmag1","Black-billed Magpie","Pica hudsonia","L20503956","Roxborough Village - JWay","2025-10-22 07:57",7,39.474289,-105.082291,TRUE,FALSE,TRUE,"S280916749"
"877","bkbmag1","Black-billed Magpie","Pica hudsonia","L14460023","Farmhouse, Chattaroy, WA","2025-10-22 07:55",1,47.918174,-117.28679,TRUE,FALSE,TRUE,"S280801730"
"878","bkbmag1","Black-billed Magpie","Pica hudsonia","L1386107","Northlake Park & Loch Lomond Pond","2025-10-22 07:51",NA,40.3620139,-111.859546,TRUE,FALSE,FALSE,"S280807550"
"879","bkbmag1","Black-billed Magpie","Pica hudsonia","L33695897","Muir Western Homestead","2025-10-22 07:50",2,40.4748086,-111.8273715,TRUE,FALSE,TRUE,"S280804268"
"880","bkbmag1","Black-billed Magpie","Pica hudsonia","L299580","University of Utah Campus","2025-10-22 07:48",3,40.763703,-111.8423486,TRUE,FALSE,FALSE,"S280786597"
"881","bkbmag1","Black-billed Magpie","Pica hudsonia","L30126396","Angostura Longs Area","2025-10-22 07:47",2,43.2816079,-103.3742251,TRUE,FALSE,TRUE,"S280795691"
"882","bkbmag1","Black-billed Magpie","Pica hudsonia","L1345243","Oquirrh Lake","2025-10-22 07:45",2,40.5542118,-112.0035853,TRUE,FALSE,FALSE,"S280805282"
"883","bkbmag1","Black-billed Magpie","Pica hudsonia","L2643449","Near Lory State Park","2025-10-22 07:45",1,40.5909284,-105.2027607,TRUE,FALSE,TRUE,"S280813534"
"884","bkbmag1","Black-billed Magpie","Pica hudsonia","L22651109","168 Grove Avenue, Chama, New Mexico, US (36.907, -106.581)","2025-10-22 07:39",4,36.9073068,-106.5812337,TRUE,FALSE,TRUE,"S280785374"
"885","bkbmag1","Black-billed Magpie","Pica hudsonia","L17222108","Community College Open Space","2025-10-22 07:36",3,39.9048712,-105.039413,TRUE,FALSE,FALSE,"S280791707"
"886","bkbmag1","Black-billed Magpie","Pica hudsonia","L364927","Parker Regional Park (aka Salisbury Equestrian Park)","2025-10-22 07:28",2,39.5006963,-104.765389,TRUE,FALSE,FALSE,"S280794485"
"887","bkbmag1","Black-billed Magpie","Pica hudsonia","L2225745","Home Franktown Deerfield","2025-10-22 07:20",3,39.374181,-104.693288,TRUE,FALSE,TRUE,"S280790368"
"888","bkbmag1","Black-billed Magpie","Pica hudsonia","L2948375","Ken Caryl Valley - Valley Parkway (Mountain Willow to Amaranth)","2025-10-22 06:19",1,39.5786943,-105.1673931,TRUE,FALSE,TRUE,"S280871238"
"889","bkbmag1","Black-billed Magpie","Pica hudsonia","L54367718","14 Rodeo Dr, Hailey US-ID 43.49824, -114.35851","2025-10-21 18:52",5,43.498239,-114.358507,TRUE,FALSE,TRUE,"S280929251"
"890","bkbmag1","Black-billed Magpie","Pica hudsonia","L1542579","Indian Creek Reservoir","2025-10-21 18:04",1,38.078074,-109.564633,TRUE,FALSE,FALSE,"S280963096"
"891","bkbmag1","Black-billed Magpie","Pica hudsonia","L29943327","Visnaw Lake","2025-10-21 18:00",2,61.617413,-149.690505,TRUE,FALSE,TRUE,"S280722638"
"892","bkbmag1","Black-billed Magpie","Pica hudsonia","L1381765","Jordan River Parkway [31] -- North Temple to 500 N","2025-10-21 17:53",2,40.7763384,-111.9329366,TRUE,FALSE,TRUE,"S280716010"
"893","bkbmag1","Black-billed Magpie","Pica hudsonia","L26716432","Mini Ridge","2025-10-21 17:49",1,46.562734,-112.092002,TRUE,FALSE,TRUE,"S280717301"
"894","bkbmag1","Black-billed Magpie","Pica hudsonia","L304181","East Reservoir (Lakewood)","2025-10-21 17:43",8,39.6917185,-105.1105378,TRUE,FALSE,FALSE,"S280713042"
"895","bkbmag1","Black-billed Magpie","Pica hudsonia","L27336244","Lower Piney Creek Rd","2025-10-21 17:43",2,44.520876,-106.7514512,TRUE,FALSE,FALSE,"S281000598"
"896","bkbmag1","Black-billed Magpie","Pica hudsonia","L109178","Deer Flat NWR--Lower Dam","2025-10-21 17:41",1,43.5873678,-116.7298651,TRUE,FALSE,FALSE,"S280717013"
"897","bkbmag1","Black-billed Magpie","Pica hudsonia","L2328676","Plymouth Park","2025-10-21 17:40",1,45.9271861,-119.3614939,TRUE,FALSE,FALSE,"S280716564"
"898","bkbmag1","Black-billed Magpie","Pica hudsonia","L5065210","Bellvue Watson Fish Hatchery & Lake","2025-10-21 17:36",1,40.6348107,-105.1705056,TRUE,FALSE,FALSE,"S280714571"
"899","bkbmag1","Black-billed Magpie","Pica hudsonia","L1832397","Eames Substation","2025-10-21 17:31",15,43.552382,-112.051466,TRUE,FALSE,FALSE,"S280803235"
"900","bkbmag1","Black-billed Magpie","Pica hudsonia","L334702","Price","2025-10-21 17:30",NA,39.59937,-110.81071,TRUE,FALSE,TRUE,"S280712048"
"901","bkbmag1","Black-billed Magpie","Pica hudsonia","L53589081","The Hill Home","2025-10-21 17:28",2,40.205863,-105.274311,TRUE,FALSE,TRUE,"S280848649"
"902","bkbmag1","Black-billed Magpie","Pica hudsonia","L1766904","McCabe Lane Wetlands","2025-10-21 17:23",3,38.5157289,-106.9935485,TRUE,FALSE,FALSE,"S280722590"
"903","bkbmag1","Black-billed Magpie","Pica hudsonia","L49678505","I-90 W, Sheridan US-WY (44.7077,-106.9104)","2025-10-21 17:17",3,44.707721,-106.910427,TRUE,FALSE,TRUE,"S280727372"
"904","bkbmag1","Black-billed Magpie","Pica hudsonia","L480863","South Platte Park--Carson Nature Center","2025-10-21 17:16",1,39.5833022,-105.0288919,TRUE,FALSE,FALSE,"S280715109"
"905","bkbmag1","Black-billed Magpie","Pica hudsonia","L54370463","Highland Rd.","2025-10-21 17:15",4,46.276146,-119.4995505,TRUE,FALSE,TRUE,"S280946451"
"906","bkbmag1","Black-billed Magpie","Pica hudsonia","L23933897","200–388 N Dry Creek Rd, Bridger US-MT 45.23254, -109.02491","2025-10-21 17:15",1,45.232538,-109.024914,TRUE,FALSE,TRUE,"S280716854"
"907","bkbmag1","Black-billed Magpie","Pica hudsonia","L140877","Boulder Community Garden","2025-10-21 17:07",2,40.0338198,-105.2763653,TRUE,FALSE,FALSE,"S280711427"
"908","bkbmag1","Black-billed Magpie","Pica hudsonia","L2071278","Gallagator/Linear Park Trail","2025-10-21 17:07",13,45.6709967,-111.0331832,TRUE,FALSE,FALSE,"S280713184"
"909","bkbmag1","Black-billed Magpie","Pica hudsonia","L54324899","Thomas St. Bozeman, MT","2025-10-21 17:01",1,45.702321,-111.072967,TRUE,FALSE,TRUE,"S280716421"
"910","bkbmag1","Black-billed Magpie","Pica hudsonia","L54326098","1295 Thomas Drive, Bozeman, Montana, US (45.702, -111.073)","2025-10-21 17:01",1,45.7021011,-111.0727349,TRUE,FALSE,TRUE,"S280722290"
"911","bkbmag1","Black-billed Magpie","Pica hudsonia","L42044227","Prickly Pear Park","2025-10-21 16:56",2,46.5779865,-111.9160488,TRUE,FALSE,FALSE,"S280709598"
"912","bkbmag1","Black-billed Magpie","Pica hudsonia","L1970172","Home","2025-10-21 16:46",2,40.7008333,-111.7911111,TRUE,FALSE,TRUE,"S280705812"
"913","bkbmag1","Black-billed Magpie","Pica hudsonia","L1230771","Ute Valley Park","2025-10-21 16:38",7,38.9217559,-104.8581219,TRUE,FALSE,FALSE,"S280714265"
"914","bkbmag1","Black-billed Magpie","Pica hudsonia","L2855250","Laurie Lane","2025-10-21 16:23",2,42.5430875,-114.5531559,TRUE,FALSE,TRUE,"S280714051"
"915","bkbmag1","Black-billed Magpie","Pica hudsonia","L2281594","American Falls Reservoir--Silo area","2025-10-21 16:15",1,42.7862163,-112.8645444,TRUE,FALSE,FALSE,"S280706828"
"916","bkbmag1","Black-billed Magpie","Pica hudsonia","L233694","Ogden Nature Center","2025-10-21 16:15",7,41.2467357,-112.0035409,TRUE,FALSE,FALSE,"S280706064"
"917","bkbmag1","Black-billed Magpie","Pica hudsonia","L12290246","Zalunardo Yard","2025-10-21 16:10",3,44.2709162,-121.012287,TRUE,FALSE,TRUE,"S280712616"
"918","bkbmag1","Black-billed Magpie","Pica hudsonia","L54323435","Nile Ct Backyard","2025-10-21 16:06",1,39.683597,-104.854743,TRUE,FALSE,TRUE,"S280709358"
"919","bkbmag1","Black-billed Magpie","Pica hudsonia","L131406","McIntosh Lake","2025-10-21 16:05",1,40.1938817,-105.1502538,TRUE,FALSE,FALSE,"S280817000"
"920","bkbmag1","Black-billed Magpie","Pica hudsonia","L54321706","Sprague Lake Picnic Area Rd, Estes Park US-CO 40.32052, -105.60818","2025-10-21 15:32",1,40.320521,-105.60818,TRUE,FALSE,TRUE,"S280700885"
"921","bkbmag1","Black-billed Magpie","Pica hudsonia","L54326510","Blanca Wetland Hc Trail, Alamosa US-CO 37.57077, -105.68118","2025-10-21 15:30",1,37.570772,-105.681181,TRUE,FALSE,TRUE,"S280724513"
"922","bkbmag1","Black-billed Magpie","Pica hudsonia","L41966127","Glenrose Prairie","2025-10-21 15:30",1,47.6197813,-117.3307065,TRUE,FALSE,TRUE,"S280721106"
"923","bkbmag1","Black-billed Magpie","Pica hudsonia","L54320617","uofu","2025-10-21 15:28",1,40.762558,-111.8457413,TRUE,FALSE,TRUE,"S280696152"
"924","bkbmag1","Black-billed Magpie","Pica hudsonia","L1514727","Rock Creek at Hwy 23","2025-10-21 15:18",2,47.124165,-117.7497533,TRUE,FALSE,FALSE,"S280703817"
"925","bkbmag1","Black-billed Magpie","Pica hudsonia","L7529941","Upper Hoback Rd (Forest Rd 30700)","2025-10-21 15:15",1,43.123897,-110.420242,TRUE,FALSE,FALSE,"S280702938"
"926","bkbmag1","Black-billed Magpie","Pica hudsonia","L27925936","700 Wild Rose Lane, Victor, Montana, US (46.413, -114.208)","2025-10-21 15:13",2,46.412988,-114.2083237,TRUE,FALSE,TRUE,"S280700928"
"927","bkbmag1","Black-billed Magpie","Pica hudsonia","L9635832","Big Sandy Reservoir (Sublette County)","2025-10-21 15:07",1,42.2710546,-109.4280364,TRUE,FALSE,FALSE,"S280770595"
"928","bkbmag1","Black-billed Magpie","Pica hudsonia","L54371340","9700–9718 County Road 18, Cedarville US-CA 41.60235, -120.17555","2025-10-21 15:04",13,41.602352,-120.175554,TRUE,FALSE,TRUE,"S280950186"
"929","bkbmag1","Black-billed Magpie","Pica hudsonia","L454158","Echo Reservoir","2025-10-21 15:02",1,40.9530018,-111.4135551,TRUE,FALSE,FALSE,"S280700585"
"930","bkbmag1","Black-billed Magpie","Pica hudsonia","L503161","Nebo Loop (Utah Co.)","2025-10-21 15:00",1,39.9425154,-111.6724148,TRUE,FALSE,FALSE,"S280799082"
"931","bkbmag1","Black-billed Magpie","Pica hudsonia","L1369577","Bozeman Fish Technology Center ","2025-10-21 14:57",4,45.7071231,-110.9785065,TRUE,FALSE,FALSE,"S280826436"
"932","bkbmag1","Black-billed Magpie","Pica hudsonia","L517619","Rock Lake (Whitman County)","2025-10-21 14:46",2,47.139001,-117.7254581,TRUE,FALSE,FALSE,"S280703929"
"933","bkbmag1","Black-billed Magpie","Pica hudsonia","L3840051","Canyon Ferry Lake--Duck Pond 4 Dike Rd.","2025-10-21 14:44",4,46.3814534,-111.5549541,TRUE,FALSE,FALSE,"S280703673"
"934","bkbmag1","Black-billed Magpie","Pica hudsonia","L54321206","Auto selected 45.43784, -117.41962","2025-10-21 14:36",3,45.43784,-117.419621,TRUE,FALSE,TRUE,"S280698624"
"935","bkbmag1","Black-billed Magpie","Pica hudsonia","L606172","Government Hill","2025-10-21 14:34",2,61.2302603,-149.8797798,TRUE,FALSE,FALSE,"S280707614"
"936","bkbmag1","Black-billed Magpie","Pica hudsonia","L25598470","Davis Creek Lane, McCall, Idaho, US (44.689, -116.008)","2025-10-21 14:33",1,44.6888484,-116.0079641,TRUE,FALSE,TRUE,"S280710099"
"937","bkbmag1","Black-billed Magpie","Pica hudsonia","L592025","Desert Lake WMA","2025-10-21 14:30",NA,39.3757104,-110.7823563,TRUE,FALSE,FALSE,"S280696940"
"938","bkbmag1","Black-billed Magpie","Pica hudsonia","L127964","Seward--Lowell Point","2025-10-21 14:30",2,60.0706365,-149.4349383,TRUE,FALSE,FALSE,"S280710299"
"939","bkbmag1","Black-billed Magpie","Pica hudsonia","L1120073","Izembek NWR","2025-10-21 14:28",2,55.2920928,-162.6824341,TRUE,FALSE,FALSE,"S280745517"
"940","bkbmag1","Black-billed Magpie","Pica hudsonia","L338916","Stagecoach SP","2025-10-21 14:27",1,40.277837,-106.8559887,TRUE,FALSE,FALSE,"S280759291"
"941","bkbmag1","Black-billed Magpie","Pica hudsonia","L27800037","South Sunshine Creek Circle, Willow, Alaska, US (62.175, -150.12)","2025-10-21 14:24",1,62.1748217,-150.120495,TRUE,FALSE,TRUE,"S280707222"
"942","bkbmag1","Black-billed Magpie","Pica hudsonia","L4915795","Willard area BST","2025-10-21 14:15",3,41.399807,-112.022789,TRUE,FALSE,TRUE,"S280713972"
"943","bkbmag1","Black-billed Magpie","Pica hudsonia","L54320320","82568–82598 Century Ln, Enterprise US-OR 45.38163, -117.30028","2025-10-21 14:12",2,45.381632,-117.300283,TRUE,FALSE,TRUE,"S280694406"
"944","bkbmag1","Black-billed Magpie","Pica hudsonia","L1314017","Bonneville Shoreline Trail--Red Butte Canyon to Emigration Canyon","2025-10-21 14:10",1,40.7607877,-111.8172711,TRUE,FALSE,FALSE,"S280695232"
"945","bkbmag1","Black-billed Magpie","Pica hudsonia","L54319130","County Road B44A, Pecos US-NM 35.58416, -105.64094","2025-10-21 14:10",1,35.584162,-105.640944,TRUE,FALSE,TRUE,"S280688363"
"946","bkbmag1","Black-billed Magpie","Pica hudsonia","L54321363","9015 U.S. 2, Spokane, Washington, US (47.643, -117.537)","2025-10-21 14:04",1,47.6425759,-117.5367707,TRUE,FALSE,TRUE,"S280699387"
"947","bkbmag1","Black-billed Magpie","Pica hudsonia","L4366821","Calving lot","2025-10-21 14:00",5,47.1861288,-111.6220969,TRUE,FALSE,TRUE,"S280691663"
"948","bkbmag1","Black-billed Magpie","Pica hudsonia","L7692611","Flight Safety International","2025-10-21 14:00",1,39.8189858,-104.7753882,TRUE,FALSE,TRUE,"S280977615"
"949","bkbmag1","Black-billed Magpie","Pica hudsonia","L506740","Huntington North Reservoir ","2025-10-21 14:00",NA,39.3463788,-110.9484816,TRUE,FALSE,FALSE,"S280688674"
"950","bkbmag1","Black-billed Magpie","Pica hudsonia","L340779","Denver City Park--Denver Zoo","2025-10-21 13:51",4,39.749211,-104.95048,TRUE,FALSE,FALSE,"S280697592"
"951","bkbmag1","Black-billed Magpie","Pica hudsonia","L1523473","Pinebrook","2025-10-21 13:50",6,40.7432613,-111.5808977,TRUE,FALSE,FALSE,"S280692933"
"952","bkbmag1","Black-billed Magpie","Pica hudsonia","L37896448","Glenwood, Utah, US","2025-10-21 13:49",2,38.761988,-111.987801,TRUE,FALSE,TRUE,"S280684804"
"953","bkbmag1","Black-billed Magpie","Pica hudsonia","L955930","Spring Gulch Rd.","2025-10-21 13:45",3,43.5408337,-110.7627869,TRUE,FALSE,FALSE,"S280701119"
"954","bkbmag1","Black-billed Magpie","Pica hudsonia","L996720","Enterprise WMA","2025-10-21 13:41",2,45.4193591,-117.3054886,TRUE,FALSE,FALSE,"S280691836"
"955","bkbmag1","Black-billed Magpie","Pica hudsonia","L54320291","415 North 3rd Avenue, Bozeman, Montana, US (45.683, -111.042)","2025-10-21 13:39",7,45.683478,-111.0419674,TRUE,FALSE,TRUE,"S280694267"
"956","bkbmag1","Black-billed Magpie","Pica hudsonia","L54324474","Post office","2025-10-21 13:34",2,45.700817,-111.069097,TRUE,FALSE,TRUE,"S280714391"
"957","bkbmag1","Black-billed Magpie","Pica hudsonia","L40981025","Montana Tech","2025-10-21 13:30",2,46.0119991,-112.558716,TRUE,FALSE,FALSE,"S280792863"
"958","bkbmag1","Black-billed Magpie","Pica hudsonia","L54285652","Jefferson County Campus","2025-10-21 13:29",3,39.7318667,-105.2060232,TRUE,FALSE,TRUE,"S280684352"
"959","bkbmag1","Black-billed Magpie","Pica hudsonia","L2781207","M&M's TF yard","2025-10-21 13:29",1,42.5436208,-114.5546654,TRUE,FALSE,TRUE,"S280682625"
"960","bkbmag1","Black-billed Magpie","Pica hudsonia","L439026","Kelly Island Trails","2025-10-21 13:28",2,46.8628907,-114.0966225,TRUE,FALSE,FALSE,"S280689146"
"961","bkbmag1","Black-billed Magpie","Pica hudsonia","L782177","Gustavus--Forelands (W of dock to Critical Habitat boundary)","2025-10-21 13:27",3,58.3921763,-135.7899857,TRUE,FALSE,FALSE,"S280734059"
"962","bkbmag1","Black-billed Magpie","Pica hudsonia","L247318","Benton Lake NWR","2025-10-21 13:25",5,47.6641904,-111.3007221,TRUE,FALSE,FALSE,"S280708190"
"963","bkbmag1","Black-billed Magpie","Pica hudsonia","L53713837","Hieronymus Park, Hamilton US-MT 46.26299, -114.16024","2025-10-21 13:20",3,46.262987,-114.160242,TRUE,FALSE,TRUE,"S280698746"
"964","bkbmag1","Black-billed Magpie","Pica hudsonia","L54319033","County Rd, Tulelake US-CA 41.97173, -121.55998","2025-10-21 13:20",1,41.971734,-121.559983,TRUE,FALSE,TRUE,"S280687888"
"965","bkbmag1","Black-billed Magpie","Pica hudsonia","L53626323","James M. Robb – Colorado River State Park, Fruita US-CO 39.14892, -108.74442","2025-10-21 13:18",1,39.148922,-108.744419,TRUE,FALSE,TRUE,"S280692084"
"966","bkbmag1","Black-billed Magpie","Pica hudsonia","L1051290","University of Colorado Colorado Springs","2025-10-21 13:16",2,38.8929702,-104.7987986,TRUE,FALSE,FALSE,"S280687513"
"967","bkbmag1","Black-billed Magpie","Pica hudsonia","L54317221","Breckenridge Sports Park845 Kingdom Drive, Breckenridge, Colorado, US (39.494, -106.047)","2025-10-21 13:11",1,39.4943019,-106.0474403,TRUE,FALSE,TRUE,"S280679655"
"968","bkbmag1","Black-billed Magpie","Pica hudsonia","L7692532","Estes Park Overlook, Hwy 36","2025-10-21 13:09",1,40.3661842,-105.4726828,TRUE,FALSE,FALSE,"S280679927"
"969","bkbmag1","Black-billed Magpie","Pica hudsonia","L1827408","Bear Creek Lake Park--Boat Launch Area","2025-10-21 13:04",1,39.6527337,-105.1497102,TRUE,FALSE,FALSE,"S280720732"
"970","bkbmag1","Black-billed Magpie","Pica hudsonia","L1456163","Tucannon HMU","2025-10-21 13:00",1,46.5475963,-118.1765776,TRUE,FALSE,FALSE,"S280729884"
"971","bkbmag1","Black-billed Magpie","Pica hudsonia","L20782867","Rails to Trails State Park--Felt to Badger Creek","2025-10-21 12:57",9,43.8685419,-111.175668,TRUE,FALSE,FALSE,"S280691464"
"972","bkbmag1","Black-billed Magpie","Pica hudsonia","L54318877","Baxter Post Office","2025-10-21 12:57",2,45.700658,-111.069432,TRUE,FALSE,TRUE,"S280687100"
"973","bkbmag1","Black-billed Magpie","Pica hudsonia","L1228463","Art Dye Park & Fox Hollow GC","2025-10-21 12:53",2,40.3992972,-111.7816401,TRUE,FALSE,FALSE,"S280682011"
"974","bkbmag1","Black-billed Magpie","Pica hudsonia","L1891404","Yakima River--Thorp Rd. and Moxee Bog","2025-10-21 12:52",5,46.5358543,-120.4644044,TRUE,FALSE,FALSE,"S280788533"
"975","bkbmag1","Black-billed Magpie","Pica hudsonia","L42260736","Mesa Trail","2025-10-21 12:52",3,39.942742,-105.264081,TRUE,FALSE,TRUE,"S280690712"
"976","bkbmag1","Black-billed Magpie","Pica hudsonia","L917715","Crestwood Park","2025-10-21 12:47",1,40.6142294,-111.8435562,TRUE,FALSE,FALSE,"S280687864"
"977","bkbmag1","Black-billed Magpie","Pica hudsonia","L12885254","Redwood Nature Area","2025-10-21 12:42",1,40.7108655,-111.9281101,TRUE,FALSE,FALSE,"S280677576"
"978","bkbmag1","Black-billed Magpie","Pica hudsonia","L3846449","Boulder Creek Campground area","2025-10-21 12:37",2,39.7367639,-106.1355538,TRUE,FALSE,FALSE,"S280941349"
"979","bkbmag1","Black-billed Magpie","Pica hudsonia","L54316235","3043 Bivouac Pt, Castle Rock US-CO 39.42127, -104.82902","2025-10-21 12:33",1,39.421274,-104.829025,TRUE,FALSE,TRUE,"S280675066"
"980","bkbmag1","Black-billed Magpie","Pica hudsonia","L33674995","Taos Pueblo","2025-10-21 12:31",1,36.4357839,-105.5470534,TRUE,FALSE,FALSE,"S280680580"
"981","bkbmag1","Black-billed Magpie","Pica hudsonia","L1067145","Kasilof--Kasilof River Mouth","2025-10-21 12:30",3,60.3859137,-151.302166,TRUE,FALSE,FALSE,"S280716446"
"982","bkbmag1","Black-billed Magpie","Pica hudsonia","L4972443","US-AK-Anchorage-550 W 7th Ave - 61.2156x-149.8931","2025-10-21 12:23",1,61.21556,-149.893133,TRUE,FALSE,TRUE,"S280689370"
"983","bkbmag1","Black-billed Magpie","Pica hudsonia","L47581964","Lambi Creek","2025-10-21 12:23",2,46.6809831,-117.4979889,TRUE,FALSE,TRUE,"S280694187"
"984","bkbmag1","Black-billed Magpie","Pica hudsonia","L2737235","Wallowa Lake","2025-10-21 12:19",2,45.3095041,-117.2080326,TRUE,FALSE,FALSE,"S280680910"
"985","bkbmag1","Black-billed Magpie","Pica hudsonia","L54318198","Hinkey Summit Rd--Cabin Creek to Windy Saddle miles 1-3-","2025-10-21 12:19",1,41.739946,-117.506408,TRUE,FALSE,TRUE,"S280683730"
"986","bkbmag1","Black-billed Magpie","Pica hudsonia","L483216","Diversion Dam","2025-10-21 12:13",3,43.5382205,-116.0933018,TRUE,FALSE,FALSE,"S280675953"
"987","bkbmag1","Black-billed Magpie","Pica hudsonia","L4012405","Hawthorn Gulch","2025-10-21 12:12",5,40.034934,-105.2946317,TRUE,FALSE,FALSE,"S280681140"
"988","bkbmag1","Black-billed Magpie","Pica hudsonia","L20449285","Reeves and Ruff","2025-10-21 12:11",1,46.8686584,-114.034397,TRUE,FALSE,TRUE,"S280672803"
"989","bkbmag1","Black-billed Magpie","Pica hudsonia","L36991387","Red Cloud Bird Sanctuary (private residence)","2025-10-21 12:09",3,39.495874,-105.284561,TRUE,FALSE,TRUE,"S280716932"
"990","bkbmag1","Black-billed Magpie","Pica hudsonia","L18308515","James T Slavin Conservation Area--Quail trail","2025-10-21 12:08",1,47.5322121,-117.4240208,TRUE,FALSE,FALSE,"S280721557"
"991","bkbmag1","Black-billed Magpie","Pica hudsonia","L54315530","SH-470 E, Littleton US-CO 39.56752, -105.13186","2025-10-21 12:05",1,39.567516,-105.131856,TRUE,FALSE,TRUE,"S280671854"
"992","bkbmag1","Black-billed Magpie","Pica hudsonia","L42982829","1285 La Mesa Cir, Rangely US-CO 40.07763, -108.78319","2025-10-21 12:05",1,40.077631,-108.783187,TRUE,FALSE,TRUE,"S280687492"
"993","bkbmag1","Black-billed Magpie","Pica hudsonia","L11568670","Walker Ranch Loop","2025-10-21 12:05",2,39.9511352,-105.3376436,TRUE,FALSE,FALSE,"S280694775"
"994","bkbmag1","Black-billed Magpie","Pica hudsonia","L24602683","5364–5406 Hoy Rd, Weed US-CA 41.44174, -122.38667","2025-10-21 12:03",1,41.441739,-122.386672,TRUE,FALSE,TRUE,"S280702893"
"995","bkbmag1","Black-billed Magpie","Pica hudsonia","L504362","Gordon Creek WMA ","2025-10-21 12:00",NA,39.6663673,-111.0213089,TRUE,FALSE,FALSE,"S280679470"
"996","bkbmag1","Black-billed Magpie","Pica hudsonia","L54320951","Smith Rock State Park, Terrebonne US-OR 44.36579, -121.13740","2025-10-21 11:54",1,44.365793,-121.137399,TRUE,FALSE,TRUE,"S280697366"
"997","bkbmag1","Black-billed Magpie","Pica hudsonia","L54351385","Spawn Creek Trail","2025-10-21 11:52",3,41.82962,-111.573293,TRUE,FALSE,TRUE,"S280848884"
"998","bkbmag1","Black-billed Magpie","Pica hudsonia","L23173930","Phillip And Dorcas Jensen Memorial Park","2025-10-21 11:50",2,40.0491423,-107.9156318,TRUE,FALSE,FALSE,"S280686747"
"999","bkbmag1","Black-billed Magpie","Pica hudsonia","L7155508","1358 Four Mile Rd, Viola US-ID (46.8394,-116.9648) house","2025-10-21 11:50",1,46.839418,-116.964761,TRUE,FALSE,TRUE,"S280680611"
"1000","bkbmag1","Black-billed Magpie","Pica hudsonia","L3028520","Carson NF--Canjilon Lakes","2025-10-21 11:48",2,36.5494567,-106.341691,TRUE,FALSE,FALSE,"S280676172"
"1001","bkbmag1","Black-billed Magpie","Pica hudsonia","L4837764","Badger Mountain Centennial Preserve","2025-10-21 11:45",13,46.2363183,-119.3251705,TRUE,FALSE,FALSE,"S280678484"
"1002","bkbmag1","Black-billed Magpie","Pica hudsonia","L16084703","4070–4098 Shoemaker Bay Loop Rd, Wrangell US-AK 56.40905, -132.34171","2025-10-21 11:37",1,56.40905,-132.341706,TRUE,FALSE,TRUE,"S280694657"
"1003","bkbmag1","Black-billed Magpie","Pica hudsonia","L41538185","Chatfield SP—Bench at Park Office","2025-10-21 11:35",2,39.5335037,-105.071916,TRUE,FALSE,TRUE,"S281008447"
"1004","bkbmag1","Black-billed Magpie","Pica hudsonia","L5391410","Surrey Ridge Estates","2025-10-21 11:35",2,39.4991189,-104.8929334,TRUE,FALSE,TRUE,"S280670093"
"1005","bkbmag1","Black-billed Magpie","Pica hudsonia","L842023","Little Goose Dam ","2025-10-21 11:32",3,46.5853824,-118.0273247,TRUE,FALSE,FALSE,"S280727925"
"1006","bkbmag1","Black-billed Magpie","Pica hudsonia","L3881031","Lake Loop","2025-10-21 11:27",2,39.6340244,-104.8599207,TRUE,FALSE,TRUE,"S280679942"
"1007","bkbmag1","Black-billed Magpie","Pica hudsonia","L283255","Utah Lake SP","2025-10-21 11:26",1,40.2367208,-111.7394114,TRUE,FALSE,FALSE,"S280719167"
"1008","bkbmag1","Black-billed Magpie","Pica hudsonia","L54318245","Cabin Creek","2025-10-21 11:20",1,41.72161,-117.51277,TRUE,FALSE,TRUE,"S280683906"
"1009","bkbmag1","Black-billed Magpie","Pica hudsonia","L7352970","Mullan Rd past Pulp mill","2025-10-21 11:19",2,46.9870447,-114.2043829,TRUE,FALSE,TRUE,"S280670834"
"1010","bkbmag1","Black-billed Magpie","Pica hudsonia","L11604223","Cutoff Road","2025-10-21 11:17",4,46.918748,-113.0304226,TRUE,FALSE,TRUE,"S280779096"
"1011","bkbmag1","Black-billed Magpie","Pica hudsonia","L54317074","Boulder Mountain Park, Boulder US-CO 40.01745, -105.29812","2025-10-21 11:14",1,40.017452,-105.298124,TRUE,FALSE,TRUE,"S280678950"
"1012","bkbmag1","Black-billed Magpie","Pica hudsonia","L38794456","South Vermillion Canal Road","2025-10-21 11:12",1,38.7876553,-112.0245357,TRUE,FALSE,TRUE,"S280834501"
"1013","bkbmag1","Black-billed Magpie","Pica hudsonia","L502607","Bishop WTP (restricted access)","2025-10-21 11:09",2,37.3561041,-118.3751106,TRUE,FALSE,FALSE,"S280687703"
"1014","bkbmag1","Black-billed Magpie","Pica hudsonia","L1610140","Whitefish River Trail","2025-10-21 11:07",4,48.3883501,-114.3321571,TRUE,FALSE,FALSE,"S280667910"
"1015","bkbmag1","Black-billed Magpie","Pica hudsonia","L10122784","Ridgway SP--Visitor Center & campgrounds","2025-10-21 11:06",2,38.2145687,-107.7347423,TRUE,FALSE,FALSE,"S280671484"
"1016","bkbmag1","Black-billed Magpie","Pica hudsonia","L54315357","Telluride Town Park","2025-10-21 11:00",1,37.9351149,-107.807436,TRUE,FALSE,TRUE,"S280670990"
"1017","bkbmag1","Black-billed Magpie","Pica hudsonia","L13809300","Community Park","2025-10-21 10:59",1,45.6518426,-118.8249234,TRUE,FALSE,TRUE,"S280674331"
"1018","bkbmag1","Black-billed Magpie","Pica hudsonia","L11232194","Wilson Springs Ponds","2025-10-21 10:58",5,43.5356694,-116.553483,TRUE,FALSE,TRUE,"S280683034"
"1019","bkbmag1","Black-billed Magpie","Pica hudsonia","L212071","Antelope Island SP--Garr Ranch","2025-10-21 10:58",1,40.9234737,-112.1680972,TRUE,FALSE,FALSE,"S280677673"
"1020","bkbmag1","Black-billed Magpie","Pica hudsonia","L804166","Chatfield SP--Handicapped Fisherman Platform","2025-10-21 10:58",2,39.5461555,-105.0627226,TRUE,FALSE,FALSE,"S280663989"
"1021","bkbmag1","Black-billed Magpie","Pica hudsonia","L13897774","Crown Point Cabin","2025-10-21 10:57",2,44.572051,-116.040093,TRUE,FALSE,TRUE,"S280669525"
"1022","bkbmag1","Black-billed Magpie","Pica hudsonia","L689299","Matheson Wetlands Preserve--Main Pond & Boardwalk","2025-10-21 10:56",2,38.5778294,-109.5750618,TRUE,FALSE,FALSE,"S280728949"
"1023","bkbmag1","Black-billed Magpie","Pica hudsonia","L13310878","Elmo Bay","2025-10-21 10:51",2,47.8345928,-114.3342551,TRUE,FALSE,TRUE,"S280663373"
"1024","bkbmag1","Black-billed Magpie","Pica hudsonia","L2147961","Bear Creek Lake Park--Pelican Point","2025-10-21 10:50",1,39.6502773,-105.1474857,TRUE,FALSE,FALSE,"S280669609"
"1025","bkbmag1","Black-billed Magpie","Pica hudsonia","L986309","Redlands Parkway Ponds","2025-10-21 10:50",1,39.0911001,-108.621912,TRUE,FALSE,FALSE,"S280676015"
"1026","bkbmag1","Black-billed Magpie","Pica hudsonia","L717614","CJ Strike WMA--Jack's Creek","2025-10-21 10:50",2,42.8996097,-115.8592415,TRUE,FALSE,FALSE,"S280687687"
"1027","bkbmag1","Black-billed Magpie","Pica hudsonia","L33817163","Forest Service Rd 084–Road Creek to Dutch John Creek crossing","2025-10-21 10:49",2,41.701051,-117.500211,TRUE,FALSE,TRUE,"S280690213"
"1028","bkbmag1","Black-billed Magpie","Pica hudsonia","L4589761","South Boulder Creek Trail Area","2025-10-21 10:45",3,39.9602258,-105.2367979,TRUE,FALSE,FALSE,"S280663132"
"1029","bkbmag1","Black-billed Magpie","Pica hudsonia","L6145602","Tenmile Creek Park","2025-10-21 10:43",2,46.6122895,-112.0851374,TRUE,FALSE,FALSE,"S280675638"
"1030","bkbmag1","Black-billed Magpie","Pica hudsonia","L1877921","Denny Lake Park","2025-10-21 10:42",3,37.3507368,-108.5498161,TRUE,FALSE,FALSE,"S280673651"
"1031","bkbmag1","Black-billed Magpie","Pica hudsonia","L53782043","Mink Farm Rd","2025-10-21 10:42",1,38.8013422,-112.0575636,TRUE,FALSE,TRUE,"S280834572"
"1032","bkbmag1","Black-billed Magpie","Pica hudsonia","L2226844","Creekwood","2025-10-21 10:42",2,46.8989621,-113.9710621,TRUE,FALSE,TRUE,"S280663446"
"1033","bkbmag1","Black-billed Magpie","Pica hudsonia","L11580102","Colfax Trail","2025-10-21 10:35",6,46.893047,-117.3905468,TRUE,FALSE,FALSE,"S280713886"
"1034","bkbmag1","Black-billed Magpie","Pica hudsonia","L12087287","Lake Cascade State Park, Cascade US-ID 44.55200, -116.06218","2025-10-21 10:33",5,44.551997,-116.062181,TRUE,FALSE,TRUE,"S280673191"
"1035","bkbmag1","Black-billed Magpie","Pica hudsonia","L21499212","Chatfield SP--Catfish Flats","2025-10-21 10:27",2,39.5355367,-105.0875174,TRUE,FALSE,FALSE,"S281005813"
"1036","bkbmag1","Black-billed Magpie","Pica hudsonia","L10397983","Orchard Hills Park","2025-10-21 10:26",1,39.6131613,-104.8807928,TRUE,FALSE,FALSE,"S280666449"
"1037","bkbmag1","Black-billed Magpie","Pica hudsonia","L17418465","165 Eagle Island Parkway, Eagle, Idaho, US (43.682, -116.392)","2025-10-21 10:26",18,43.6816168,-116.3921914,TRUE,FALSE,TRUE,"S280678861"
"1038","bkbmag1","Black-billed Magpie","Pica hudsonia","L54314793","North 2500 East (Jefferson Co)","2025-10-21 10:24",3,43.8795121,-112.1950915,TRUE,FALSE,TRUE,"S280668332"
"1039","bkbmag1","Black-billed Magpie","Pica hudsonia","L54312516","929 West 2075 North, Clinton, Utah, US (41.144, -112.044)","2025-10-21 10:24",2,41.1435956,-112.0439844,TRUE,FALSE,TRUE,"S280657606"
"1040","bkbmag1","Black-billed Magpie","Pica hudsonia","L54366678","Wilson Lake Reservoir, Hazelton US-ID (42.6133,-114.1401)","2025-10-21 10:22",2,42.613302,-114.140139,TRUE,FALSE,TRUE,"S280922573"
"1041","bkbmag1","Black-billed Magpie","Pica hudsonia","L2934441","Intermountain Bird Observatory Diane Moore Nature Center","2025-10-21 10:20",1,43.5427738,-116.0973144,TRUE,FALSE,FALSE,"S280671141"
"1042","bkbmag1","Black-billed Magpie","Pica hudsonia","L14496631","82720, Hulett US-WY 44.95575, -104.76945","2025-10-21 10:17",3,44.955746,-104.76945,TRUE,FALSE,TRUE,"S280675643"
"1043","bkbmag1","Black-billed Magpie","Pica hudsonia","L1658697","Santa Fe NF--Holy Ghost Campground","2025-10-21 10:16",2,35.7723802,-105.7002053,TRUE,FALSE,FALSE,"S280676647"
"1044","bkbmag1","Black-billed Magpie","Pica hudsonia","L54321557","Big Foot Bar Rd, Grand View US-ID 43.09070, -116.20186","2025-10-21 10:11",NA,43.0907,-116.20186,TRUE,FALSE,TRUE,"S280700219"
"1045","bkbmag1","Black-billed Magpie","Pica hudsonia","L12799544","Pena Blanca Bosque--Arroyo Leyba Rd. Entrance","2025-10-21 10:11",1,35.5607983,-106.3507544,TRUE,FALSE,FALSE,"S280667797"
"1046","bkbmag1","Black-billed Magpie","Pica hudsonia","L18596121","Juniata Reservoir Trail","2025-10-21 10:11",2,38.957276,-108.284776,TRUE,FALSE,TRUE,"S280994002"
"1047","bkbmag1","Black-billed Magpie","Pica hudsonia","L751035","Hwy. 205 (Catlow Valley Rd.)--Roaring Springs Ranch pulloff","2025-10-21 10:06",2,42.6567921,-118.9861518,TRUE,FALSE,FALSE,"S280670420"
"1048","bkbmag1","Black-billed Magpie","Pica hudsonia","L54311937","Ywam MT","2025-10-21 10:05",1,48.014351,-114.239794,TRUE,FALSE,TRUE,"S280654803"
"1049","bkbmag1","Black-billed Magpie","Pica hudsonia","L2979461","Bridger Bowl Hawk Watch","2025-10-21 10:00",1,45.81733,-110.9293129,TRUE,FALSE,FALSE,"S280711347"
"1050","bkbmag1","Black-billed Magpie","Pica hudsonia","L1791815","Apex Park","2025-10-21 10:00",5,39.7121223,-105.2233279,TRUE,FALSE,FALSE,"S280697032"
"1051","bkbmag1","Black-billed Magpie","Pica hudsonia","L2147265","Montara Yard, Bend","2025-10-21 10:00",1,44.0799784,-121.2349463,TRUE,FALSE,TRUE,"S280850224"
"1052","bkbmag1","Black-billed Magpie","Pica hudsonia","L613438","Klamath Wildlife Area--Miller Island Unit","2025-10-21 09:58",1,42.1551736,-121.8082073,TRUE,FALSE,FALSE,"S280670956"
"1053","bkbmag1","Black-billed Magpie","Pica hudsonia","L4827152","Kinney Lake","2025-10-21 09:56",1,45.3140722,-117.1021342,TRUE,FALSE,FALSE,"S280666864"
"1054","bkbmag1","Black-billed Magpie","Pica hudsonia","L1618412","McGregor Mountain Lodge","2025-10-21 09:54",1,40.4008821,-105.5734634,TRUE,FALSE,TRUE,"S280652906"
"1055","bkbmag1","Black-billed Magpie","Pica hudsonia","L574923","Egan Slough Rd.--Bigfork area","2025-10-21 09:50",3,48.1800517,-114.1771317,TRUE,FALSE,FALSE,"S280660617"
"1056","bkbmag1","Black-billed Magpie","Pica hudsonia","L3889172","Bostwick Park Road","2025-10-21 09:49",1,38.5394657,-107.7526027,TRUE,FALSE,FALSE,"S280657815"
"1057","bkbmag1","Black-billed Magpie","Pica hudsonia","L16799115","Bear Creek Lake Park, Lakewood US-CO 39.64581, -105.15800","2025-10-21 09:47",5,39.645809,-105.157997,TRUE,FALSE,TRUE,"S280667802"
"1058","bkbmag1","Black-billed Magpie","Pica hudsonia","L1606994","Knik River PUA--Mud Lake","2025-10-21 09:47",2,61.5642049,-148.9480854,TRUE,FALSE,FALSE,"S280688201"
"1059","bkbmag1","Black-billed Magpie","Pica hudsonia","L54327702","Antelope Island Rd, Syracuse US-UT 40.96383, -112.17663","2025-10-21 09:46",NA,40.963833,-112.176632,TRUE,FALSE,TRUE,"S280729547"
"1060","bkbmag1","Black-billed Magpie","Pica hudsonia","L6758305","Tucker Down Rd.","2025-10-21 09:44",1,45.31928,-117.124931,TRUE,FALSE,FALSE,"S280662158"
"1061","bkbmag1","Black-billed Magpie","Pica hudsonia","L26358663","Santa Fe NF--Dalton Canyon Rd. (San Miguel Co.)","2025-10-21 09:44",6,35.662284,-105.6994736,TRUE,FALSE,FALSE,"S280676704"
"1062","bkbmag1","Black-billed Magpie","Pica hudsonia","L54312571","Cherry Creek State Park, Aurora US-CO 39.61373, -104.81765","2025-10-21 09:40",4,39.613725,-104.817652,TRUE,FALSE,TRUE,"S280657791"
"1063","bkbmag1","Black-billed Magpie","Pica hudsonia","L54321166","Indian Route 201, Cortez US-CO 37.19187, -108.92182","2025-10-21 09:39",3,37.191872,-108.921815,TRUE,FALSE,TRUE,"S280698428"
"1064","bkbmag1","Black-billed Magpie","Pica hudsonia","L6307435","Carroll Trail FAS","2025-10-21 09:38",5,47.0846446,-109.4506199,TRUE,FALSE,FALSE,"S280664204"
"1065","bkbmag1","Black-billed Magpie","Pica hudsonia","L36261290","Smiley Creek","2025-10-21 09:36",3,47.604694,-114.924627,TRUE,FALSE,TRUE,"S280659896"
"1066","bkbmag1","Black-billed Magpie","Pica hudsonia","L54313112","3201–3213 Foothill Rd, Moscow US-ID 46.77330, -116.98069","2025-10-21 09:35",1,46.773301,-116.980695,TRUE,FALSE,TRUE,"S280660327"
"1067","bkbmag1","Black-billed Magpie","Pica hudsonia","L46127848","1555 S Jackson St, Denver US-CO 39.68824, -104.94329","2025-10-21 09:32",1,39.68824,-104.943295,TRUE,FALSE,TRUE,"S280651052"
"1068","bkbmag1","Black-billed Magpie","Pica hudsonia","L4952045","Spring Creek Marina","2025-10-21 09:30",5,40.750118,-115.5677605,TRUE,FALSE,FALSE,"S280677879"
"1069","bkbmag1","Black-billed Magpie","Pica hudsonia","L8025370","Seven Diamonds 110 Pond","2025-10-21 09:30",1,45.1172335,-117.8359075,TRUE,FALSE,FALSE,"S280709988"
"1070","bkbmag1","Black-billed Magpie","Pica hudsonia","L54314941","NWR Overlook","2025-10-21 09:30",1,48.7141516,-116.42295,TRUE,FALSE,TRUE,"S280669087"
"1071","bkbmag1","Black-billed Magpie","Pica hudsonia","L2462363","Chatfield SP--below the dam","2025-10-21 09:30",2,39.5643457,-105.0446177,TRUE,FALSE,FALSE,"S280877298"
"1072","bkbmag1","Black-billed Magpie","Pica hudsonia","L54323479","Hwy 299","2025-10-21 09:30",2,41.5450695,-120.0662782,TRUE,FALSE,TRUE,"S280710068"
"1073","bkbmag1","Black-billed Magpie","Pica hudsonia","L18216732","Route from Home to Canal (38.290877; -111.429870)","2025-10-21 09:29",7,38.2908251,-111.43017,TRUE,FALSE,TRUE,"S280671444"
"1074","bkbmag1","Black-billed Magpie","Pica hudsonia","L11685246","Cherry Creek SP -Windmill Creek area","2025-10-21 09:29",2,39.613943,-104.843208,TRUE,FALSE,TRUE,"S280658647"
"1075","bkbmag1","Black-billed Magpie","Pica hudsonia","L790161","Rice Bar Habitat Management Unit","2025-10-21 09:27",7,46.7000831,-117.6609993,TRUE,FALSE,FALSE,"S280713342"
"1076","bkbmag1","Black-billed Magpie","Pica hudsonia","L2961758","Erthal Home","2025-10-21 09:25",2,39.8349667,-105.1371646,TRUE,FALSE,TRUE,"S280836319"
"1077","bkbmag1","Black-billed Magpie","Pica hudsonia","L54278201","87041, Pena Blanca US-NM 35.58080, -106.32425","2025-10-21 09:24",1,35.580797,-106.324253,TRUE,FALSE,TRUE,"S280663828"
"1078","bkbmag1","Black-billed Magpie","Pica hudsonia","L2134909","Bear Creek Lake Park--Big Soda Lakes N. Trail","2025-10-21 09:23",1,39.6459816,-105.1698232,TRUE,FALSE,FALSE,"S280650976"
"1079","bkbmag1","Black-billed Magpie","Pica hudsonia","L7448421","River Parkway","2025-10-21 09:22",2,45.6780859,-118.7662089,TRUE,FALSE,FALSE,"S280666830"
"1080","bkbmag1","Black-billed Magpie","Pica hudsonia","L51523720","Midtown--C St. to Seward Hwy.","2025-10-21 09:22",4,61.1843956,-149.8761541,TRUE,FALSE,TRUE,"S280720827"
"1081","bkbmag1","Black-billed Magpie","Pica hudsonia","L130673","Clear Spring Ranch","2025-10-21 09:19",1,38.6126414,-104.6770847,TRUE,FALSE,FALSE,"S280654258"
"1082","bkbmag1","Black-billed Magpie","Pica hudsonia","L1032655","No Name","2025-10-21 09:18",1,39.5604086,-107.2934139,TRUE,FALSE,FALSE,"S280649575"
"1083","bkbmag1","Black-billed Magpie","Pica hudsonia","L793009","Grandview Wastewater Treatment Facility","2025-10-21 09:16",21,46.2088241,-119.9072313,TRUE,FALSE,FALSE,"S280703320"
"1084","bkbmag1","Black-billed Magpie","Pica hudsonia","L2660847","Home","2025-10-21 09:15",3,38.5458406,-109.5035219,TRUE,FALSE,TRUE,"S280801057"
"1085","bkbmag1","Black-billed Magpie","Pica hudsonia","L282348","Colorado River SP--Wildlife Area section","2025-10-21 09:13",4,39.0578173,-108.4846598,TRUE,FALSE,FALSE,"S280666707"
"1086","bkbmag1","Black-billed Magpie","Pica hudsonia","L11718104","Peavine Pk Drainage N of Painted River Trail","2025-10-21 09:12",7,39.5682217,-119.9274859,TRUE,FALSE,TRUE,"S280688560"
"1087","bkbmag1","Black-billed Magpie","Pica hudsonia","L17140477","1136 S Fourth Street W, Missoula US-MT 46.86625, -114.01369","2025-10-21 09:11",1,46.866249,-114.013687,TRUE,FALSE,TRUE,"S280651496"
"1088","bkbmag1","Black-billed Magpie","Pica hudsonia","L51523726","Midtown--Spenard Rd. to C St.","2025-10-21 09:11",3,61.1917201,-149.9007279,TRUE,FALSE,TRUE,"S280720850"
"1089","bkbmag1","Black-billed Magpie","Pica hudsonia","L54316690","Heirloom Park","2025-10-21 09:09",1,39.5727449,-105.1553138,TRUE,FALSE,TRUE,"S280677001"
"1090","bkbmag1","Black-billed Magpie","Pica hudsonia","L4292310","Doyles Slough","2025-10-21 09:09",1,46.767585,-114.0694749,TRUE,FALSE,FALSE,"S280647847"
"1091","bkbmag1","Black-billed Magpie","Pica hudsonia","L35695597","107 Sunlight Dr, Dillon US-CO 39.59558, -106.01030","2025-10-21 09:04",1,39.595576,-106.010304,TRUE,FALSE,TRUE,"S280644583"
"1092","bkbmag1","Black-billed Magpie","Pica hudsonia","L2468026","Lake Creek Village Wetlands","2025-10-21 09:04",5,39.654073,-106.6236663,TRUE,FALSE,FALSE,"S280689701"
"1093","bkbmag1","Black-billed Magpie","Pica hudsonia","L523337","Laramie River Greenbelt Trail","2025-10-21 09:03",1,41.3096795,-105.6045556,TRUE,FALSE,FALSE,"S280652658"
"1094","bkbmag1","Black-billed Magpie","Pica hudsonia","L26030209","Great Clips—Louisville, Colo.","2025-10-21 09:02",2,39.9871359,-105.1252195,TRUE,FALSE,TRUE,"S280719255"
"1095","bkbmag1","Black-billed Magpie","Pica hudsonia","L1394981","Sax-Zim Bog--Poplar Rd. (north end)","2025-10-21 09:00",1,47.1629865,-92.6527856,TRUE,FALSE,FALSE,"S280673110"
"1096","bkbmag1","Black-billed Magpie","Pica hudsonia","L503396","Price Canyon--Recreation Area Rd.","2025-10-21 09:00",1,39.7615172,-110.9174001,TRUE,FALSE,FALSE,"S280658833"
"1097","bkbmag1","Black-billed Magpie","Pica hudsonia","L37767916","15 Trailside Cir, Salida US-CO 38.52975, -106.01499","2025-10-21 09:00",2,38.529751,-106.014989,TRUE,FALSE,TRUE,"S280656031"
"1098","bkbmag1","Black-billed Magpie","Pica hudsonia","L421280","Carson River Diversion Dam","2025-10-21 08:57",21,39.4919804,-118.9933405,TRUE,FALSE,FALSE,"S280699770"
"1099","bkbmag1","Black-billed Magpie","Pica hudsonia","L27739744","Idaho 33 -- West Countyline to Beaver Dick Park","2025-10-21 08:53",1,43.826554,-111.9408343,TRUE,FALSE,TRUE,"S280669022"
"1100","bkbmag1","Black-billed Magpie","Pica hudsonia","L54311405","260 NE Deccio Rd, College Place US-WA 46.05103, -118.37364","2025-10-21 08:49",1,46.051035,-118.373636,TRUE,FALSE,TRUE,"S280652208"
"1101","bkbmag1","Black-billed Magpie","Pica hudsonia","L54313676","Lumpy Ridge Trail, Estes Park US-CO 40.39772, -105.51662","2025-10-21 08:46",4,40.397722,-105.516616,TRUE,FALSE,TRUE,"S280662864"
"1102","bkbmag1","Black-billed Magpie","Pica hudsonia","L27501784","Idaho 33 -- Beaver Dick Park to Rexburg","2025-10-21 08:46",1,43.8240908,-111.8535851,TRUE,FALSE,TRUE,"S280668997"
"1103","bkbmag1","Black-billed Magpie","Pica hudsonia","L54322308","Hawkins Creek","2025-10-21 08:45",2,60.5094104,-146.2237019,TRUE,FALSE,TRUE,"S280703798"
"1104","bkbmag1","Black-billed Magpie","Pica hudsonia","L1391195","Hall Ranch--Bitterbrush Trailhead","2025-10-21 08:42",2,40.2117954,-105.2888663,TRUE,FALSE,FALSE,"S280666792"
"1105","bkbmag1","Black-billed Magpie","Pica hudsonia","L24458212","Britchenstrap Dr","2025-10-21 08:37",1,61.65481,-149.15576,TRUE,FALSE,TRUE,"S280868865"
"1106","bkbmag1","Black-billed Magpie","Pica hudsonia","L32676049","309 South Verbena Street, Denver, Colorado, US (39.635, -104.892)","2025-10-21 08:37",1,39.6346148,-104.891547,TRUE,FALSE,TRUE,"S280688354"
"1107","bkbmag1","Black-billed Magpie","Pica hudsonia","L54308850","US-85 S, Greeley US-CO 40.44848, -104.68917","2025-10-21 08:33",1,40.448477,-104.689165,TRUE,FALSE,TRUE,"S280639162"
"1108","bkbmag1","Black-billed Magpie","Pica hudsonia","L3871633","Pilar","2025-10-21 08:32",2,36.2766662,-105.7882547,TRUE,FALSE,FALSE,"S280837964"
"1109","bkbmag1","Black-billed Magpie","Pica hudsonia","L20286561","Salmon Fly Campground","2025-10-21 08:30",15,45.6248975,-112.6879763,TRUE,FALSE,FALSE,"S280662472"
"1110","bkbmag1","Black-billed Magpie","Pica hudsonia","L280284","Frantz Lake SWA","2025-10-21 08:30",4,38.5435336,-106.0224427,TRUE,FALSE,FALSE,"S280655131"
"1111","bkbmag1","Black-billed Magpie","Pica hudsonia","L1973478","Spanish Valley Drive","2025-10-21 08:30",2,38.5178177,-109.481678,TRUE,FALSE,TRUE,"S280785410"
"1112","bkbmag1","Black-billed Magpie","Pica hudsonia","L14133184","Pullman--Shirley St., Sunnyside Hill","2025-10-21 08:28",4,46.7280968,-117.1885684,TRUE,FALSE,TRUE,"S280651759"
"1113","bkbmag1","Black-billed Magpie","Pica hudsonia","L804733","Roxborough Park Rd--W Titan Rd to Roxborough SP","2025-10-21 08:24",3,39.481653,-105.0542736,TRUE,FALSE,FALSE,"S280674823"
"1114","bkbmag1","Black-billed Magpie","Pica hudsonia","L35719030","Lampe Park","2025-10-21 08:20",2,38.9341836,-119.743345,TRUE,FALSE,FALSE,"S280680792"
"1115","bkbmag1","Black-billed Magpie","Pica hudsonia","L1497641","Willow Landing","2025-10-21 08:20",3,46.6820413,-117.7493266,TRUE,FALSE,FALSE,"S280655350"
"1116","bkbmag1","Black-billed Magpie","Pica hudsonia","L54309551","8642 Wyoming 251, Casper, Wyoming, US (42.77, -106.322)","2025-10-21 08:20",2,42.7700522,-106.3218683,TRUE,FALSE,TRUE,"S280643045"
"1117","bkbmag1","Black-billed Magpie","Pica hudsonia","L1322437","Bar CCC Park","2025-10-21 08:19",2,39.5160927,-104.7792721,TRUE,FALSE,FALSE,"S280640589"
"1118","bkbmag1","Black-billed Magpie","Pica hudsonia","L54262863","10 Myriah Rd, El Prado US-NM 36.46634, -105.61085","2025-10-21 08:15",1,36.466335,-105.610845,TRUE,FALSE,TRUE,"S280638800"
"1119","bkbmag1","Black-billed Magpie","Pica hudsonia","L25952791","Lower river trail, parking lot to bend","2025-10-21 08:12",1,40.238551,-111.721696,TRUE,FALSE,TRUE,"S280641711"
"1120","bkbmag1","Black-billed Magpie","Pica hudsonia","L54313596","Auto selected 46.66441, -120.82669","2025-10-21 08:12",2,46.664406,-120.826695,TRUE,FALSE,TRUE,"S280662494"
"1121","bkbmag1","Black-billed Magpie","Pica hudsonia","L1360026","*Heron Crossing Farm","2025-10-21 08:11",1,46.8684256,-114.0812491,TRUE,FALSE,TRUE,"S280660181"
"1122","bkbmag1","Black-billed Magpie","Pica hudsonia","L52264667","Massey Draw Pond","2025-10-21 08:10",1,39.578185,-105.1642666,TRUE,FALSE,TRUE,"S280677065"
"1123","bkbmag1","Black-billed Magpie","Pica hudsonia","L10713268","Home - 1311 Mathews Way","2025-10-21 08:10",2,40.030648,-105.059985,TRUE,FALSE,TRUE,"S280637544"
"1124","bkbmag1","Black-billed Magpie","Pica hudsonia","L43673543","Hastings Hill Road, Pomeroy, Washington, US (46.654, -117.761)","2025-10-21 08:09",2,46.6536647,-117.7607105,TRUE,FALSE,TRUE,"S280655310"
"1125","bkbmag1","Black-billed Magpie","Pica hudsonia","L27824618","4936 Sandstone Drive, Fort Collins, Colorado, US (40.518, -105.18)","2025-10-21 08:07",3,40.5176313,-105.1795222,TRUE,FALSE,TRUE,"S280805406"
"1126","bkbmag1","Black-billed Magpie","Pica hudsonia","L586105","Sue's Pond--Logan River Wetlands and Shorebird Playa","2025-10-21 08:05",9,41.7320355,-111.8809032,TRUE,FALSE,FALSE,"S280656061"
"1127","bkbmag1","Black-billed Magpie","Pica hudsonia","L812291","Ted Trueblood WMA","2025-10-21 08:05",4,43.0112374,-116.110468,TRUE,FALSE,FALSE,"S280715035"
"1128","bkbmag1","Black-billed Magpie","Pica hudsonia","L14182973","Lively Home","2025-10-21 08:00",3,39.634612,-110.838332,TRUE,FALSE,TRUE,"S280719260"
"1129","bkbmag1","Black-billed Magpie","Pica hudsonia","L645004","Cedarville","2025-10-21 08:00",1,41.5303243,-120.1734352,TRUE,FALSE,FALSE,"S280707838"
"1130","bkbmag1","Black-billed Magpie","Pica hudsonia","L1425825","Home","2025-10-21 08:00",1,44.9573137,-116.2246686,TRUE,FALSE,TRUE,"S280798417"
"1131","bkbmag1","Black-billed Magpie","Pica hudsonia","L54306393","Escalante Grand RV Resort","2025-10-21 08:00",3,37.7734005,-111.6129927,TRUE,FALSE,TRUE,"S280639087"
"1132","bkbmag1","Black-billed Magpie","Pica hudsonia","L1935954","5077 Riverview Rd.    Riverton,,WY","2025-10-21 08:00",1,43.0204766,-108.4631128,TRUE,FALSE,TRUE,"S280646216"
"1133","bkbmag1","Black-billed Magpie","Pica hudsonia","L54312027","Hastings Hill Road, Pomeroy, Washington, US (46.648, -117.767)","2025-10-21 07:59",2,46.6480537,-117.767002,TRUE,FALSE,TRUE,"S280655288"
"1134","bkbmag1","Black-billed Magpie","Pica hudsonia","L7710212","Marolt Open Space","2025-10-21 07:57",4,39.1935824,-106.8372881,TRUE,FALSE,FALSE,"S280644393"
"1135","bkbmag1","Black-billed Magpie","Pica hudsonia","L19422550","Bostwick Park Road, Montrose, Colorado, US (38.508, -107.73)","2025-10-21 07:57",32,38.5082017,-107.7303817,TRUE,FALSE,TRUE,"S280715434"
"1136","bkbmag1","Black-billed Magpie","Pica hudsonia","L54325872","Parker Hotel","2025-10-21 07:55",1,39.519086,-104.772299,TRUE,FALSE,TRUE,"S280721135"
"1137","bkbmag1","Black-billed Magpie","Pica hudsonia","L804493","Chatfield SP--Chatfield Wetlands","2025-10-21 07:54",2,39.4992723,-105.0886273,TRUE,FALSE,FALSE,"S280666460"
"1138","bkbmag1","Black-billed Magpie","Pica hudsonia","L10470301","10776 E Maplewood Dr, Englewood US-CO (39.6034,-104.8637)","2025-10-21 07:52",1,39.603372,-104.863739,TRUE,FALSE,TRUE,"S280666264"
"1139","bkbmag1","Black-billed Magpie","Pica hudsonia","L6556761","398 Whitmore Rd, Cascade US-MT (47.1891,-111.6196)","2025-10-21 07:50",6,47.18907,-111.619558,TRUE,FALSE,TRUE,"S280634056"
"1140","bkbmag1","Black-billed Magpie","Pica hudsonia","L1542737","Bear Creek Lake Park","2025-10-21 07:50",8,39.6508939,-105.1636947,TRUE,FALSE,TRUE,"S280695354"
"1141","bkbmag1","Black-billed Magpie","Pica hudsonia","L1777822","Deer Creek Canyon Park--Meadowlark Trail","2025-10-21 07:33",6,39.5436808,-105.1574403,TRUE,FALSE,FALSE,"S280686555"
"1142","bkbmag1","Black-billed Magpie","Pica hudsonia","L48871017","South loop","2025-10-21 07:32",4,38.982377,-105.060548,TRUE,FALSE,TRUE,"S280635104"
"1143","bkbmag1","Black-billed Magpie","Pica hudsonia","L8215438","Fort Carson—Haymes Recreation & Cottonwood Junction (restricted access)","2025-10-21 07:23",4,38.6628841,-104.7798669,TRUE,FALSE,FALSE,"S280641016"
"1144","bkbmag1","Black-billed Magpie","Pica hudsonia","L54312504","Spring Recreation Site, Huntington, Oregon, US (44.378, -117.24)","2025-10-21 07:21",1,44.3775487,-117.2396888,TRUE,FALSE,TRUE,"S280657568"
"1145","bkbmag1","Black-billed Magpie","Pica hudsonia","L39433167","103 Cholla Cir, Florence US-CO 38.34253, -105.12405","2025-10-21 07:12",4,38.342532,-105.124049,TRUE,FALSE,TRUE,"S280637461"
"1146","bkbmag1","Black-billed Magpie","Pica hudsonia","L54309793","barr lake","2025-10-21 07:05",4,39.9413414,-104.7482376,TRUE,FALSE,TRUE,"S280652713"
"1147","bkbmag1","Black-billed Magpie","Pica hudsonia","L36084816","Faretto Ln, Reno","2025-10-21 07:04",6,39.459527,-119.811789,TRUE,FALSE,TRUE,"S280639799"
"1148","bkbmag1","Black-billed Magpie","Pica hudsonia","L33757830","Dutch John Creek and FR-50550","2025-10-21 06:55",6,41.704923,-117.490687,TRUE,FALSE,TRUE,"S280684044"
"1149","bkbmag1","Black-billed Magpie","Pica hudsonia","L2775370","Kettle Lakes","2025-10-21 06:55",8,38.9631462,-104.81148,TRUE,FALSE,FALSE,"S280685998"
"1150","bkbmag1","Black-billed Magpie","Pica hudsonia","L905195","Gold Run Yard List","2025-10-21 06:50",2,40.3673593,-120.670073,TRUE,FALSE,TRUE,"S280940882"
"1151","bkbmag1","Black-billed Magpie","Pica hudsonia","L732235","Central Ferry (Garfield Co.)","2025-10-21 06:37",2,46.6159596,-117.7923203,TRUE,FALSE,FALSE,"S280655215"
"1152","bkbmag1","Black-billed Magpie","Pica hudsonia","L1761437","Maple Grove Hot Springs","2025-10-20 18:32",5,42.3094414,-111.7079644,TRUE,FALSE,FALSE,"S280566654"
"1153","bkbmag1","Black-billed Magpie","Pica hudsonia","L937659","Kenai--Tarbox Wildlife Viewing Platform","2025-10-20 18:20",3,60.5420341,-151.2194681,TRUE,FALSE,FALSE,"S280576056"
"1154","bkbmag1","Black-billed Magpie","Pica hudsonia","L828756","Rose Hill Cemetery","2025-10-20 18:03",9,43.4776968,-112.0402157,TRUE,FALSE,FALSE,"S280566507"
"1155","bkbmag1","Black-billed Magpie","Pica hudsonia","L54293499","3940 27 1/2 Rd, Grand Junction US-CO 39.10361, -108.54250","2025-10-20 17:55",1,39.103611,-108.542498,TRUE,FALSE,TRUE,"S280563992"
"1156","bkbmag1","Black-billed Magpie","Pica hudsonia","L1069901","Jordan River Parkway--3300 S to 4500 S (incl. General Holm Park)","2025-10-20 17:30",1,40.6874721,-111.9216621,TRUE,FALSE,FALSE,"S280562270"
"1157","bkbmag1","Black-billed Magpie","Pica hudsonia","L8421563","Croke Reservoir Lake","2025-10-20 17:30",4,39.8725079,-104.9864304,TRUE,FALSE,FALSE,"S280563080"
"1158","bkbmag1","Black-billed Magpie","Pica hudsonia","L14307120","Doan Creek Open Space","2025-10-20 17:30",3,46.0485869,-118.4065231,TRUE,FALSE,FALSE,"S280570569"
"1159","bkbmag1","Black-billed Magpie","Pica hudsonia","L2828328","Hiwan Reservoirs","2025-10-20 17:30",2,39.6793489,-105.3530502,TRUE,FALSE,FALSE,"S280564543"
"1160","bkbmag1","Black-billed Magpie","Pica hudsonia","L1320157","Shadow Mountain Lake","2025-10-20 17:27",2,40.2331498,-105.8416843,TRUE,FALSE,FALSE,"S280563221"
"1161","bkbmag1","Black-billed Magpie","Pica hudsonia","L54296496","1795 U.S. Highway 395 North, Minden, Nevada, US (38.967, -119.779)","2025-10-20 17:26",3,38.9674601,-119.7792144,TRUE,FALSE,TRUE,"S280577520"
"1162","bkbmag1","Black-billed Magpie","Pica hudsonia","L54216570","15423 W 65th Ave, Arvada US-CO 39.81487, -105.17220","2025-10-20 17:25",1,39.814866,-105.172205,TRUE,FALSE,TRUE,"S280564572"
"1163","bkbmag1","Black-billed Magpie","Pica hudsonia","L54293190","I-90 E, Missoula US-MT (46.9042,-114.0217)","2025-10-20 17:23",1,46.90424,-114.021694,TRUE,FALSE,TRUE,"S280562531"
"1164","bkbmag1","Black-billed Magpie","Pica hudsonia","L894186","Sandy Urban Fishery (Fishing Pond)","2025-10-20 17:06",1,40.5729491,-111.9153857,TRUE,FALSE,FALSE,"S280564708"
"1165","bkbmag1","Black-billed Magpie","Pica hudsonia","L39174375","New Santa fe Trail","2025-10-20 17:06",22,38.9426845,-104.8230967,TRUE,FALSE,TRUE,"S280568053"
"1166","bkbmag1","Black-billed Magpie","Pica hudsonia","L11772469","Parkside Village","2025-10-20 17:06",7,46.836871,-114.0123573,TRUE,FALSE,TRUE,"S280561757"
"1167","bkbmag1","Black-billed Magpie","Pica hudsonia","L53102151","Sora Way, Bozeman US-MT","2025-10-20 17:01",4,45.714357,-111.080778,TRUE,FALSE,TRUE,"S280559280"
"1168","bkbmag1","Black-billed Magpie","Pica hudsonia","L54307701","Private Residence","2025-10-20 17:00",2,45.847936,-119.240335,TRUE,FALSE,TRUE,"S280633143"
"1169","bkbmag1","Black-billed Magpie","Pica hudsonia","L891127","Carson River Park/Silver Saddle Ranch","2025-10-20 16:57",11,39.1363102,-119.7069132,TRUE,FALSE,TRUE,"S280577885"
"1170","bkbmag1","Black-billed Magpie","Pica hudsonia","L27435916","Valley Road Wetlands","2025-10-20 16:53",6,46.740846,-117.154869,TRUE,FALSE,FALSE,"S280565173"
"1171","bkbmag1","Black-billed Magpie","Pica hudsonia","L656941","Russian Jack Springs Park","2025-10-20 16:48",2,61.2056818,-149.783392,TRUE,FALSE,FALSE,"S280569839"
"1172","bkbmag1","Black-billed Magpie","Pica hudsonia","L4714060","Cherry Creek Trail--S Colorado Blvd to S University Blvd","2025-10-20 16:42",3,39.7112475,-104.9475217,TRUE,FALSE,FALSE,"S280558769"
"1173","bkbmag1","Black-billed Magpie","Pica hudsonia","L9434552","430 Cotton Willow Rd, Butte US-MT (45.6524,-112.6966)","2025-10-20 16:38",10,45.652411,-112.696575,TRUE,FALSE,TRUE,"S280665925"
"1174","bkbmag1","Black-billed Magpie","Pica hudsonia","L12428753","Bishop Creek, Bishop, California, US (37.401, -118.425)","2025-10-20 16:37",2,37.4010117,-118.4254971,TRUE,FALSE,TRUE,"S280710432"
"1175","bkbmag1","Black-billed Magpie","Pica hudsonia","L54295187","Rattlesnake Hill Road, Colorado, US (39.829, -104.866)","2025-10-20 16:31",1,39.8288665,-104.8655336,TRUE,FALSE,TRUE,"S280572012"
"1176","bkbmag1","Black-billed Magpie","Pica hudsonia","L386162","Ketring Park and Lake","2025-10-20 16:24",1,39.6064156,-104.998827,TRUE,FALSE,FALSE,"S280556181"
"1177","bkbmag1","Black-billed Magpie","Pica hudsonia","L10950170","EH Steffen Center, Washington State University","2025-10-20 16:18",4,46.7311327,-117.1350145,TRUE,FALSE,FALSE,"S280565538"
"1178","bkbmag1","Black-billed Magpie","Pica hudsonia","L349856","Ensign Peak","2025-10-20 16:14",3,40.794695,-111.8909778,TRUE,FALSE,FALSE,"S280579088"
"1179","bkbmag1","Black-billed Magpie","Pica hudsonia","L54295102","32301–32343 Stanfield Meadows Rd, Stanfield US-OR 45.77693, -119.23549","2025-10-20 16:05",3,45.776934,-119.235494,TRUE,FALSE,TRUE,"S280571595"
"1180","bkbmag1","Black-billed Magpie","Pica hudsonia","L1165949","Mayfield Pond","2025-10-20 16:00",1,44.0848724,-121.1283445,TRUE,FALSE,FALSE,"S280563198"
"1181","bkbmag1","Black-billed Magpie","Pica hudsonia","L33806834","Hinkey Summit Rd (FR-084)—Road Creek riparian below guard station (mile1)","2025-10-20 15:46",1,41.692109,-117.512619,TRUE,FALSE,TRUE,"S280695558"
"1182","bkbmag1","Black-billed Magpie","Pica hudsonia","L46628204","Vicee","2025-10-20 15:46",3,39.1886368,-119.819046,TRUE,FALSE,TRUE,"S280567365"
"1183","bkbmag1","Black-billed Magpie","Pica hudsonia","L737036","Big Cottonwood Canyon--Spruces CG","2025-10-20 15:43",1,40.64154,-111.6372943,TRUE,FALSE,FALSE,"S280552332"
"1184","bkbmag1","Black-billed Magpie","Pica hudsonia","L54291049","2370 S Maple Grove Rd, Boise US-ID 43.58212, -116.29402","2025-10-20 15:42",1,43.582117,-116.294017,TRUE,FALSE,TRUE,"S280551658"
"1185","bkbmag1","Black-billed Magpie","Pica hudsonia","L4075571","Rocky Mountain Arsenal NWR--Lake Mary","2025-10-20 15:42",1,39.8184974,-104.8641694,TRUE,FALSE,FALSE,"S280572019"
"1186","bkbmag1","Black-billed Magpie","Pica hudsonia","L1181363","North Canyon Trail","2025-10-20 15:41",1,40.8424612,-111.839304,TRUE,FALSE,FALSE,"S280563320"
"1187","bkbmag1","Black-billed Magpie","Pica hudsonia","L54295662","N 4th ave 400 block","2025-10-20 15:30",2,45.683265,-111.0425947,TRUE,FALSE,TRUE,"S280574615"
"1188","bkbmag1","Black-billed Magpie","Pica hudsonia","L54296847","nth 4th ave 400 block","2025-10-20 15:30",4,45.6830159,-111.0426417,TRUE,FALSE,TRUE,"S280579567"
"1189","bkbmag1","Black-billed Magpie","Pica hudsonia","L5262339","Moccasin Lane","2025-10-20 15:28",1,46.9464976,-114.1686881,TRUE,FALSE,FALSE,"S280582735"
"1190","bkbmag1","Black-billed Magpie","Pica hudsonia","L4480755","Arctic Valley Rd.--large overlook","2025-10-20 15:15",2,61.2365164,-149.6097731,TRUE,FALSE,FALSE,"S280559537"
"1191","bkbmag1","Black-billed Magpie","Pica hudsonia","L6050813","Bear Lake--Cheney Creek Rest Stop","2025-10-20 15:15",1,41.8565368,-111.3635963,TRUE,FALSE,FALSE,"S280545718"
"1192","bkbmag1","Black-billed Magpie","Pica hudsonia","L54292630","Campbell Creek Bridges, Rondy Trail, Anchorage, Alaska, US (61.168, -149.784)","2025-10-20 15:13",1,61.1684202,-149.7837488,TRUE,FALSE,TRUE,"S280559736"
"1193","bkbmag1","Black-billed Magpie","Pica hudsonia","L52571636","63822 Mount Glen Rd, La Grande US-OR (45.3826,-118.0661)","2025-10-20 15:01",17,45.382584,-118.066058,TRUE,FALSE,TRUE,"S280556427"
"1194","bkbmag1","Black-billed Magpie","Pica hudsonia","L1178246","Cowiche Canyon Trail (west end)","2025-10-20 14:54",8,46.6281821,-120.6606825,TRUE,FALSE,FALSE,"S280566924"
"1195","bkbmag1","Black-billed Magpie","Pica hudsonia","L54289776","1716 S Penninger Dr, Boise US-ID 43.58852, -116.28322","2025-10-20 14:51",4,43.588517,-116.283223,TRUE,FALSE,TRUE,"S280545132"
"1196","bkbmag1","Black-billed Magpie","Pica hudsonia","L25953252","Forest Service Road 084–Hinkey Summit to FR-087","2025-10-20 14:43",1,41.677617,-117.539087,TRUE,FALSE,TRUE,"S280691063"
"1197","bkbmag1","Black-billed Magpie","Pica hudsonia","L6309416","Glennallen (town)","2025-10-20 14:34",2,62.1076959,-145.5292454,TRUE,FALSE,FALSE,"S280555413"
"1198","bkbmag1","Black-billed Magpie","Pica hudsonia","L587840","South Willow Canyon","2025-10-20 14:34",2,40.5009431,-112.5840282,TRUE,FALSE,FALSE,"S280547676"
"1199","bkbmag1","Black-billed Magpie","Pica hudsonia","L898564","Rock Creek Park","2025-10-20 14:30",5,42.5699913,-114.507494,TRUE,FALSE,FALSE,"S280543748"
"1200","bkbmag1","Black-billed Magpie","Pica hudsonia","L54288313","I-25 N, Castle Rock US-CO 39.28654, -104.89606","2025-10-20 14:19",2,39.286543,-104.89606,TRUE,FALSE,TRUE,"S280538117"
"1201","bkbmag1","Black-billed Magpie","Pica hudsonia","L3190552","Witherspoon Subdivision","2025-10-20 14:17",2,61.5820153,-149.0046769,TRUE,FALSE,TRUE,"S280555241"
"1202","bkbmag1","Black-billed Magpie","Pica hudsonia","L37753181","Beach Lake Park, Anchorage US-AK 61.40113, -149.56515","2025-10-20 14:17",1,61.401131,-149.565147,TRUE,FALSE,TRUE,"S280560822"
"1203","bkbmag1","Black-billed Magpie","Pica hudsonia","L1149884","Shoshone NF-Ed Young Mtn., WY","2025-10-20 14:15",2,42.6358531,-108.7497997,TRUE,FALSE,TRUE,"S280562199"
"1204","bkbmag1","Black-billed Magpie","Pica hudsonia","L566915","Rocky Mountain NP--Lily Lake area","2025-10-20 14:15",1,40.3073545,-105.540247,TRUE,FALSE,FALSE,"S280947009"
"1205","bkbmag1","Black-billed Magpie","Pica hudsonia","L54318976","2485–2699 E Main St, Rangely US-CO 40.09101, -108.75058","2025-10-20 14:10",1,40.091015,-108.750583,TRUE,FALSE,TRUE,"S280687573"
"1206","bkbmag1","Black-billed Magpie","Pica hudsonia","L17613456","Lion's Lair Trail","2025-10-20 14:07",1,40.0374881,-105.310067,TRUE,FALSE,TRUE,"S280542240"
"1207","bkbmag1","Black-billed Magpie","Pica hudsonia","L54288442","59047, Livingston US-MT 45.55981, -110.51970","2025-10-20 14:03",1,45.559813,-110.519695,TRUE,FALSE,TRUE,"S280538787"
"1208","bkbmag1","Black-billed Magpie","Pica hudsonia","L53984494","Nebo Creek","2025-10-20 14:00",2,39.8689274,-111.5874616,TRUE,FALSE,TRUE,"S280633792"
"1209","bkbmag1","Black-billed Magpie","Pica hudsonia","L52032773","Homedale High School","2025-10-20 14:00",2,43.6195167,-116.9261239,TRUE,FALSE,TRUE,"S280542902"
"1210","bkbmag1","Black-billed Magpie","Pica hudsonia","L212323","Lee Kay Ponds","2025-10-20 13:57",1,40.7397136,-112.0437241,TRUE,FALSE,FALSE,"S280555048"
"1211","bkbmag1","Black-billed Magpie","Pica hudsonia","L8829002","Williams Road","2025-10-20 13:56",2,47.7720518,-118.837585,TRUE,FALSE,TRUE,"S280581158"
"1212","bkbmag1","Black-billed Magpie","Pica hudsonia","L4649940","Herron Park","2025-10-20 13:43",1,48.1521153,-114.3607235,TRUE,FALSE,FALSE,"S280542918"
"1213","bkbmag1","Black-billed Magpie","Pica hudsonia","L4697413","Cutoff Rd Bignell Ranch","2025-10-20 13:38",1,46.9188,-113.0369,TRUE,FALSE,TRUE,"S280659068"
"1214","bkbmag1","Black-billed Magpie","Pica hudsonia","L54291035","Little Wood Res. Recreation site","2025-10-20 13:33",2,43.433967,-114.029731,TRUE,FALSE,TRUE,"S280551558"
"1215","bkbmag1","Black-billed Magpie","Pica hudsonia","L772323","East Fork Reservoir (Fergus Co.)","2025-10-20 13:30",7,46.9790812,-109.2843533,TRUE,FALSE,FALSE,"S280559249"
"1216","bkbmag1","Black-billed Magpie","Pica hudsonia","L3110785","Morgan Lake","2025-10-20 13:29",2,45.2999306,-118.1369305,TRUE,FALSE,FALSE,"S280549582"
"1217","bkbmag1","Black-billed Magpie","Pica hudsonia","L25931936","Forest Service (Hinkey Summit) Road 084–miles 1-2","2025-10-20 13:25",2,41.6277356,-117.5471401,TRUE,FALSE,TRUE,"S280690750"
"1218","bkbmag1","Black-billed Magpie","Pica hudsonia","L696039","Glenn Hwy.--Little Nelchina River","2025-10-20 13:18",1,61.9873227,-146.9469452,TRUE,FALSE,FALSE,"S280545210"
"1219","bkbmag1","Black-billed Magpie","Pica hudsonia","L53856383","Esther island hatchery","2025-10-20 13:17",1,60.799333,-148.089081,TRUE,FALSE,TRUE,"S280554679"
"1220","bkbmag1","Black-billed Magpie","Pica hudsonia","L492302","Council Grove SP","2025-10-20 13:15",1,46.9129809,-114.1559194,TRUE,FALSE,FALSE,"S280533054"
"1221","bkbmag1","Black-billed Magpie","Pica hudsonia","L823517","Pacific Press Pond","2025-10-20 13:07",1,43.5954046,-116.5307808,TRUE,FALSE,FALSE,"S280532340"
"1222","bkbmag1","Black-billed Magpie","Pica hudsonia","L34441299","1696 Green Meadows Lane, Colorado, US (38.055, -108.007)","2025-10-20 13:01",1,38.05513,-108.0074956,TRUE,FALSE,TRUE,"S280546523"
"1223","bkbmag1","Black-billed Magpie","Pica hudsonia","L54298277","Kodiak Is.--Womens Bay Drive","2025-10-20 13:00",1,57.7071324,-152.5873231,TRUE,FALSE,TRUE,"S280585062"
"1224","bkbmag1","Black-billed Magpie","Pica hudsonia","L24761605","Hinkey Summit Rd—paved segment","2025-10-20 12:55",15,41.516173,-117.544678,TRUE,FALSE,TRUE,"S280536189"
"1225","bkbmag1","Black-billed Magpie","Pica hudsonia","L4978588","Uniontown Sewage Ponds","2025-10-20 12:55",1,46.5434544,-117.0759022,TRUE,FALSE,FALSE,"S280540332"
"1226","bkbmag1","Black-billed Magpie","Pica hudsonia","L54294860","Santa Fe National Forest, Hernandez US-NM 36.02783, -106.34637","2025-10-20 12:53",1,36.027826,-106.346365,TRUE,FALSE,TRUE,"S280570354"
"1227","bkbmag1","Black-billed Magpie","Pica hudsonia","L525854","Old Matanuska Townsite","2025-10-20 12:52",1,61.548467,-149.229269,TRUE,FALSE,FALSE,"S280544154"
"1228","bkbmag1","Black-billed Magpie","Pica hudsonia","L37367224","Home","2025-10-20 12:50",2,43.4940658,-111.9469895,TRUE,FALSE,TRUE,"S280533544"
"1229","bkbmag1","Black-billed Magpie","Pica hudsonia","L279404","Las Vegas NWR","2025-10-20 12:47",1,35.548848,-105.1583862,TRUE,FALSE,FALSE,"S280831756"
"1230","bkbmag1","Black-billed Magpie","Pica hudsonia","L151125","36th Street Trailhead","2025-10-20 12:44",7,41.19861,-111.93672,TRUE,FALSE,FALSE,"S280546603"
"1231","bkbmag1","Black-billed Magpie","Pica hudsonia","L40538515","Case Ln","2025-10-20 12:38",1,41.515859,-117.486116,TRUE,FALSE,TRUE,"S280534227"
"1232","bkbmag1","Black-billed Magpie","Pica hudsonia","L24717371","Martin Creek Rd","2025-10-20 12:28",7,41.517006,-117.448005,TRUE,FALSE,TRUE,"S280534422"
"1233","bkbmag1","Black-billed Magpie","Pica hudsonia","L11241801","1358 Four Mile Rd, Viola US-ID 46.83933, -116.96498 garden area","2025-10-20 12:27",1,46.839329,-116.96498,TRUE,FALSE,TRUE,"S280564807"
"1234","bkbmag1","Black-billed Magpie","Pica hudsonia","L54329800","Swan Lake, Sterling US-AK (60.6736,-150.5496)","2025-10-20 12:13",2,60.67356,-150.549645,TRUE,FALSE,TRUE,"S280740569"
"1235","bkbmag1","Black-billed Magpie","Pica hudsonia","L54288353","2130 Stanford Drive, Anchorage, Alaska, US (61.192, -149.841)","2025-10-20 12:11",2,61.1919149,-149.8409542,TRUE,FALSE,TRUE,"S280538368"
"1236","bkbmag1","Black-billed Magpie","Pica hudsonia","L52112745","Farmington Bay Waterfowl Management Area","2025-10-20 12:10",4,40.9624006,-111.927681,TRUE,FALSE,TRUE,"S280575225"
"1237","bkbmag1","Black-billed Magpie","Pica hudsonia","L27579734","Martin Creek Rd Grove at (41.52745, -117.42792)","2025-10-20 12:06",2,41.527445,-117.427921,TRUE,FALSE,TRUE,"S280534438"
"1238","bkbmag1","Black-billed Magpie","Pica hudsonia","L570078","Rock Cliffs SP","2025-10-20 11:59",4,40.6031358,-111.3440323,TRUE,FALSE,FALSE,"S280581947"
"1239","bkbmag1","Black-billed Magpie","Pica hudsonia","L35353692","73 Orodell Road, La Grande, Oregon, US (45.346, -118.108)","2025-10-20 11:57",4,45.3462746,-118.1083899,TRUE,FALSE,TRUE,"S280529467"
"1240","bkbmag1","Black-billed Magpie","Pica hudsonia","L3716129","Glen Eyrie area","2025-10-20 11:57",1,38.8890286,-104.8787713,TRUE,FALSE,FALSE,"S280527222"
"1241","bkbmag1","Black-billed Magpie","Pica hudsonia","L1194888","Upper Grand Coulee","2025-10-20 11:56",1,47.8085431,-119.0245056,TRUE,FALSE,FALSE,"S280572544"
"1242","bkbmag1","Black-billed Magpie","Pica hudsonia","L4356323","mercur","2025-10-20 11:55",3,40.3145989,-112.2343111,TRUE,FALSE,TRUE,"S280523454"
"1243","bkbmag1","Black-billed Magpie","Pica hudsonia","L24359041","Chimney Dam Rd—miles 1-5","2025-10-20 11:53",10,41.498409,-117.493804,TRUE,FALSE,TRUE,"S280534532"
"1244","bkbmag1","Black-billed Magpie","Pica hudsonia","L1659157","Deer Creek Reservoir--Island Beach","2025-10-20 11:53",1,40.4446789,-111.4779354,TRUE,FALSE,FALSE,"S280523334"
"1245","bkbmag1","Black-billed Magpie","Pica hudsonia","L13439496","Bear River City Cemetery and Park","2025-10-20 11:45",2,41.609742,-112.123128,TRUE,FALSE,TRUE,"S280550507"
"1246","bkbmag1","Black-billed Magpie","Pica hudsonia","L389108","Jordanelle Reservoir SP","2025-10-20 11:25",2,40.6217055,-111.4161301,TRUE,FALSE,FALSE,"S280581957"
"1247","bkbmag1","Black-billed Magpie","Pica hudsonia","L54296478","Albee Road, Ukiah, Oregon, US (45.162, -118.922)","2025-10-20 11:25",1,45.1615323,-118.9216284,TRUE,FALSE,TRUE,"S280577452"
"1248","bkbmag1","Black-billed Magpie","Pica hudsonia","L2191787","Glen Lake Rotary Park--Trails east of the river","2025-10-20 11:20",6,45.7062552,-111.0325441,TRUE,FALSE,FALSE,"S280533412"
"1249","bkbmag1","Black-billed Magpie","Pica hudsonia","L600472","Sacajawea SP","2025-10-20 11:11",2,46.2012311,-119.0373983,TRUE,FALSE,FALSE,"S280554917"
"1250","bkbmag1","Black-billed Magpie","Pica hudsonia","L227296","Red Rocks Park","2025-10-20 11:10",NA,39.6684432,-105.2041578,TRUE,FALSE,FALSE,"S280515667"
"1251","bkbmag1","Black-billed Magpie","Pica hudsonia","L159272","Spenard Crossing","2025-10-20 11:09",4,61.2040178,-149.905293,TRUE,FALSE,FALSE,"S280531720"
"1252","bkbmag1","Black-billed Magpie","Pica hudsonia","L54283839","EDI Castle Rock","2025-10-20 11:08",2,39.407602,-104.871127,TRUE,FALSE,TRUE,"S280518311"
"1253","bkbmag1","Black-billed Magpie","Pica hudsonia","L1160077","Cimarron NG--Turkey Trail","2025-10-20 11:03",1,37.1259022,-101.8736458,TRUE,FALSE,FALSE,"S280689949"
"1254","bkbmag1","Black-billed Magpie","Pica hudsonia","L373417","Lower Klamath NWR (CA side)","2025-10-20 10:57",1,41.948,-121.72,TRUE,FALSE,FALSE,"S281089447"
"1255","bkbmag1","Black-billed Magpie","Pica hudsonia","L54283507","411 North 3rd Avenue, Bozeman, Montana, US (45.683, -111.041)","2025-10-20 10:54",30,45.683355,-111.0414656,TRUE,FALSE,TRUE,"S280516731"
"1256","bkbmag1","Black-billed Magpie","Pica hudsonia","L35999057","Albee Road, Pilot Rock, Oregon, US (45.202, -118.911)","2025-10-20 10:52",1,45.2020518,-118.9114516,TRUE,FALSE,TRUE,"S280577461"
"1257","bkbmag1","Black-billed Magpie","Pica hudsonia","L54282909","Kathryn Albertson Park, Boise US-ID 43.61494, -116.22387","2025-10-20 10:51",10,43.614938,-116.223869,TRUE,FALSE,TRUE,"S280514216"
"1258","bkbmag1","Black-billed Magpie","Pica hudsonia","L384111","Hubbard Rec. Area","2025-10-20 10:44",7,43.5145,-116.3565,TRUE,FALSE,FALSE,"S280527914"
"1259","bkbmag1","Black-billed Magpie","Pica hudsonia","L2025014","Willow Pond Park","2025-10-20 10:43",1,40.6381206,-111.9169521,TRUE,FALSE,FALSE,"S280512285"
"1260","bkbmag1","Black-billed Magpie","Pica hudsonia","L1317408","Martinka Home Area","2025-10-20 10:43",2,46.5763396,-112.013973,TRUE,FALSE,TRUE,"S280512645"
"1261","bkbmag1","Black-billed Magpie","Pica hudsonia","L54283363","Rollans Park","2025-10-20 10:42",1,38.1517302,-107.7523841,TRUE,FALSE,TRUE,"S280516104"
"1262","bkbmag1","Black-billed Magpie","Pica hudsonia","L694889","Kodiak Is.--Womens Bay-Head","2025-10-20 10:40",1,57.7059242,-152.5714839,TRUE,FALSE,FALSE,"S280577734"
"1263","bkbmag1","Black-billed Magpie","Pica hudsonia","L19387713","406 North Willson Avenue, Bozeman, Montana, US (45.683, -111.039)","2025-10-20 10:32",7,45.6831654,-111.0385071,TRUE,FALSE,TRUE,"S280515818"
"1264","bkbmag1","Black-billed Magpie","Pica hudsonia","L46630860","Cowiche Canyon","2025-10-20 10:30",4,46.6221349,-120.6147552,TRUE,FALSE,TRUE,"S280563591"
"1265","bkbmag1","Black-billed Magpie","Pica hudsonia","L16237686","The Glen Metropolitan Districts Park And Trails","2025-10-20 10:30",1,38.7271686,-104.6655759,TRUE,FALSE,FALSE,"S280516661"
"1266","bkbmag1","Black-billed Magpie","Pica hudsonia","L24359153","Shelton Ln—east of hot springs miles 1-5","2025-10-20 10:29",1,41.401018,-117.325642,TRUE,FALSE,TRUE,"S280690685"
"1267","bkbmag1","Black-billed Magpie","Pica hudsonia","L54292547","9430–9498 Berners Ave, Juneau US-AK 58.36343, -134.59484","2025-10-20 10:25",1,58.363434,-134.59484,TRUE,FALSE,TRUE,"S280559287"
"1268","bkbmag1","Black-billed Magpie","Pica hudsonia","L16622378","1925 Van Ness Ave, Reno US-NV 39.54651, -119.84494","2025-10-20 10:25",3,39.546515,-119.844938,TRUE,FALSE,TRUE,"S280681867"
"1269","bkbmag1","Black-billed Magpie","Pica hudsonia","L54285218","Hog Ranch Road, Ellensburg US-WA 46.91851, -120.83484","2025-10-20 10:20",1,46.918514,-120.834845,TRUE,FALSE,TRUE,"S280524242"
"1270","bkbmag1","Black-billed Magpie","Pica hudsonia","L3133123","DeLong Lake Park","2025-10-20 10:15",3,61.16263,-149.95697,TRUE,FALSE,FALSE,"S280523938"
"1271","bkbmag1","Black-billed Magpie","Pica hudsonia","L54283266","Eastern Sierra Scenic Byway, Bridgeport, California, US","2025-10-20 10:12",1,38.208378,-119.2297079,TRUE,FALSE,TRUE,"S280515724"
"1272","bkbmag1","Black-billed Magpie","Pica hudsonia","L1857904","Woodmoor Lake","2025-10-20 10:10",1,39.0998801,-104.8565993,TRUE,FALSE,FALSE,"S280546308"
"1273","bkbmag1","Black-billed Magpie","Pica hudsonia","L39612528","12371–12461 S 800 E, Paradise US-UT 41.49721, -111.81541","2025-10-20 10:09",4,41.497207,-111.815406,TRUE,FALSE,TRUE,"S280537573"
"1274","bkbmag1","Black-billed Magpie","Pica hudsonia","L39880474","Kathryn Albertson Park","2025-10-20 10:07",2,43.615226,-116.227486,TRUE,FALSE,TRUE,"S280516410"
"1275","bkbmag1","Black-billed Magpie","Pica hudsonia","L52906585","4454 Harmony Road, Helena, Montana, US (46.672, -111.898)","2025-10-20 10:06",5,46.6720867,-111.897765,TRUE,FALSE,TRUE,"S280508894"
"1276","bkbmag1","Black-billed Magpie","Pica hudsonia","L24359227","Shelton Ln—Hot Springs Ranch","2025-10-20 10:05",8,41.42531,-117.423498,TRUE,FALSE,TRUE,"S280534665"
"1277","bkbmag1","Black-billed Magpie","Pica hudsonia","L7023087","Applewood Knolls","2025-10-20 10:04",3,39.7581439,-105.1334953,TRUE,FALSE,TRUE,"S280512173"
"1278","bkbmag1","Black-billed Magpie","Pica hudsonia","L460132","Steamboat Rock State Park","2025-10-20 09:58",2,47.8614341,-119.1204643,TRUE,FALSE,FALSE,"S280572637"
"1279","bkbmag1","Black-billed Magpie","Pica hudsonia","L1790620","Castlewood Canyon SP--Inner Canyon/Lake Gulch Loop","2025-10-20 09:57",4,39.3364947,-104.7473025,TRUE,FALSE,FALSE,"S280555152"
"1280","bkbmag1","Black-billed Magpie","Pica hudsonia","L21520810","Escalante Petrified Forest SP","2025-10-20 09:55",3,37.7881204,-111.628329,TRUE,FALSE,FALSE,"S280627708"
"1281","bkbmag1","Black-billed Magpie","Pica hudsonia","L710366","Wood River Day Use Area","2025-10-20 09:54",4,42.7085517,-121.9906425,TRUE,FALSE,FALSE,"S280557491"
"1282","bkbmag1","Black-billed Magpie","Pica hudsonia","L208199","Sterne Park","2025-10-20 09:53",3,39.6107417,-105.0112046,TRUE,FALSE,FALSE,"S280512735"
"1283","bkbmag1","Black-billed Magpie","Pica hudsonia","L18141902","The Marsh Common Area","2025-10-20 09:48",2,39.111846,-104.847592,TRUE,FALSE,TRUE,"S280965690"
"1284","bkbmag1","Black-billed Magpie","Pica hudsonia","L54395777","Sections 16 Trail Connection, Colorado Springs US-CO 38.83608, -104.89458","2025-10-20 09:44",1,38.836079,-104.894584,TRUE,FALSE,TRUE,"S281066978"
"1285","bkbmag1","Black-billed Magpie","Pica hudsonia","L24359324","Shelton Ln—S curve to Hot Springs Ranch","2025-10-20 09:42",8,41.411081,-117.488216,TRUE,FALSE,TRUE,"S280534705"
"1286","bkbmag1","Black-billed Magpie","Pica hudsonia","L8884308","Theodore Roosevelt NP--Lower Paddock Creek Trail","2025-10-20 09:40",3,46.9525865,-103.494726,TRUE,FALSE,FALSE,"S280510686"
"1287","bkbmag1","Black-billed Magpie","Pica hudsonia","L159269","Earthquake Park","2025-10-20 09:38",2,61.196908,-149.9752557,TRUE,FALSE,FALSE,"S280520179"
"1288","bkbmag1","Black-billed Magpie","Pica hudsonia","L4132916","North 5th and Loma","2025-10-20 09:34",1,37.2696434,-107.0131338,TRUE,FALSE,TRUE,"S280570364"
"1289","bkbmag1","Black-billed Magpie","Pica hudsonia","L20997464","Compassion","2025-10-20 09:34",2,39.0089013,-104.808925,TRUE,FALSE,TRUE,"S280501436"
"1290","bkbmag1","Black-billed Magpie","Pica hudsonia","L823675","Arctic Valley Rd.","2025-10-20 09:34",1,61.2350621,-149.569931,TRUE,FALSE,FALSE,"S280524631"
"1291","bkbmag1","Black-billed Magpie","Pica hudsonia","L1249738","Orchard Mesa Wildlife Area","2025-10-20 09:30",4,39.0514518,-108.4934235,TRUE,FALSE,FALSE,"S280539556"
"1292","bkbmag1","Black-billed Magpie","Pica hudsonia","L10066781","Dirty Woman Park","2025-10-20 09:30",2,39.0826307,-104.8718513,TRUE,FALSE,FALSE,"S280542236"
"1293","bkbmag1","Black-billed Magpie","Pica hudsonia","L571919","Queens Canyon","2025-10-20 09:22",9,38.8920683,-104.8856592,TRUE,FALSE,FALSE,"S280519285"
"1294","bkbmag1","Black-billed Magpie","Pica hudsonia","L3946765","Dupont Open Space","2025-10-20 09:20",4,39.4827852,-105.0026357,TRUE,FALSE,FALSE,"S280516472"
"1295","bkbmag1","Black-billed Magpie","Pica hudsonia","L51194930","IAWP_point count 2","2025-10-20 09:19",3,45.681168,-111.019006,TRUE,FALSE,TRUE,"S280498455"
"1296","bkbmag1","Black-billed Magpie","Pica hudsonia","L13288053","Cherry Creek SP-East shades","2025-10-20 09:17",4,39.643109,-104.84725,TRUE,FALSE,TRUE,"S280572875"
"1297","bkbmag1","Black-billed Magpie","Pica hudsonia","L15576711","Madison River--Lyons Bridge FAS to Windy Point Boat Launch","2025-10-20 09:15",2,44.9249522,-111.6074405,TRUE,FALSE,TRUE,"S280556304"
"1298","bkbmag1","Black-billed Magpie","Pica hudsonia","L1607804","Beebe Springs Natural Area","2025-10-20 09:13",1,47.8209727,-119.9729053,TRUE,FALSE,FALSE,"S280519528"
"1299","bkbmag1","Black-billed Magpie","Pica hudsonia","L4692487","Umatilla Marina Park","2025-10-20 09:12",1,45.9239464,-119.3308032,TRUE,FALSE,FALSE,"S280530017"
"1300","bkbmag1","Black-billed Magpie","Pica hudsonia","L54155424","Alcova Reservoir— Cottonwood Beach CG","2025-10-20 09:10",1,42.523856,-106.745984,TRUE,FALSE,TRUE,"S280545855"
"1301","bkbmag1","Black-billed Magpie","Pica hudsonia","L597821","Otter Creek Reservoir","2025-10-20 09:09",4,38.1667523,-112.0166016,TRUE,FALSE,FALSE,"S280553975"
"1302","bkbmag1","Black-billed Magpie","Pica hudsonia","L18650454","Santa Cruz Lake overlook campground","2025-10-20 09:07",1,35.964999,-105.919546,TRUE,FALSE,TRUE,"S280504413"
"1303","bkbmag1","Black-billed Magpie","Pica hudsonia","L54278961","US-89, Kanab US-UT 37.41603, -112.54691","2025-10-20 09:04",1,37.416027,-112.546914,TRUE,FALSE,TRUE,"S280494725"
"1304","bkbmag1","Black-billed Magpie","Pica hudsonia","L4721751","Mont Pelier - Yard","2025-10-20 09:03",3,39.384563,-119.8256247,TRUE,FALSE,TRUE,"S280699933"
"1305","bkbmag1","Black-billed Magpie","Pica hudsonia","L953673","Custer SP--Prairie Trail","2025-10-20 09:03",3,43.6579681,-103.4143925,TRUE,FALSE,FALSE,"S280507872"
"1306","bkbmag1","Black-billed Magpie","Pica hudsonia","L13834659","8756 E Lehigh Ave, Denver US-CO 39.64724, -104.88663","2025-10-20 09:02",2,39.647241,-104.886632,TRUE,FALSE,TRUE,"S280500027"
"1307","bkbmag1","Black-billed Magpie","Pica hudsonia","L1973116","Scott M. Matheson Wetlands Preserve","2025-10-20 09:00",1,38.5696428,-109.5556641,TRUE,FALSE,TRUE,"S280541860"
"1308","bkbmag1","Black-billed Magpie","Pica hudsonia","L3372558","Snowshoe Lane Durango COLORADO","2025-10-20 09:00",1,37.3850601,-107.8631258,TRUE,FALSE,TRUE,"S280548098"
"1309","bkbmag1","Black-billed Magpie","Pica hudsonia","L282353","Colorado River SP--Connected Lakes section","2025-10-20 09:00",3,39.0836729,-108.6113885,TRUE,FALSE,FALSE,"S280520562"
"1310","bkbmag1","Black-billed Magpie","Pica hudsonia","L158589","Lake Helena WMA","2025-10-20 08:58",1,46.701,-111.9584,TRUE,FALSE,FALSE,"S280501622"
"1311","bkbmag1","Black-billed Magpie","Pica hudsonia","L51199721","IAWP-point count 6","2025-10-20 08:57",3,45.680934,-111.015741,TRUE,FALSE,TRUE,"S280494313"
"1312","bkbmag1","Black-billed Magpie","Pica hudsonia","L4132617","Monument Wastewater Treatment Plant","2025-10-20 08:55",6,39.072778,-104.8733425,TRUE,FALSE,FALSE,"S280540776"
"1313","bkbmag1","Black-billed Magpie","Pica hudsonia","L54280941","Centerville Lane, Gardnerville, Nevada, US","2025-10-20 08:52",1,38.9103823,-119.7690898,TRUE,FALSE,TRUE,"S280504895"
"1314","bkbmag1","Black-billed Magpie","Pica hudsonia","L268126","River Lane","2025-10-20 08:51",1,40.1662735,-111.737139,TRUE,FALSE,FALSE,"S280508007"
"1315","bkbmag1","Black-billed Magpie","Pica hudsonia","L798569","Rock Canyon","2025-10-20 08:51",1,40.2638741,-111.6266727,TRUE,FALSE,FALSE,"S280631606"
"1316","bkbmag1","Black-billed Magpie","Pica hudsonia","L51198737","IAWP_point count 5","2025-10-20 08:45",2,45.679858,-111.014432,TRUE,FALSE,TRUE,"S280492525"
"1317","bkbmag1","Black-billed Magpie","Pica hudsonia","L265765","Potholes SP","2025-10-20 08:45",1,46.9809077,-119.3508177,TRUE,FALSE,FALSE,"S280552710"
"1318","bkbmag1","Black-billed Magpie","Pica hudsonia","L168451","Jerry Creek SWA","2025-10-20 08:43",2,39.1922187,-108.11064,TRUE,FALSE,FALSE,"S280549835"
"1319","bkbmag1","Black-billed Magpie","Pica hudsonia","L616871","Winnemucca--Bridge Street crossing","2025-10-20 08:41",1,40.9763341,-117.7385902,TRUE,FALSE,FALSE,"S280503226"
"1320","bkbmag1","Black-billed Magpie","Pica hudsonia","L54155462","Alcova Reservoir—Black Beach CG","2025-10-20 08:40",1,42.536218,-106.716085,TRUE,FALSE,TRUE,"S280493682"
"1321","bkbmag1","Black-billed Magpie","Pica hudsonia","L54280112","Volcanic Legacy Scenic Byway, Dorris, California, US (41.877, -121.976)","2025-10-20 08:37",1,41.8771083,-121.9756083,TRUE,FALSE,TRUE,"S280500527"
"1322","bkbmag1","Black-billed Magpie","Pica hudsonia","L12962521","my yard","2025-10-20 08:35",1,46.7293674,-117.1854484,TRUE,FALSE,TRUE,"S280580719"
"1323","bkbmag1","Black-billed Magpie","Pica hudsonia","L54278530","5822–5846 E US Highway 12, East Helena US-MT 46.54917, -111.75511","2025-10-20 08:28",4,46.54917,-111.755114,TRUE,FALSE,TRUE,"S280492474"
"1324","bkbmag1","Black-billed Magpie","Pica hudsonia","L19532222","Plymouth Creek Trail","2025-10-20 08:27",1,39.530541,-105.163578,TRUE,FALSE,TRUE,"S280690949"
"1325","bkbmag1","Black-billed Magpie","Pica hudsonia","L51197693","IAWP_point count 4","2025-10-20 08:26",2,45.679044,-111.016103,TRUE,FALSE,TRUE,"S280488970"
"1326","bkbmag1","Black-billed Magpie","Pica hudsonia","L3601806","My yard - west Billings","2025-10-20 08:25",1,45.776204,-108.642857,TRUE,FALSE,TRUE,"S280493993"
"1327","bkbmag1","Black-billed Magpie","Pica hudsonia","L54277970","3674 S Virginia St, Reno US-NV 39.49019, -119.79273","2025-10-20 08:22",1,39.490194,-119.792733,TRUE,FALSE,TRUE,"S280504279"
"1328","bkbmag1","Black-billed Magpie","Pica hudsonia","L5589828","High Chaparral Open Space","2025-10-20 08:20",1,38.9075319,-104.7225165,TRUE,FALSE,FALSE,"S280491356"
"1329","bkbmag1","Black-billed Magpie","Pica hudsonia","L2153413","Central City Reservoir","2025-10-20 08:19",1,39.8171323,-105.5355906,TRUE,FALSE,FALSE,"S280494223"
"1330","bkbmag1","Black-billed Magpie","Pica hudsonia","L36040281","James Kinney Fishing Pond Park","2025-10-20 08:14",3,40.995128,-117.72127,TRUE,FALSE,FALSE,"S280499062"
"1331","bkbmag1","Black-billed Magpie","Pica hudsonia","L24738592","Joyful Journey Hot Springs (private)","2025-10-20 08:09",1,38.168608,-105.9254551,TRUE,FALSE,FALSE,"S280486412"
"1332","bkbmag1","Black-billed Magpie","Pica hudsonia","L54283303","Jean Robocker Farm (private access)","2025-10-20 08:08",6,48.171074,-114.195922,TRUE,FALSE,TRUE,"S280515863"
"1333","bkbmag1","Black-billed Magpie","Pica hudsonia","L29003441","Lakeview Pkwy, Provo US-UT (40.2526,-111.7227)","2025-10-20 08:06",2,40.252614,-111.722709,TRUE,FALSE,TRUE,"S280498272"
"1334","bkbmag1","Black-billed Magpie","Pica hudsonia","L18117753","Mont Pelier - Lower Thomas Ck - R2km","2025-10-20 08:05",1,39.3909738,-119.8276208,TRUE,FALSE,TRUE,"S280504961"
"1335","bkbmag1","Black-billed Magpie","Pica hudsonia","L54327964","SH-65, Palisade US-CO 39.18113, -108.27384","2025-10-20 08:03",4,39.18113,-108.273838,TRUE,FALSE,TRUE,"S280730723"
"1336","bkbmag1","Black-billed Magpie","Pica hudsonia","L318143","Spring Valley Reservoir","2025-10-20 07:58",4,46.7849434,-116.7572961,TRUE,FALSE,FALSE,"S280502325"
"1337","bkbmag1","Black-billed Magpie","Pica hudsonia","L793930","Wheat Ridge Greenbelt--Prospect Park & Lake","2025-10-20 07:57",2,39.7760558,-105.1254487,TRUE,FALSE,FALSE,"S280495117"
"1338","bkbmag1","Black-billed Magpie","Pica hudsonia","L44422636","E Mission Ave, Liberty Lake US-WA (47.6714,-117.1312)","2025-10-20 07:56",1,47.671433,-117.131184,TRUE,FALSE,TRUE,"S280493261"
"1339","bkbmag1","Black-billed Magpie","Pica hudsonia","L752930","Hotchkiss Ln.--WTP Ponds (restricted access)","2025-10-20 07:54",1,43.5551186,-119.0707684,TRUE,FALSE,FALSE,"S280495609"
"1340","bkbmag1","Black-billed Magpie","Pica hudsonia","L4665540","Riverside Park (Union Co.)","2025-10-20 07:54",1,45.3429324,-118.0849862,TRUE,FALSE,FALSE,"S280501933"
"1341","bkbmag1","Black-billed Magpie","Pica hudsonia","L24386225","Backyard","2025-10-20 07:50",4,41.03488,-111.920824,TRUE,FALSE,TRUE,"S280576186"
"1342","bkbmag1","Black-billed Magpie","Pica hudsonia","L505634","Ophir Canyon ","2025-10-20 07:49",2,40.3785001,-112.2406518,TRUE,FALSE,FALSE,"S280517471"
"1343","bkbmag1","Black-billed Magpie","Pica hudsonia","L17673386","377 Spring Creek Road, Denver, Colorado, US (39.634, -104.892)Home","2025-10-20 07:40",1,39.6338387,-104.8917619,TRUE,FALSE,TRUE,"S280480158"
"1344","bkbmag1","Black-billed Magpie","Pica hudsonia","L819883","Cherry Creek SP--Marina & nearby Dam Trail","2025-10-20 07:34",3,39.640339,-104.8701239,TRUE,FALSE,FALSE,"S280501825"
"1345","bkbmag1","Black-billed Magpie","Pica hudsonia","L40908433","Idaho Falls Country Club area","2025-10-20 07:32",13,43.394459,-111.987686,TRUE,FALSE,TRUE,"S280482000"
"1346","bkbmag1","Black-billed Magpie","Pica hudsonia","L24793916","Home","2025-10-20 07:30",1,38.919775,-104.772396,TRUE,FALSE,TRUE,"S280570109"
"1347","bkbmag1","Black-billed Magpie","Pica hudsonia","L24308708","Paradise Valley (town only)","2025-10-20 07:27",22,41.493259,-117.534737,TRUE,FALSE,FALSE,"S280509369"
"1348","bkbmag1","Black-billed Magpie","Pica hudsonia","L473975","Cheyenne Mountain SP","2025-10-20 07:23",2,38.7311714,-104.8223591,TRUE,FALSE,FALSE,"S280496153"
"1349","bkbmag1","Black-billed Magpie","Pica hudsonia","L11912270","BYU Idaho--Ricks Gardens","2025-10-20 07:17",1,43.8160229,-111.7822402,TRUE,FALSE,FALSE,"S280668034"
"1350","bkbmag1","Black-billed Magpie","Pica hudsonia","L3974568","Metzger Farm Open Space","2025-10-20 07:10",10,39.9176223,-105.0297177,TRUE,FALSE,FALSE,"S280486448"
"1351","bkbmag1","Black-billed Magpie","Pica hudsonia","L1388304","City Creek Canyon--Memory Grove","2025-10-20 07:10",8,40.7792699,-111.8843619,TRUE,FALSE,FALSE,"S280534743"
"1352","bkbmag1","Black-billed Magpie","Pica hudsonia","L54338147","South Table Mountain Tertiary Trail","2025-10-20 06:59",2,39.747237,-105.165368,TRUE,FALSE,TRUE,"S280781539"
"1353","bkbmag1","Black-billed Magpie","Pica hudsonia","L388446","Northrup Canyon","2025-10-20 06:52",3,47.8672,-119.08134,TRUE,FALSE,FALSE,"S280572712"
"1354","bkbmag1","Black-billed Magpie","Pica hudsonia","L690559","Monument--Monument Lake","2025-10-20 06:50",9,39.0903007,-104.8784494,TRUE,FALSE,FALSE,"S280531441"
"1355","bkbmag1","Black-billed Magpie","Pica hudsonia","L11921486","Chemult (town)","2025-10-20 06:30",3,43.216364,-121.783202,TRUE,FALSE,FALSE,"S280716662"
"1356","bkbmag1","Black-billed Magpie","Pica hudsonia","L54263638","Provo River Delta","2025-10-19 18:57",1,40.2422707,-111.720256,TRUE,FALSE,TRUE,"S280420117"
"1357","bkbmag1","Black-billed Magpie","Pica hudsonia","L54295326","1–29 Uttechts Hill Rd, Cold Bay US-AK","2025-10-19 18:46",1,55.195496,-162.698056,TRUE,FALSE,TRUE,"S280572532"
"1358","bkbmag1","Black-billed Magpie","Pica hudsonia","L54184207","Colorado Springs","2025-10-19 18:13",3,38.9368896,-104.8001633,TRUE,FALSE,TRUE,"S280417205"
"1359","bkbmag1","Black-billed Magpie","Pica hudsonia","L1502605","Cherry River FAS","2025-10-19 17:53",30,45.7110534,-111.0505077,TRUE,FALSE,FALSE,"S280417652"
"1360","bkbmag1","Black-billed Magpie","Pica hudsonia","L54262187","Idaho 52, Horseshoe Bend, Idaho, US (43.917, -116.28)","2025-10-19 17:52",2,43.9173791,-116.2795043,TRUE,FALSE,TRUE,"S280413223"
"1361","bkbmag1","Black-billed Magpie","Pica hudsonia","L474280","3200 West (SLC Airport to 3200 N)","2025-10-19 17:41",2,40.828359,-111.9680222,TRUE,FALSE,FALSE,"S280417267"
"1362","bkbmag1","Black-billed Magpie","Pica hudsonia","L10308240","941 Road 7, Powell, Wyoming, US (44.748, -108.719)","2025-10-19 17:36",1,44.7476445,-108.7189731,TRUE,FALSE,TRUE,"S280427110"
"1363","bkbmag1","Black-billed Magpie","Pica hudsonia","L3748956","Myer's View Park","2025-10-19 17:29",7,45.6747955,-110.5345184,TRUE,FALSE,FALSE,"S280418002"
"1364","bkbmag1","Black-billed Magpie","Pica hudsonia","L1532005","Cut Off Rd.","2025-10-19 17:28",4,46.918134,-113.0035627,TRUE,FALSE,FALSE,"S280577437"
"1365","bkbmag1","Black-billed Magpie","Pica hudsonia","L37036606","Yugo Hills","2025-10-19 17:28",2,46.755034,-117.172342,TRUE,FALSE,TRUE,"S280565568"
"1366","bkbmag1","Black-billed Magpie","Pica hudsonia","L3068503","Pineridge Natural Area","2025-10-19 17:25",10,40.5420476,-105.1363277,TRUE,FALSE,FALSE,"S280413700"
"1367","bkbmag1","Black-billed Magpie","Pica hudsonia","L7982993","Hot Creek Geological Site","2025-10-19 17:19",1,37.6608212,-118.8286624,TRUE,FALSE,FALSE,"S280536084"
"1368","bkbmag1","Black-billed Magpie","Pica hudsonia","L11792217","The Ranch Neighborhood (Private Community)","2025-10-19 17:14",1,37.417823,-107.829463,TRUE,FALSE,TRUE,"S280413840"
"1369","bkbmag1","Black-billed Magpie","Pica hudsonia","L5382050","Sanderson Gulch Trail","2025-10-19 17:05",1,39.6846333,-105.0395322,TRUE,FALSE,FALSE,"S280430016"
"1370","bkbmag1","Black-billed Magpie","Pica hudsonia","L476632","Washoe Lake SP","2025-10-19 17:03",4,39.2380453,-119.7693604,TRUE,FALSE,FALSE,"S280418795"
"1371","bkbmag1","Black-billed Magpie","Pica hudsonia","L54263264","113 Ambrose Street, Erie, Colorado, US (40.043, -105.044)","2025-10-19 17:00",1,40.0430217,-105.04367,TRUE,FALSE,TRUE,"S280418371"
"1372","bkbmag1","Black-billed Magpie","Pica hudsonia","L54260620","1116 Paseo del Pueblo Norte, El Prado US-NM 36.43024, -105.57553","2025-10-19 16:51",1,36.430238,-105.575525,TRUE,FALSE,TRUE,"S280406292"
"1373","bkbmag1","Black-billed Magpie","Pica hudsonia","L54387580","US-89 S, Layton US-UT 41.06567, -111.91127","2025-10-19 16:50",2,41.065668,-111.911272,TRUE,FALSE,TRUE,"S281026845"
"1374","bkbmag1","Black-billed Magpie","Pica hudsonia","L54261673","1396 Wicklow St, Boulder US-CO 40.01081, -105.14008","2025-10-19 16:49",1,40.010813,-105.140076,TRUE,FALSE,TRUE,"S280410924"
"1375","bkbmag1","Black-billed Magpie","Pica hudsonia","L54261585","12901–13473 N Maple Grove Rd, Preston US-ID 42.33728, -111.71214","2025-10-19 16:48",1,42.337285,-111.712139,TRUE,FALSE,TRUE,"S280410523"
"1376","bkbmag1","Black-billed Magpie","Pica hudsonia","L1220189","Carson NF--Palo Flechado Pass","2025-10-19 16:44",14,36.4146691,-105.3365922,TRUE,FALSE,FALSE,"S280506750"
"1377","bkbmag1","Black-billed Magpie","Pica hudsonia","L54261200","Tumbleweed Dr, Helena US-MT 46.65396, -112.07249","2025-10-19 16:41",1,46.653961,-112.072487,TRUE,FALSE,TRUE,"S280408911"
"1378","bkbmag1","Black-billed Magpie","Pica hudsonia","L2265481","Brotherhood Bridge Trail","2025-10-19 16:38",1,58.3711175,-134.6019495,TRUE,FALSE,FALSE,"S280421260"
"1379","bkbmag1","Black-billed Magpie","Pica hudsonia","L499524","Idaho Shakespeare Festival Grounds","2025-10-19 16:34",1,43.5620771,-116.1157036,TRUE,FALSE,FALSE,"S280426719"
"1380","bkbmag1","Black-billed Magpie","Pica hudsonia","L18757373","Washoe Lake SP--South Beach & Willow Beach area","2025-10-19 16:33",9,39.2337982,-119.7773069,TRUE,FALSE,FALSE,"S280414114"
"1381","bkbmag1","Black-billed Magpie","Pica hudsonia","L23148849","s franklin greenwood village, co","2025-10-19 16:30",2,39.6157733,-104.9692602,TRUE,FALSE,TRUE,"S280428609"
"1382","bkbmag1","Black-billed Magpie","Pica hudsonia","L804036","Chatfield SP--Marina Sandspit","2025-10-19 16:30",2,39.5436321,-105.0576639,TRUE,FALSE,FALSE,"S280171003"
"1383","bkbmag1","Black-billed Magpie","Pica hudsonia","L2376984","Homer--Beluga Lake (east end & overlook)","2025-10-19 16:26",1,59.6446348,-151.4919913,TRUE,FALSE,FALSE,"S280417724"
"1384","bkbmag1","Black-billed Magpie","Pica hudsonia","L11683903","Young Gulch Trail","2025-10-19 16:08",3,40.6776199,-105.348945,TRUE,FALSE,FALSE,"S280495260"
"1385","bkbmag1","Black-billed Magpie","Pica hudsonia","L2907384","Morgan Bar Recreation Site","2025-10-19 15:53",2,45.2531,-113.9075,TRUE,FALSE,FALSE,"S280407685"
"1386","bkbmag1","Black-billed Magpie","Pica hudsonia","L826067","Chief Joseph Dam (Douglas Co.)","2025-10-19 15:52",1,47.9919034,-119.6276679,TRUE,FALSE,FALSE,"S280425586"
"1387","bkbmag1","Black-billed Magpie","Pica hudsonia","L6860732","Bancroft Pond","2025-10-19 15:43",1,46.838266,-114.0102768,TRUE,FALSE,FALSE,"S280400214"
"1388","bkbmag1","Black-billed Magpie","Pica hudsonia","L751392","Middle Fork WMA","2025-10-19 15:42",1,41.2958333,-111.7547222,TRUE,FALSE,FALSE,"S280408973"
"1389","bkbmag1","Black-billed Magpie","Pica hudsonia","L54258293","14237–14699 N County Road 11, Wellington US-CO 40.79742, -105.03883","2025-10-19 15:26",2,40.797418,-105.038831,TRUE,FALSE,TRUE,"S280395556"
"1390","bkbmag1","Black-billed Magpie","Pica hudsonia","L15611225","Taylor Canyon Trail","2025-10-19 15:24",1,41.2144773,-111.9201941,TRUE,FALSE,FALSE,"S280427292"
"1391","bkbmag1","Black-billed Magpie","Pica hudsonia","L8825565","Marbleton WTP","2025-10-19 15:20",6,42.5577737,-110.0910559,TRUE,FALSE,FALSE,"S280865348"
"1392","bkbmag1","Black-billed Magpie","Pica hudsonia","L8253188","43ZN Rd","2025-10-19 15:15",1,38.1346712,-108.279075,TRUE,FALSE,TRUE,"S281020827"
"1393","bkbmag1","Black-billed Magpie","Pica hudsonia","L13431634","22928 Whisper Creek Dr, Middleton US-ID 43.70565, -116.57745","2025-10-19 15:13",1,43.705654,-116.57745,TRUE,FALSE,TRUE,"S280424509"
"1394","bkbmag1","Black-billed Magpie","Pica hudsonia","L54257362","3638–4438 US-160, Mancos US-CO 37.32474, -108.14763","2025-10-19 15:12",3,37.324739,-108.147633,TRUE,FALSE,TRUE,"S280391418"
"1395","bkbmag1","Black-billed Magpie","Pica hudsonia","L150537","Willard Bay SP","2025-10-19 15:12",6,41.4151829,-112.0552683,TRUE,FALSE,FALSE,"S280425058"
"1396","bkbmag1","Black-billed Magpie","Pica hudsonia","L561441","Tongass NF--Moose Lake area","2025-10-19 15:05",1,58.4057814,-134.5713186,TRUE,FALSE,FALSE,"S280414632"
"1397","bkbmag1","Black-billed Magpie","Pica hudsonia","L3577962","Riverside Cemetery (Adams Co. section)","2025-10-19 15:04",2,39.7947544,-104.9621773,TRUE,FALSE,FALSE,"S280396121"
"1398","bkbmag1","Black-billed Magpie","Pica hudsonia","L12043122","Broadie Habitat Preserve","2025-10-19 15:00",5,48.8781247,-115.6567598,TRUE,FALSE,TRUE,"S280805041"
"1399","bkbmag1","Black-billed Magpie","Pica hudsonia","L54261148","306 Dakota Dr, Grand Junction US-CO (39.0487,-108.6438)","2025-10-19 15:00",1,39.048708,-108.643828,TRUE,FALSE,TRUE,"S280408664"
"1400","bkbmag1","Black-billed Magpie","Pica hudsonia","L1336516","Four Dances Natural Area","2025-10-19 15:00",2,45.7796283,-108.4733313,TRUE,FALSE,FALSE,"S280427574"
"1401","bkbmag1","Black-billed Magpie","Pica hudsonia","L2708061","Glacier Bay NP--Moose Flats","2025-10-19 15:00",1,58.4513637,-135.7815034,TRUE,FALSE,FALSE,"S280437989"
"1402","bkbmag1","Black-billed Magpie","Pica hudsonia","L27415749","Mud Lake, CO","2025-10-19 15:00",NA,39.97719,-105.510035,TRUE,FALSE,TRUE,"S280902765"
"1403","bkbmag1","Black-billed Magpie","Pica hudsonia","L54256824","SR-177 N, Kaysville US-UT 41.03786, -111.99700","2025-10-19 14:56",1,41.037855,-111.997005,TRUE,FALSE,TRUE,"S280388838"
"1404","bkbmag1","Black-billed Magpie","Pica hudsonia","L1277626","Leonhardt Ranch--Learning Landscapes site","2025-10-19 14:50",2,39.9400721,-120.9390986,TRUE,FALSE,FALSE,"S280407524"
"1405","bkbmag1","Black-billed Magpie","Pica hudsonia","L54290609","6944 County Road 23, Missoula, Montana, US (46.987, -114.097)","2025-10-19 14:47",35,46.9867087,-114.0968743,TRUE,FALSE,TRUE,"S280549189"
"1406","bkbmag1","Black-billed Magpie","Pica hudsonia","L2675700","Ken Caryl Valley - Ken Caryl Ranch Community Center","2025-10-19 14:47",2,39.5757677,-105.1530868,TRUE,FALSE,TRUE,"S280387540"
"1407","bkbmag1","Black-billed Magpie","Pica hudsonia","L27938606","Lalen Lake","2025-10-19 14:43",2,61.608195,-149.69216,TRUE,FALSE,TRUE,"S280406731"
"1408","bkbmag1","Black-billed Magpie","Pica hudsonia","L13196924","31229–32199 Emert Rd, Echo US-OR 45.76236, -119.23664","2025-10-19 14:40",8,45.762361,-119.236639,TRUE,FALSE,TRUE,"S280400044"
"1409","bkbmag1","Black-billed Magpie","Pica hudsonia","L39110339","Commerce City, Colorado, US (39.794, -104.963)","2025-10-19 14:31",2,39.7941353,-104.9625628,TRUE,FALSE,TRUE,"S280388747"
"1410","bkbmag1","Black-billed Magpie","Pica hudsonia","L54263234","78934–78950 CR-20, Prairie City US-OR 44.62165, -118.58051","2025-10-19 14:23",1,44.621646,-118.580507,TRUE,FALSE,TRUE,"S280418224"
"1411","bkbmag1","Black-billed Magpie","Pica hudsonia","L14285490","30248–30588 Stanfield Meadows Rd, Stanfield US-OR 45.78444, -119.30662","2025-10-19 14:19",4,45.784442,-119.306618,TRUE,FALSE,TRUE,"S280395254"
"1412","bkbmag1","Black-billed Magpie","Pica hudsonia","L13875923","Sand Creek Park (Douglas Co.)","2025-10-19 14:12",3,39.5561766,-104.9643793,TRUE,FALSE,FALSE,"S280393030"
"1413","bkbmag1","Black-billed Magpie","Pica hudsonia","L48286048","Kincaid Park, Lekisch Trail, Anchorage US-AK 61.15237, -150.04870","2025-10-19 14:12",1,61.152369,-150.048703,TRUE,FALSE,TRUE,"S280407469"
"1414","bkbmag1","Black-billed Magpie","Pica hudsonia","L54260147","Dakota","2025-10-19 14:10",2,39.0487521,-108.6438466,TRUE,FALSE,TRUE,"S280406680"
"1415","bkbmag1","Black-billed Magpie","Pica hudsonia","L585126","Palmer Hay Flats SGR--Reflections Lake","2025-10-19 14:10",1,61.4860865,-149.2568207,TRUE,FALSE,FALSE,"S280405994"
"1416","bkbmag1","Black-billed Magpie","Pica hudsonia","L54257888","starbucks drivethru","2025-10-19 14:10",1,39.5760133,-119.7402905,TRUE,FALSE,TRUE,"S280395651"
"1417","bkbmag1","Black-billed Magpie","Pica hudsonia","L3521005","Cook Park","2025-10-19 14:03",1,39.6875396,-104.9104428,TRUE,FALSE,FALSE,"S280388588"
"1418","bkbmag1","Black-billed Magpie","Pica hudsonia","L29260560","Tyler’s House","2025-10-19 14:00",1,43.56927,-112.039145,TRUE,FALSE,TRUE,"S280662553"
"1419","bkbmag1","Black-billed Magpie","Pica hudsonia","L5835797","Steel Bridge Road","2025-10-19 13:56",2,48.1874112,-114.2430207,TRUE,FALSE,FALSE,"S280380350"
"1420","bkbmag1","Black-billed Magpie","Pica hudsonia","L13757060","Auke Creek","2025-10-19 13:52",1,58.3808101,-134.6414128,TRUE,FALSE,TRUE,"S280397687"
"1421","bkbmag1","Black-billed Magpie","Pica hudsonia","L6501324","Kodiak Is.--Buskin River-beaver ponds","2025-10-19 13:50",1,57.7663118,-152.5160504,TRUE,FALSE,FALSE,"S280399978"
"1422","bkbmag1","Black-billed Magpie","Pica hudsonia","L12293358","Home 466 S Youngfield Cir, Lakewood US-CO 39.71011, -105.14637","2025-10-19 13:48",2,39.710106,-105.14637,TRUE,FALSE,TRUE,"S280513779"
"1423","bkbmag1","Black-billed Magpie","Pica hudsonia","L1267771","Billings--Two Moon Park","2025-10-19 13:47",2,45.8092127,-108.461709,TRUE,FALSE,FALSE,"S280393130"
"1424","bkbmag1","Black-billed Magpie","Pica hudsonia","L4560321","Littleton Farm","2025-10-19 13:45",1,39.6062665,-105.0403744,TRUE,FALSE,TRUE,"S280393852"
"1425","bkbmag1","Black-billed Magpie","Pica hudsonia","L31050060","63800 Pine Tree Rd, Enterprise US-OR 45.35681, -117.29336","2025-10-19 13:41",2,45.356808,-117.293359,TRUE,FALSE,TRUE,"S280396254"
"1426","bkbmag1","Black-billed Magpie","Pica hudsonia","L199105","Mayor's Pond","2025-10-19 13:40",2,41.5035687,-111.9987511,TRUE,FALSE,FALSE,"S280414736"
"1427","bkbmag1","Black-billed Magpie","Pica hudsonia","L54289146","6 Chelan Hills Acres Road, Orondo, Washington, US (47.791, -119.984)","2025-10-19 13:38",1,47.7910375,-119.9844337,TRUE,FALSE,TRUE,"S280541986"
"1428","bkbmag1","Black-billed Magpie","Pica hudsonia","L25414955","County Road 119 N, Longmont US-CO 40.16060, -104.97832","2025-10-19 13:36",1,40.160604,-104.978321,TRUE,FALSE,TRUE,"S280386458"
"1429","bkbmag1","Black-billed Magpie","Pica hudsonia","L12140252","Buckskin Cir","2025-10-19 13:30",4,39.5850114,-107.5288978,TRUE,FALSE,TRUE,"S280402543"
"1430","bkbmag1","Black-billed Magpie","Pica hudsonia","L554724","Eldorado Mountain Open Space","2025-10-19 13:30",3,39.9256011,-105.2762747,TRUE,FALSE,FALSE,"S280406287"
"1431","bkbmag1","Black-billed Magpie","Pica hudsonia","L54253875","411 North 3rd Avenue, Bozeman, Montana, US (45.684, -111.041)","2025-10-19 13:30",2,45.6835493,-111.0414523,TRUE,FALSE,TRUE,"S280375804"
"1432","bkbmag1","Black-billed Magpie","Pica hudsonia","L54274779","U.S. 97, Ellensburg, Washington, US (46.919, -120.486)","2025-10-19 13:28",4,46.9188723,-120.4863661,TRUE,FALSE,TRUE,"S280471285"
"1433","bkbmag1","Black-billed Magpie","Pica hudsonia","L4451115","Frenchtown Gravel Pits","2025-10-19 13:27",4,47.0292283,-114.2983031,TRUE,FALSE,FALSE,"S280561829"
"1434","bkbmag1","Black-billed Magpie","Pica hudsonia","L3038809","Tucannon Road","2025-10-19 13:24",8,46.425498,-117.7294922,TRUE,FALSE,FALSE,"S280426791"
"1435","bkbmag1","Black-billed Magpie","Pica hudsonia","L18243950","Fort Boise Observation Tower","2025-10-19 13:22",2,43.821631,-117.00893,TRUE,FALSE,TRUE,"S280379431"
"1436","bkbmag1","Black-billed Magpie","Pica hudsonia","L1141050","Laramie Plains Lakes--Meeboer Lake","2025-10-19 13:17",2,41.2149499,-105.8219433,TRUE,FALSE,FALSE,"S280381687"
"1437","bkbmag1","Black-billed Magpie","Pica hudsonia","L54256260","Cherry Creek State Park, Greenwood Village US-CO 39.62783, -104.85028","2025-10-19 13:17",7,39.627834,-104.850285,TRUE,FALSE,TRUE,"S280386144"
"1438","bkbmag1","Black-billed Magpie","Pica hudsonia","L190275","Carson Lake","2025-10-19 13:16",1,39.33693,-118.734726,TRUE,FALSE,FALSE,"S280435955"
"1439","bkbmag1","Black-billed Magpie","Pica hudsonia","L10040821","Kodiak Is.--Potatopatch Lake","2025-10-19 13:15",4,57.7977524,-152.3767774,TRUE,FALSE,FALSE,"S280419541"
"1440","bkbmag1","Black-billed Magpie","Pica hudsonia","L54261603","12901–13473 N Maple Grove Rd, Preston US-ID 42.33105, -111.71680","2025-10-19 13:11",1,42.331053,-111.716795,TRUE,FALSE,TRUE,"S280410604"
"1441","bkbmag1","Black-billed Magpie","Pica hudsonia","L1431997","Seward--Lowell Point Rd.","2025-10-19 13:09",2,60.0920271,-149.4438457,TRUE,FALSE,FALSE,"S280393499"
"1442","bkbmag1","Black-billed Magpie","Pica hudsonia","L1406955","Sierra Valley--Sattley area","2025-10-19 13:06",1,39.6156337,-120.4255379,TRUE,FALSE,FALSE,"S280382002"
"1443","bkbmag1","Black-billed Magpie","Pica hudsonia","L724744","Arctic Valley Ski Area","2025-10-19 12:57",2,61.2467075,-149.535234,TRUE,FALSE,FALSE,"S280401713"
"1444","bkbmag1","Black-billed Magpie","Pica hudsonia","L54265384","Randall Reservoir","2025-10-19 12:55",2,36.380234,-105.56192,TRUE,FALSE,TRUE,"S280428019"
"1445","bkbmag1","Black-billed Magpie","Pica hudsonia","L54265377","930 Calle Conquistador, Taos US-NM (36.3817,-105.5752)","2025-10-19 12:47",1,36.381738,-105.57524,TRUE,FALSE,TRUE,"S280427973"
"1446","bkbmag1","Black-billed Magpie","Pica hudsonia","L16268482","Elko East gravel pits, US-NV (40.8445,-115.7436)","2025-10-19 12:47",2,40.844527,-115.743642,TRUE,FALSE,TRUE,"S280388589"
"1447","bkbmag1","Black-billed Magpie","Pica hudsonia","L54251877","4325 S Hoyt St, Littleton US-CO 39.63812, -105.10420","2025-10-19 12:40",2,39.638119,-105.104198,TRUE,FALSE,TRUE,"S280367262"
"1448","bkbmag1","Black-billed Magpie","Pica hudsonia","L16469707","2647 N Chelton Rd, Colorado Springs US-CO 38.87039, -104.77517","2025-10-19 12:40",1,38.870394,-104.775168,TRUE,FALSE,TRUE,"S280369926"
"1449","bkbmag1","Black-billed Magpie","Pica hudsonia","L54264467","411 N Third, Bozeman, MT","2025-10-19 12:35",4,45.6834035,-111.0415893,TRUE,FALSE,TRUE,"S280377326"
"1450","bkbmag1","Black-billed Magpie","Pica hudsonia","L2074081","Jordan River Parkway--Bangerter Hwy to 14600 S","2025-10-19 12:29",1,40.4877586,-111.9273629,TRUE,FALSE,FALSE,"S280374791"
"1451","bkbmag1","Black-billed Magpie","Pica hudsonia","L15991959","318 W 200 S, Moab US-UT 38.57038, -109.55701","2025-10-19 12:27",1,38.570377,-109.557006,TRUE,FALSE,TRUE,"S280429316"
"1452","bkbmag1","Black-billed Magpie","Pica hudsonia","L29104062","24th Road and J road","2025-10-19 12:23",1,39.134919,-108.6079813,TRUE,FALSE,TRUE,"S280371820"
"1453","bkbmag1","Black-billed Magpie","Pica hudsonia","L17337703","Glen Park & Sundance Canyon","2025-10-19 12:23",3,39.117463,-104.919101,TRUE,FALSE,FALSE,"S280400417"
"1454","bkbmag1","Black-billed Magpie","Pica hudsonia","L12139276","Toivo Malm Trail Network","2025-10-19 12:21",1,37.4581125,-105.8546157,TRUE,FALSE,FALSE,"S280369407"
"1455","bkbmag1","Black-billed Magpie","Pica hudsonia","L1252141","Falcon Ridge - Cub Creek","2025-10-19 12:14",3,39.5946769,-105.3377295,TRUE,FALSE,TRUE,"S280373307"
"1456","bkbmag1","Black-billed Magpie","Pica hudsonia","L165460","Horseshoe Reservoir","2025-10-19 12:14",1,40.44303,-105.05396,TRUE,FALSE,FALSE,"S280366245"
"1457","bkbmag1","Black-billed Magpie","Pica hudsonia","L4016478","Lake Rhoda","2025-10-19 12:13",1,39.7812999,-105.0579429,TRUE,FALSE,FALSE,"S280365160"
"1458","bkbmag1","Black-billed Magpie","Pica hudsonia","L54254358","408 N Third Ave, Bozeman US-MT (45.6833,-111.0413)","2025-10-19 12:10",4,45.683323,-111.041326,TRUE,FALSE,TRUE,"S280377849"
"1459","bkbmag1","Black-billed Magpie","Pica hudsonia","L559954","Lamb's Canyon","2025-10-19 12:06",1,40.7233235,-111.6625071,TRUE,FALSE,FALSE,"S280425873"
"1460","bkbmag1","Black-billed Magpie","Pica hudsonia","L24321018","Sawtooth Vista, Stanley, Idaho, USA","2025-10-19 12:04",1,44.2114597,-114.9416751,TRUE,FALSE,TRUE,"S280414623"
"1461","bkbmag1","Black-billed Magpie","Pica hudsonia","L26864293","Poindexter Slough FAS","2025-10-19 12:02",5,45.1827162,-112.6781838,TRUE,FALSE,FALSE,"S280417233"
"1462","bkbmag1","Black-billed Magpie","Pica hudsonia","L54250747","Mission View Terrace neighborhood","2025-10-19 12:01",1,48.043505,-114.224329,TRUE,FALSE,TRUE,"S280362487"
"1463","bkbmag1","Black-billed Magpie","Pica hudsonia","L283017","Sugarite Canyon SP","2025-10-19 11:59",3,36.9608791,-104.3888275,TRUE,FALSE,FALSE,"S280379976"
"1464","bkbmag1","Black-billed Magpie","Pica hudsonia","L770097","Rocky Mountain NP--Lumpy Ridge Trail","2025-10-19 11:57",1,40.3951546,-105.5086827,TRUE,FALSE,FALSE,"S280363567"
"1465","bkbmag1","Black-billed Magpie","Pica hudsonia","L54293380","18697–18717 290th St NE, Thief River Falls US-MN 48.29336, -96.04656","2025-10-19 11:56",1,48.293365,-96.04656,TRUE,FALSE,TRUE,"S280563375"
"1466","bkbmag1","Black-billed Magpie","Pica hudsonia","L54251408","411 North 3rd Avenue, Bozeman, Montana, US (45.683, -111.041)","2025-10-19 11:52",3,45.6833731,-111.0414949,TRUE,FALSE,TRUE,"S280365340"
"1467","bkbmag1","Black-billed Magpie","Pica hudsonia","L54249714","I-25 N, Castle Rock US-CO 39.48194, -104.87237","2025-10-19 11:46",1,39.481943,-104.872371,TRUE,FALSE,TRUE,"S280357963"
"1468","bkbmag1","Black-billed Magpie","Pica hudsonia","L15555664","4S02","2025-10-19 11:45",1,37.6867187,-118.8500998,TRUE,FALSE,TRUE,"S280426036"
"1469","bkbmag1","Black-billed Magpie","Pica hudsonia","L54251915","Northwest Passage Trail, Winter Park US-CO 39.93388, -105.85559","2025-10-19 11:44",5,39.933878,-105.855595,TRUE,FALSE,TRUE,"S280367437"
"1470","bkbmag1","Black-billed Magpie","Pica hudsonia","L49740901","Antelope Island SP--Mulberry Grove","2025-10-19 11:44",1,40.9503265,-112.1804939,TRUE,FALSE,FALSE,"S280386848"
"1471","bkbmag1","Black-billed Magpie","Pica hudsonia","L54250070","I-25 at the waterfall, Colorado Springs","2025-10-19 11:42",1,38.811595,-104.810799,TRUE,FALSE,TRUE,"S280359557"
"1472","bkbmag1","Black-billed Magpie","Pica hudsonia","L2564125","Chugach SP--Thunderbird Falls Trailhead","2025-10-19 11:41",1,61.44917,-149.37083,TRUE,FALSE,FALSE,"S280380692"
"1473","bkbmag1","Black-billed Magpie","Pica hudsonia","L30189659","Weber Meadowview Ranch","2025-10-19 11:40",3,40.7753621,-111.1861556,TRUE,FALSE,TRUE,"S280366276"
"1474","bkbmag1","Black-billed Magpie","Pica hudsonia","L1672441","Washington State University Arboretum","2025-10-19 11:35",5,46.724792,-117.1418117,TRUE,FALSE,FALSE,"S280431271"
"1475","bkbmag1","Black-billed Magpie","Pica hudsonia","L1167905","Perrine Bridge Lookout","2025-10-19 11:32",2,42.6001037,-114.4536781,TRUE,FALSE,FALSE,"S280357734"
"1476","bkbmag1","Black-billed Magpie","Pica hudsonia","L1210095","Antelope Island SP--Road to Garr Ranch","2025-10-19 11:31",1,40.9836063,-112.1903591,TRUE,FALSE,FALSE,"S280357003"
"1477","bkbmag1","Black-billed Magpie","Pica hudsonia","L35406876","Brown's Loop, Eagle US-CO 39.49914, -106.66687","2025-10-19 11:30",4,39.499142,-106.666872,TRUE,FALSE,TRUE,"S280379774"
"1478","bkbmag1","Black-billed Magpie","Pica hudsonia","L504357","Scofield Reservoir & Vicinity","2025-10-19 11:26",2,39.7553726,-111.1526299,TRUE,FALSE,FALSE,"S280381461"
"1479","bkbmag1","Black-billed Magpie","Pica hudsonia","L4906239","Riverside","2025-10-19 11:25",1,48.5013521,-119.508899,TRUE,FALSE,FALSE,"S280369593"
"1480","bkbmag1","Black-billed Magpie","Pica hudsonia","L1252450","Owens River Rd.--Hot Creek crossing","2025-10-19 11:21",1,37.6757483,-118.8084643,TRUE,FALSE,FALSE,"S280425832"
"1481","bkbmag1","Black-billed Magpie","Pica hudsonia","L5118469","North Platte River Access - Home","2025-10-19 11:15",1,42.8423783,-105.8094764,TRUE,FALSE,TRUE,"S280531588"
"1482","bkbmag1","Black-billed Magpie","Pica hudsonia","L2326285","Golden (town)","2025-10-19 11:14",1,39.7554837,-105.2212572,TRUE,FALSE,FALSE,"S280373239"
"1483","bkbmag1","Black-billed Magpie","Pica hudsonia","L8476413","Cottonwood Park","2025-10-19 11:09",1,39.6805241,-105.1156194,TRUE,FALSE,FALSE,"S280388889"
"1484","bkbmag1","Black-billed Magpie","Pica hudsonia","L39203908","10203 Casey Ln, Parker US-CO 39.54012, -104.69535","2025-10-19 11:08",2,39.540124,-104.695348,TRUE,FALSE,TRUE,"S280350547"
"1485","bkbmag1","Black-billed Magpie","Pica hudsonia","L54248746","307 W Villard St, Bozeman US-MT 45.68320, -111.04143","2025-10-19 11:02",2,45.683203,-111.041425,TRUE,FALSE,TRUE,"S280353528"
"1486","bkbmag1","Black-billed Magpie","Pica hudsonia","L6959446","Chugach SP--Falls Creek Trailhead","2025-10-19 11:01",2,60.9843466,-149.5759941,TRUE,FALSE,FALSE,"S280381939"
"1487","bkbmag1","Black-billed Magpie","Pica hudsonia","L22975070","Hildebrand Rd","2025-10-19 11:00",3,42.250509,-121.506311,TRUE,FALSE,TRUE,"S280366599"
"1488","bkbmag1","Black-billed Magpie","Pica hudsonia","L392497","Mantua Reservoir","2025-10-19 10:59",1,41.5034351,-111.9348907,TRUE,FALSE,FALSE,"S280357452"
"1489","bkbmag1","Black-billed Magpie","Pica hudsonia","L661970","Kodiak Is.--Fort Abercrombie State Historical Park","2025-10-19 10:56",2,57.8326893,-152.3559093,TRUE,FALSE,FALSE,"S280386029"
"1490","bkbmag1","Black-billed Magpie","Pica hudsonia","L1422851","Arroyo Hondo--Lower Arroyo Hondo Road","2025-10-19 10:56",2,36.5346,-105.671868,TRUE,FALSE,FALSE,"S280351008"
"1491","bkbmag1","Black-billed Magpie","Pica hudsonia","L140456","Confluence Park (Delta)","2025-10-19 10:52",NA,38.7528785,-108.0821228,TRUE,FALSE,FALSE,"S280375295"
"1492","bkbmag1","Black-billed Magpie","Pica hudsonia","L47028939","Beaver Ranch","2025-10-19 10:51",NA,39.5085106,-105.299614,TRUE,FALSE,TRUE,"S280373486"
"1493","bkbmag1","Black-billed Magpie","Pica hudsonia","L52647891","Dutch Creek Trail, Littleton US-CO 39.59746, -105.12593","2025-10-19 10:50",6,39.597456,-105.125932,TRUE,FALSE,TRUE,"S280362259"
"1494","bkbmag1","Black-billed Magpie","Pica hudsonia","L54315793","Donut Falls Trail","2025-10-19 10:49",1,40.645048,-111.648745,TRUE,FALSE,TRUE,"S280672997"
"1495","bkbmag1","Black-billed Magpie","Pica hudsonia","L955858","Grand Teton NP--Schwabacher Landing","2025-10-19 10:48",1,43.7116651,-110.6705832,TRUE,FALSE,FALSE,"S280368501"
"1496","bkbmag1","Black-billed Magpie","Pica hudsonia","L158613","North Platte NWR--Lake Alice","2025-10-19 10:48",2,41.9885,-103.6143,TRUE,FALSE,FALSE,"S280425889"
"1497","bkbmag1","Black-billed Magpie","Pica hudsonia","L54246924","2214 Ames St, Edgewater US-CO 39.74979, -105.05421","2025-10-19 10:41",1,39.74979,-105.054213,TRUE,FALSE,TRUE,"S280345453"
"1498","bkbmag1","Black-billed Magpie","Pica hudsonia","L10762118","Home-West Yakima","2025-10-19 10:40",1,46.6014246,-120.6469485,TRUE,FALSE,TRUE,"S280362191"
"1499","bkbmag1","Black-billed Magpie","Pica hudsonia","L37351206","Ladd Marsh","2025-10-19 10:40",1,45.2509229,-118.0359082,TRUE,FALSE,TRUE,"S280393022"
"1500","bkbmag1","Black-billed Magpie","Pica hudsonia","L1455178","Johnson Canyon Rd (Kane Co.)","2025-10-19 10:40",3,37.0724364,-112.3619442,TRUE,FALSE,FALSE,"S280432760"
"1501","bkbmag1","Black-billed Magpie","Pica hudsonia","L12217536","Adam Gabriel Armijo Park (formerly Cerro Gordo Park)","2025-10-19 10:39",2,35.6825428,-105.9082516,TRUE,FALSE,FALSE,"S280348851"
"1502","bkbmag1","Black-billed Magpie","Pica hudsonia","L54323744","Black Hills National Forest, Rapid City US-SD 44.09127, -103.39694","2025-10-19 10:37",1,44.091265,-103.396945,TRUE,FALSE,TRUE,"S280710837"
"1503","bkbmag1","Black-billed Magpie","Pica hudsonia","L21137081","Paul Rogers Wildlife Park","2025-10-19 10:35",1,47.0052707,-120.5066926,TRUE,FALSE,FALSE,"S280366359"
"1504","bkbmag1","Black-billed Magpie","Pica hudsonia","L1129547","Kodiak Is.--Womens Bay (South)","2025-10-19 10:34",3,57.6946131,-152.5404453,TRUE,FALSE,FALSE,"S280376497"
"1505","bkbmag1","Black-billed Magpie","Pica hudsonia","L151122","Antelope Island SP--Causeway","2025-10-19 10:34",4,41.08841,-112.186714,TRUE,FALSE,FALSE,"S280385542"
"1506","bkbmag1","Black-billed Magpie","Pica hudsonia","L54249196","411 N Third Ave, Bozeman US-MT","2025-10-19 10:34",2,45.683222,-111.041219,TRUE,FALSE,TRUE,"S280355513"
"1507","bkbmag1","Black-billed Magpie","Pica hudsonia","L27579500","Holmstrom Rd—Kruse Rd to Loorz Rd","2025-10-19 10:33",6,40.231199,-118.445977,TRUE,FALSE,TRUE,"S280534751"
"1508","bkbmag1","Black-billed Magpie","Pica hudsonia","L54246190","415 Tune Dr, El Prado US-NM 36.50399, -105.71169","2025-10-19 10:32",1,36.503992,-105.711694,TRUE,FALSE,TRUE,"S280343355"
"1509","bkbmag1","Black-billed Magpie","Pica hudsonia","L724372","Fairmount Cemetery","2025-10-19 10:32",4,39.7063943,-104.8967743,TRUE,FALSE,FALSE,"S280351263"
"1510","bkbmag1","Black-billed Magpie","Pica hudsonia","L16968075","Countryside neighborhood (not on yard list).","2025-10-19 10:32",1,39.889286,-105.123855,TRUE,FALSE,TRUE,"S280351750"
"1511","bkbmag1","Black-billed Magpie","Pica hudsonia","L54250012","I-82 W, Ellensburg US-WA 46.92759, -120.49913","2025-10-19 10:30",1,46.927587,-120.49913,TRUE,FALSE,TRUE,"S280359321"
"1512","bkbmag1","Black-billed Magpie","Pica hudsonia","L54260900","Lodge","2025-10-19 10:29",1,39.007656,-114.185913,TRUE,FALSE,TRUE,"S280407533"
"1513","bkbmag1","Black-billed Magpie","Pica hudsonia","L2057799","Jordan River Parkway--6100 S to 7800 S (incl. Winchester Park)","2025-10-19 10:28",1,40.6304998,-111.9235182,TRUE,FALSE,FALSE,"S280351832"
"1514","bkbmag1","Black-billed Magpie","Pica hudsonia","L29555266","Hyrum--Western Dairy Transport","2025-10-19 10:28",3,41.6482871,-111.8786239,TRUE,FALSE,FALSE,"S280346755"
"1515","bkbmag1","Black-billed Magpie","Pica hudsonia","L4298542","Ontario State Recreation Site","2025-10-19 10:26",1,44.0489486,-116.9736564,TRUE,FALSE,FALSE,"S280352757"
"1516","bkbmag1","Black-billed Magpie","Pica hudsonia","L526888","Tanana Lakes Recreation Area","2025-10-19 10:23",1,64.7966492,-147.7180481,TRUE,FALSE,FALSE,"S280380179"
"1517","bkbmag1","Black-billed Magpie","Pica hudsonia","L869558","Washoe Lake SP--Wetland Mitigation Area","2025-10-19 10:20",1,39.2289289,-119.7928619,TRUE,FALSE,FALSE,"S280366670"
"1518","bkbmag1","Black-billed Magpie","Pica hudsonia","L2418916","Kenai Flats - Erik Hansen Scout Park","2025-10-19 10:20",2,60.5510632,-151.2638158,TRUE,FALSE,TRUE,"S280434591"
"1519","bkbmag1","Black-billed Magpie","Pica hudsonia","L54250958","Sun Valley Trail (Rocky Mountain National Park)","2025-10-19 10:18",9,40.284933,-105.848462,TRUE,FALSE,TRUE,"S280363405"
"1520","bkbmag1","Black-billed Magpie","Pica hudsonia","L31764762","Crownhill","2025-10-19 10:18",4,39.758903,-105.09797,TRUE,FALSE,TRUE,"S280360176"
"1521","bkbmag1","Black-billed Magpie","Pica hudsonia","L54256058","411 3rd ave., bozeman, mt","2025-10-19 10:15",2,45.6834259,-111.0414695,TRUE,FALSE,TRUE,"S280385736"
"1522","bkbmag1","Black-billed Magpie","Pica hudsonia","L931102","Roaring Judy Fish Hatchery","2025-10-19 10:14",4,38.7090224,-106.8511391,TRUE,FALSE,FALSE,"S280389058"
"1523","bkbmag1","Black-billed Magpie","Pica hudsonia","L29895787","Government Trail, Snowmass Village US-CO 39.19123, -106.90652","2025-10-19 10:14",1,39.19123,-106.906517,TRUE,FALSE,TRUE,"S280368795"
"1524","bkbmag1","Black-billed Magpie","Pica hudsonia","L791996","Laws Poleta Rd.","2025-10-19 10:12",1,37.390471,-118.3317451,TRUE,FALSE,FALSE,"S280357061"
"1525","bkbmag1","Black-billed Magpie","Pica hudsonia","L1365529","Ralston Creek--Maple Valley Park","2025-10-19 10:11",6,39.8213748,-105.1608844,TRUE,FALSE,FALSE,"S280346861"
"1526","bkbmag1","Black-billed Magpie","Pica hudsonia","L54280966","King Salmon--USFWS Hangar","2025-10-19 10:10",2,58.6718136,-156.6512844,TRUE,FALSE,TRUE,"S280505038"
"1527","bkbmag1","Black-billed Magpie","Pica hudsonia","L12209484","Lindley Park, Bozeman US-MT 45.67738, -111.02384","2025-10-19 10:10",7,45.677381,-111.023838,TRUE,FALSE,TRUE,"S280873454"
"1528","bkbmag1","Black-billed Magpie","Pica hudsonia","L4026552","Rod and Gun Club Trail & Ponds","2025-10-19 10:10",3,39.807565,-104.844667,TRUE,FALSE,FALSE,"S280430194"
"1529","bkbmag1","Black-billed Magpie","Pica hudsonia","L15013447","222 Westridge Drive, Bozeman, Montana, US (45.655, -111.041)","2025-10-19 10:07",2,45.6554304,-111.0413692,TRUE,FALSE,TRUE,"S280339020"
"1530","bkbmag1","Black-billed Magpie","Pica hudsonia","L54244938","831 NM-76, Chimayo US-NM 36.00294, -105.92905","2025-10-19 10:03",1,36.002937,-105.929048,TRUE,FALSE,TRUE,"S280336578"
"1531","bkbmag1","Black-billed Magpie","Pica hudsonia","L54245119","1462 Osceola Street, Denver, Colorado, US (39.74, -105.038)","2025-10-19 10:03",3,39.7396198,-105.0380393,TRUE,FALSE,TRUE,"S280337320"
"1532","bkbmag1","Black-billed Magpie","Pica hudsonia","L30309304","Old Sardine Canyon Road, Wellsville US-UT 41.57501, -111.93319","2025-10-19 10:03",1,41.575009,-111.933189,TRUE,FALSE,TRUE,"S280357489"
"1533","bkbmag1","Black-billed Magpie","Pica hudsonia","L481872","West Fort Collins--Brown Farm","2025-10-19 10:02",1,40.5606343,-105.1278949,TRUE,FALSE,TRUE,"S280340547"
"1534","bkbmag1","Black-billed Magpie","Pica hudsonia","L1758020","Lost Creek--Croydon","2025-10-19 10:00",NA,41.0690585,-111.5140689,TRUE,FALSE,FALSE,"S280421204"
"1535","bkbmag1","Black-billed Magpie","Pica hudsonia","L4609690","Gilman NM","2025-10-19 10:00",1,35.713446,-106.758111,TRUE,FALSE,TRUE,"S280407007"
"1536","bkbmag1","Black-billed Magpie","Pica hudsonia","L3409124","SGetty Yard","2025-10-19 10:00",2,38.8204008,-104.8645012,TRUE,FALSE,TRUE,"S280419172"
"1537","bkbmag1","Black-billed Magpie","Pica hudsonia","L42229644","Rocky Mountain Lane","2025-10-19 10:00",2,45.9705917,-112.4803988,TRUE,FALSE,TRUE,"S280792603"
"1538","bkbmag1","Black-billed Magpie","Pica hudsonia","L54245596","Kent Place Residences, Englewood US-CO 39.65508, -104.96079","2025-10-19 09:59",3,39.655076,-104.960791,TRUE,FALSE,TRUE,"S280339560"
"1539","bkbmag1","Black-billed Magpie","Pica hudsonia","L1082724","Winthrop","2025-10-19 09:56",1,48.4779285,-120.1876831,TRUE,FALSE,FALSE,"S280351869"
"1540","bkbmag1","Black-billed Magpie","Pica hudsonia","L1901368","Kenai - Old Town","2025-10-19 09:55",3,60.5526389,-151.2608116,TRUE,FALSE,TRUE,"S280434374"
"1541","bkbmag1","Black-billed Magpie","Pica hudsonia","L23494940","Humboldt River at Old Pitt Dam","2025-10-19 09:53",1,40.2349965,-118.4215123,TRUE,FALSE,FALSE,"S280355037"
"1542","bkbmag1","Black-billed Magpie","Pica hudsonia","L20318024","Neka Bay","2025-10-19 09:53",1,58.0517331,-135.6710195,TRUE,FALSE,FALSE,"S280361675"
"1543","bkbmag1","Black-billed Magpie","Pica hudsonia","L50143557","Riverfront","2025-10-19 09:47",1,45.745253,-108.522338,TRUE,FALSE,TRUE,"S280347533"
"1544","bkbmag1","Black-billed Magpie","Pica hudsonia","L5563328","Monument Preserve","2025-10-19 09:44",2,39.0851043,-104.8970747,TRUE,FALSE,FALSE,"S280363386"
"1545","bkbmag1","Black-billed Magpie","Pica hudsonia","L26898189","Holmstrom Rd and Pond east of Union Rd","2025-10-19 09:43",2,40.2310207,-118.4248382,TRUE,FALSE,TRUE,"S280534792"
"1546","bkbmag1","Black-billed Magpie","Pica hudsonia","L983731","Difficult Campground","2025-10-19 09:41",1,39.1427759,-106.7739773,TRUE,FALSE,FALSE,"S280355703"
"1547","bkbmag1","Black-billed Magpie","Pica hudsonia","L9511086","Kingfisher Pond","2025-10-19 09:39",1,58.3552939,-134.5081945,TRUE,FALSE,FALSE,"S280387614"
"1548","bkbmag1","Black-billed Magpie","Pica hudsonia","L17901325","Dodd Reservoir - 73rd","2025-10-19 09:37",1,40.1029062,-105.1833734,TRUE,FALSE,TRUE,"S280634008"
"1549","bkbmag1","Black-billed Magpie","Pica hudsonia","L473652","Eagle Island SP","2025-10-19 09:37",16,43.6858428,-116.3983011,TRUE,FALSE,FALSE,"S280424503"
"1550","bkbmag1","Black-billed Magpie","Pica hudsonia","L5884262","US-CO-Winter Park-Alpine Trail ","2025-10-19 09:32",1,39.92002,-105.789473,TRUE,FALSE,TRUE,"S280344614"
"1551","bkbmag1","Black-billed Magpie","Pica hudsonia","L152823","Mendenhall Wetlands SGR--Airport Dike Trail","2025-10-19 09:30",1,58.3523993,-134.5945144,TRUE,FALSE,FALSE,"S280430059"
"1552","bkbmag1","Black-billed Magpie","Pica hudsonia","L54295963","Kirk hill","2025-10-19 09:30",2,45.5912223,-111.0633096,TRUE,FALSE,TRUE,"S280575462"
"1553","bkbmag1","Black-billed Magpie","Pica hudsonia","L1214464","Lavold Reservoir","2025-10-19 09:30",5,45.9541632,-109.8974419,TRUE,FALSE,FALSE,"S280339015"
"1554","bkbmag1","Black-billed Magpie","Pica hudsonia","L617866","Green Canyon--Lower (Cache Co.)","2025-10-19 09:30",6,41.7700899,-111.7637546,TRUE,FALSE,FALSE,"S280341424"
"1555","bkbmag1","Black-billed Magpie","Pica hudsonia","L272998","Boyd Lake","2025-10-19 09:27",1,40.4341128,-105.0338644,TRUE,FALSE,FALSE,"S280364902"
"1556","bkbmag1","Black-billed Magpie","Pica hudsonia","L2697108","King's Hill Overlook","2025-10-19 09:25",1,37.9630912,-105.6780585,TRUE,FALSE,TRUE,"S280724764"
"1557","bkbmag1","Black-billed Magpie","Pica hudsonia","L7658134","Rifle Range Road","2025-10-19 09:25",4,47.0730576,-109.4077632,TRUE,FALSE,TRUE,"S280467434"
"1558","bkbmag1","Black-billed Magpie","Pica hudsonia","L54243735","Lookout Mountain and Kerwin, Spearfish, South Dakota","2025-10-19 09:21",6,44.5193421,-103.8268441,TRUE,FALSE,TRUE,"S280331240"
"1559","bkbmag1","Black-billed Magpie","Pica hudsonia","L2676867","Ken Caryl - Massey Draw pond","2025-10-19 09:17",1,39.57807,-105.1642951,TRUE,FALSE,TRUE,"S280331584"
"1560","bkbmag1","Black-billed Magpie","Pica hudsonia","L25400094","Leland Creek Trail","2025-10-19 09:16",3,39.925624,-105.795947,TRUE,FALSE,TRUE,"S280328861"
"1561","bkbmag1","Black-billed Magpie","Pica hudsonia","L53699035","Akin Apartments","2025-10-19 09:15",1,39.779765,-105.0436,TRUE,FALSE,TRUE,"S280365771"
"1562","bkbmag1","Black-billed Magpie","Pica hudsonia","L15111899","8756 E Lehigh Ave, Denver US-CO 39.64713, -104.88657","2025-10-19 09:15",1,39.647132,-104.886573,TRUE,FALSE,TRUE,"S280334584"
"1563","bkbmag1","Black-billed Magpie","Pica hudsonia","L1192444","Washoe Lake SP--Deadman's Creek","2025-10-19 09:14",2,39.2380141,-119.7647148,TRUE,FALSE,FALSE,"S280366573"
"1564","bkbmag1","Black-billed Magpie","Pica hudsonia","L54242558","43615 Leighton Rd, Ronan US-MT 47.57334, -114.16554","2025-10-19 09:13",1,47.573342,-114.165544,TRUE,FALSE,TRUE,"S280326049"
"1565","bkbmag1","Black-billed Magpie","Pica hudsonia","L8416781","Mill Creek/Pack Creek","2025-10-19 09:12",1,38.5704441,-109.5569616,TRUE,FALSE,TRUE,"S280337120"
"1566","bkbmag1","Black-billed Magpie","Pica hudsonia","L630846","Dry Canyon (Utah Co.)","2025-10-19 09:11",2,40.3445326,-111.6733217,TRUE,FALSE,FALSE,"S280350153"
"1567","bkbmag1","Black-billed Magpie","Pica hudsonia","L168158","Vega SP","2025-10-19 09:09",1,39.22338,-107.79534,TRUE,FALSE,FALSE,"S280402257"
"1568","bkbmag1","Black-billed Magpie","Pica hudsonia","L21011628","Rollans Park, Ridgway","2025-10-19 09:08",1,38.1535351,-107.7523475,TRUE,FALSE,TRUE,"S280327890"
"1569","bkbmag1","Black-billed Magpie","Pica hudsonia","L269368","Pyramid Lake--Willows","2025-10-19 09:07",3,40.0742094,-119.6950783,TRUE,FALSE,FALSE,"S280381690"
"1570","bkbmag1","Black-billed Magpie","Pica hudsonia","L3485867","Cedar Lake","2025-10-19 09:06",5,41.6636791,-122.4067926,TRUE,FALSE,FALSE,"S280392092"
"1571","bkbmag1","Black-billed Magpie","Pica hudsonia","L53479774","Clear Creek","2025-10-19 09:05",3,39.751919,-105.238715,TRUE,FALSE,TRUE,"S280354468"
"1572","bkbmag1","Black-billed Magpie","Pica hudsonia","L13670927","29940 County Road 353E, Buena Vista US-CO 38.85333, -106.15146","2025-10-19 09:05",1,38.853331,-106.151461,TRUE,FALSE,TRUE,"S280325037"
"1573","bkbmag1","Black-billed Magpie","Pica hudsonia","L298558","Rabbit Mountain","2025-10-19 09:04",1,40.2463413,-105.2246211,TRUE,FALSE,FALSE,"S280354874"
"1574","bkbmag1","Black-billed Magpie","Pica hudsonia","L2676864","Ken Caryl - Massey Draw (red rocks to Brannon Gearheart)","2025-10-19 09:04",5,39.577789,-105.1618302,TRUE,FALSE,TRUE,"S280335587"
"1575","bkbmag1","Black-billed Magpie","Pica hudsonia","L3892941","Genesee Mountain Park--Beaver Brook & Chavez Trails","2025-10-19 09:02",NA,39.7168008,-105.3154597,TRUE,FALSE,FALSE,"S280357990"
"1576","bkbmag1","Black-billed Magpie","Pica hudsonia","L52030814","Astrid’s backyard","2025-10-19 09:00",4,38.909105,-104.838403,TRUE,FALSE,TRUE,"S280361579"
"1577","bkbmag1","Black-billed Magpie","Pica hudsonia","L2155703","CommonGround (Westerly) Wetlands","2025-10-19 08:59",10,39.7162984,-104.885788,TRUE,FALSE,FALSE,"S280351102"
"1578","bkbmag1","Black-billed Magpie","Pica hudsonia","L1168292","Jordan River Parkway--2300 N to 200 S","2025-10-19 08:58",2,40.8068906,-111.9356096,TRUE,FALSE,FALSE,"S280376383"
"1579","bkbmag1","Black-billed Magpie","Pica hudsonia","L13876770","Tommy Davis, Huntington Acres and Silo Parks","2025-10-19 08:57",1,39.6086152,-104.8819733,TRUE,FALSE,FALSE,"S280322429"
"1580","bkbmag1","Black-billed Magpie","Pica hudsonia","L8162225","Silver Lake","2025-10-19 08:56",2,39.6431136,-119.9123849,TRUE,FALSE,FALSE,"S280347834"
"1581","bkbmag1","Black-billed Magpie","Pica hudsonia","L4065000","US-Utah-Salt Lake City-3431 S Crestwood Dr - 40.697x-111.787","2025-10-19 08:56",1,40.6968843,-111.7872066,TRUE,FALSE,TRUE,"S280326112"
"1582","bkbmag1","Black-billed Magpie","Pica hudsonia","L151639","Cameron Pass (Larimer Co.)","2025-10-19 08:55",1,40.5234,-105.8909,TRUE,FALSE,FALSE,"S280401664"
"1583","bkbmag1","Black-billed Magpie","Pica hudsonia","L522498","Old Saint Vrain Rd","2025-10-19 08:55",2,40.20936,-105.2803516,TRUE,FALSE,FALSE,"S280360265"
"1584","bkbmag1","Black-billed Magpie","Pica hudsonia","L1311618","Waneka Lake/Greenlee Preserve--Waneka Lake only","2025-10-19 08:53",1,39.9942187,-105.1126385,TRUE,FALSE,FALSE,"S280342441"
"1585","bkbmag1","Black-billed Magpie","Pica hudsonia","L53334762","Independence Park, Harrisville US-UT 41.28471, -111.97913","2025-10-19 08:52",2,41.284707,-111.979127,TRUE,FALSE,TRUE,"S280334196"
"1586","bkbmag1","Black-billed Magpie","Pica hudsonia","L9141457","Minatare to Alice","2025-10-19 08:52",2,41.9566895,-103.5604732,TRUE,FALSE,TRUE,"S280424905"
"1587","bkbmag1","Black-billed Magpie","Pica hudsonia","L54242536","411 North 3rd Avenue, Bozeman, Montana, US (45.683, -111.041)","2025-10-19 08:52",2,45.6834165,-111.0413836,TRUE,FALSE,TRUE,"S280325934"
"1588","bkbmag1","Black-billed Magpie","Pica hudsonia","L4737605","Oxbow Natural Area","2025-10-19 08:51",1,40.4043584,-105.1418638,TRUE,FALSE,FALSE,"S280324601"
"1589","bkbmag1","Black-billed Magpie","Pica hudsonia","L54216944","Mammoth Hotel Back Grounds On Walk","2025-10-19 08:51",6,44.976379,-110.701649,TRUE,FALSE,TRUE,"S280319306"
"1590","bkbmag1","Black-billed Magpie","Pica hudsonia","L25608931","Platform In Backyard","2025-10-19 08:49",1,40.7199424,-111.8815852,TRUE,FALSE,TRUE,"S280338080"
"1591","bkbmag1","Black-billed Magpie","Pica hudsonia","L37525293","Dry Canyon Road","2025-10-19 08:45",1,39.3686135,-111.6831975,TRUE,FALSE,TRUE,"S280396518"
"1592","bkbmag1","Black-billed Magpie","Pica hudsonia","L211246","Lair O' the Bear Park","2025-10-19 08:45",1,39.6674351,-105.2577988,TRUE,FALSE,FALSE,"S280361783"
"1593","bkbmag1","Black-billed Magpie","Pica hudsonia","L3559127","Columbine Open Space","2025-10-19 08:45",2,39.2823389,-104.8927295,TRUE,FALSE,FALSE,"S280983654"
"1594","bkbmag1","Black-billed Magpie","Pica hudsonia","L13218599","15920 Greenleaf Drive, Talkeetna, Alaska, US (62.037, -150.052)","2025-10-19 08:44",1,62.036917,-150.0524425,TRUE,FALSE,TRUE,"S280347812"
"1595","bkbmag1","Black-billed Magpie","Pica hudsonia","L4484209","Ken Caryl Valley - Valley Parkway (Buckthorn to Brannon Gear.)","2025-10-19 08:44",1,39.5770405,-105.1649898,TRUE,FALSE,TRUE,"S280317951"
"1596","bkbmag1","Black-billed Magpie","Pica hudsonia","L22920598","120 Fairway Dr, Missoula US-MT (46.8297,-113.9983)","2025-10-19 08:44",1,46.829658,-113.998275,TRUE,FALSE,TRUE,"S280328386"
"1597","bkbmag1","Black-billed Magpie","Pica hudsonia","L29172445","Coffman Rd","2025-10-19 08:44",8,38.990533,-108.463803,TRUE,FALSE,TRUE,"S280827990"
"1598","bkbmag1","Black-billed Magpie","Pica hudsonia","L523501","Anchorage Coastal WR--Carr-Gottstein Park to Campbell Creek","2025-10-19 08:42",4,61.1151712,-149.9404769,TRUE,FALSE,FALSE,"S280399530"
"1599","bkbmag1","Black-billed Magpie","Pica hudsonia","L54245131","FR 442","2025-10-19 08:42",1,36.206805,-105.580246,TRUE,FALSE,TRUE,"S280337382"
"1600","bkbmag1","Black-billed Magpie","Pica hudsonia","L54240625","3805 Walker Road, Colorado Springs, Colorado, US (39.099, -104.758)","2025-10-19 08:41",1,39.0990162,-104.7581295,TRUE,FALSE,TRUE,"S280317242"
"1601","bkbmag1","Black-billed Magpie","Pica hudsonia","L159527","Denbigh Experimental Forest","2025-10-19 08:40",1,48.2961003,-100.6460087,TRUE,FALSE,FALSE,"S280378031"
"1602","bkbmag1","Black-billed Magpie","Pica hudsonia","L7787176","Norwood (town)","2025-10-19 08:40",1,38.1304132,-108.2927334,TRUE,FALSE,FALSE,"S281023166"
"1603","bkbmag1","Black-billed Magpie","Pica hudsonia","L33353003","6715 Enterprise Drive, Fort Collins, Colorado, US (40.492, -105.098)","2025-10-19 08:39",3,40.4918888,-105.097933,TRUE,FALSE,TRUE,"S280327826"
"1604","bkbmag1","Black-billed Magpie","Pica hudsonia","L12387826","Chester Dam Boat Ramp","2025-10-19 08:38",6,44.0173546,-111.5840149,TRUE,FALSE,TRUE,"S280319246"
"1605","bkbmag1","Black-billed Magpie","Pica hudsonia","L1484288","Standley Lake Park--south shore","2025-10-19 08:38",5,39.85329,-105.1303931,TRUE,FALSE,FALSE,"S280347979"
"1606","bkbmag1","Black-billed Magpie","Pica hudsonia","L20902640","12711 Pine Cone Road, Parker, Colorado, US (39.545, -104.718)","2025-10-19 08:37",3,39.5451006,-104.7184102,TRUE,FALSE,TRUE,"S280334598"
"1607","bkbmag1","Black-billed Magpie","Pica hudsonia","L54241373","411 N Third Ave, Bozeman US-MT (45.6834,-111.0414)","2025-10-19 08:37",5,45.683403,-111.041358,TRUE,FALSE,TRUE,"S280320619"
"1608","bkbmag1","Black-billed Magpie","Pica hudsonia","L21287635","Brush Creek Valley Ranch","2025-10-19 08:36",4,39.6218286,-106.77049,TRUE,FALSE,TRUE,"S280387662"
"1609","bkbmag1","Black-billed Magpie","Pica hudsonia","L38828849","Fairview Reservoir","2025-10-19 08:34",1,38.4761955,-107.7769466,TRUE,FALSE,FALSE,"S280322063"
"1610","bkbmag1","Black-billed Magpie","Pica hudsonia","L48228411","2517 S Monroe St, Denver US-CO 39.67074, -104.94582","2025-10-19 08:32",2,39.670738,-104.945821,TRUE,FALSE,TRUE,"S280314428"
"1611","bkbmag1","Black-billed Magpie","Pica hudsonia","L357324","Tucker Lake","2025-10-19 08:31",2,39.8254172,-105.1970959,TRUE,FALSE,FALSE,"S280335168"
"1612","bkbmag1","Black-billed Magpie","Pica hudsonia","L28970597","River Fork Ranch","2025-10-19 08:30",6,38.9952663,-119.8244177,TRUE,FALSE,TRUE,"S280366348"
"1613","bkbmag1","Black-billed Magpie","Pica hudsonia","L41282639","Robin's Place","2025-10-19 08:29",3,45.7375548,-108.6674085,TRUE,FALSE,TRUE,"S280321016"
"1614","bkbmag1","Black-billed Magpie","Pica hudsonia","L4097492","Payson City Cemetery","2025-10-19 08:26",1,40.0504167,-111.7188764,TRUE,FALSE,FALSE,"S280333473"
"1615","bkbmag1","Black-billed Magpie","Pica hudsonia","L17589785","Emporia Circle","2025-10-19 08:24",2,39.6011443,-104.8746074,TRUE,FALSE,TRUE,"S280315456"
"1616","bkbmag1","Black-billed Magpie","Pica hudsonia","L2131666","Long View Farm Open Space (view from road only)","2025-10-19 08:24",1,40.4669292,-105.0782136,TRUE,FALSE,FALSE,"S280312914"
"1617","bkbmag1","Black-billed Magpie","Pica hudsonia","L35252344","Greyrock Commons Natural Area","2025-10-19 08:24",1,40.6014471,-105.1181171,TRUE,FALSE,TRUE,"S280325978"
"1618","bkbmag1","Black-billed Magpie","Pica hudsonia","L383284","Juneau (town)","2025-10-19 08:23",1,58.3022738,-134.4198704,TRUE,FALSE,FALSE,"S280387216"
"1619","bkbmag1","Black-billed Magpie","Pica hudsonia","L884476","Irene Rhinehart Riverfront Park","2025-10-19 08:18",3,46.9881161,-120.5711467,TRUE,FALSE,FALSE,"S280345578"
"1620","bkbmag1","Black-billed Magpie","Pica hudsonia","L1195594","Bear Canyon","2025-10-19 08:17",1,45.0826119,-108.5253525,TRUE,FALSE,FALSE,"S280364064"
"1621","bkbmag1","Black-billed Magpie","Pica hudsonia","L6956499","Pond north of Horseshoe Reservoir","2025-10-19 08:16",1,40.4515191,-105.0518274,TRUE,FALSE,FALSE,"S280310893"
"1622","bkbmag1","Black-billed Magpie","Pica hudsonia","L1022652","Ketchikan (town)","2025-10-19 08:16",1,55.3427645,-131.6462517,TRUE,FALSE,FALSE,"S280388950"
"1623","bkbmag1","Black-billed Magpie","Pica hudsonia","L212070","Glover Lane & GSL Nature Center","2025-10-19 08:16",3,40.9650238,-111.9299004,TRUE,FALSE,FALSE,"S280725223"
"1624","bkbmag1","Black-billed Magpie","Pica hudsonia","L54244321","404 N Third Ave, Bozeman US-MT 45.68313, -111.04120","2025-10-19 08:15",2,45.683132,-111.041196,TRUE,FALSE,TRUE,"S280333859"
"1625","bkbmag1","Black-billed Magpie","Pica hudsonia","L158611","North Platte NWR--Winters Creek","2025-10-19 08:05",1,41.9552,-103.5248,TRUE,FALSE,FALSE,"S280424537"
"1626","bkbmag1","Black-billed Magpie","Pica hudsonia","L30605586","Home","2025-10-19 08:04",1,38.813922,-104.846829,TRUE,FALSE,TRUE,"S280317052"
"1627","bkbmag1","Black-billed Magpie","Pica hudsonia","L550029","Hatch -- Town & Vicinity","2025-10-19 07:52",3,37.6533832,-112.4347687,TRUE,FALSE,FALSE,"S280324643"
"1628","bkbmag1","Black-billed Magpie","Pica hudsonia","L54245180","411 N Third Ave, Bozeman US-MT (45.6834,-111.0414)","2025-10-19 07:50",3,45.68339,-111.04144,TRUE,FALSE,TRUE,"S280337646"
"1629","bkbmag1","Black-billed Magpie","Pica hudsonia","L36916985","2755 Van Diest Road, Winnemucca, Nevada, US (40.804, -117.775)","2025-10-19 07:47",1,40.8043,-117.77539,TRUE,FALSE,TRUE,"S280332291"
"1630","bkbmag1","Black-billed Magpie","Pica hudsonia","L562333","Sentinel Bluffs","2025-10-19 07:46",5,46.7840757,-119.9282813,TRUE,FALSE,FALSE,"S280379551"
"1631","bkbmag1","Black-billed Magpie","Pica hudsonia","L304177","South Mesa Trail","2025-10-19 07:46",3,39.9394753,-105.2594647,TRUE,FALSE,FALSE,"S280325720"
"1632","bkbmag1","Black-billed Magpie","Pica hudsonia","L54239982","6948 U.S. Highway 26, Crowheart, Wyoming, US (43.416, -109.439)","2025-10-19 07:39",3,43.4160408,-109.4390968,TRUE,FALSE,TRUE,"S280314211"
"1633","bkbmag1","Black-billed Magpie","Pica hudsonia","L1064211","7459 S. Tamarac Ct., Centennial Co 80112","2025-10-19 07:30",1,39.5829363,-104.8924828,TRUE,FALSE,TRUE,"S280427751"
"1634","bkbmag1","Black-billed Magpie","Pica hudsonia","L36919773","7810 West 70th Drive, Arvada, Colorado, US (39.823, -105.084)","2025-10-19 07:27",5,39.82307,-105.0837888,TRUE,FALSE,TRUE,"S280301584"
"1635","bkbmag1","Black-billed Magpie","Pica hudsonia","L53919347","Curt Gowdy State Park","2025-10-19 07:27",4,41.1785069,-105.2558798,TRUE,FALSE,TRUE,"S280315989"
"1636","bkbmag1","Black-billed Magpie","Pica hudsonia","L266967","Great Western Reservoir (closed to public)","2025-10-19 07:15",2,39.8968365,-105.1522923,TRUE,FALSE,FALSE,"S280317160"
"1637","bkbmag1","Black-billed Magpie","Pica hudsonia","L46579990","Spring Gulch_loop around SG Reservoir","2025-10-19 07:08",4,39.5400688,-105.026261,TRUE,FALSE,TRUE,"S280315016"
"1638","bkbmag1","Black-billed Magpie","Pica hudsonia","L54239013","17248–17816 Toll Rd, Reno US-NV 39.37411, -119.71251","2025-10-19 06:59",1,39.374106,-119.712508,TRUE,FALSE,TRUE,"S280309616"
"1639","bkbmag1","Black-billed Magpie","Pica hudsonia","L35984103","103 Cholla Cir, Florence US-CO 38.34254, -105.12412","2025-10-19 06:58",3,38.342536,-105.124116,TRUE,FALSE,TRUE,"S280316991"
"1640","bkbmag1","Black-billed Magpie","Pica hudsonia","L5070186","Gustavus (town)","2025-10-19 06:50",4,58.4137425,-135.7313045,TRUE,FALSE,FALSE,"S280422565"
"1641","bkbmag1","Black-billed Magpie","Pica hudsonia","L4991120","Cold Bay (town)","2025-10-18 18:12",1,55.2072221,-162.7184591,TRUE,FALSE,FALSE,"S280401783"
"1642","bkbmag1","Black-billed Magpie","Pica hudsonia","L14641572","1148 E Sunnyside Ave, Salt Lake City US-UT 40.75065, -111.85795","2025-10-18 18:07",1,40.750652,-111.857952,TRUE,FALSE,TRUE,"S280207322"
"1643","bkbmag1","Black-billed Magpie","Pica hudsonia","L17181847","Oakridge Village - Wheaton Drive","2025-10-18 18:07",7,40.514286,-105.052147,TRUE,FALSE,TRUE,"S280206610"
"1644","bkbmag1","Black-billed Magpie","Pica hudsonia","L31749402","Top of the World Dr., Salt Lake City, UT","2025-10-18 18:06",2,40.597991,-111.791837,TRUE,FALSE,TRUE,"S280210508"
"1645","bkbmag1","Black-billed Magpie","Pica hudsonia","L54242354","Villard neighborhood","2025-10-18 18:01",2,45.68332,-111.041412,TRUE,FALSE,TRUE,"S280325060"
"1646","bkbmag1","Black-billed Magpie","Pica hudsonia","L54277819","411 North 3rd Ave, Bozeman","2025-10-18 17:58",1,45.6833707,-111.0414633,TRUE,FALSE,TRUE,"S280218690"
"1647","bkbmag1","Black-billed Magpie","Pica hudsonia","L54295577","SR-24, Torrey US-UT 38.30704, -111.50796","2025-10-18 17:57",20,38.307045,-111.50796,TRUE,FALSE,TRUE,"S280573691"
"1648","bkbmag1","Black-billed Magpie","Pica hudsonia","L12607452","Mount Sentinel - CordBern Trailhead","2025-10-18 17:43",3,46.853167,-113.984253,TRUE,FALSE,TRUE,"S280204240"
"1649","bkbmag1","Black-billed Magpie","Pica hudsonia","L480911","American Falls Dam to Willow Bay--ISS","2025-10-18 17:31",6,42.8098846,-112.8398895,TRUE,FALSE,FALSE,"S280231987"
"1650","bkbmag1","Black-billed Magpie","Pica hudsonia","L285168","Devils Tower NM","2025-10-18 17:13",1,44.590762,-104.7180517,TRUE,FALSE,FALSE,"S280331409"
"1651","bkbmag1","Black-billed Magpie","Pica hudsonia","L54216493","2011 Everest Ct, Hamilton US-MT 46.25696, -114.14278","2025-10-18 17:06",1,46.25696,-114.142784,TRUE,FALSE,TRUE,"S280206038"
"1652","bkbmag1","Black-billed Magpie","Pica hudsonia","L748519","Palmer Hay Flats SGR--Nelson Rd.","2025-10-18 17:03",2,61.5472402,-149.2599106,TRUE,FALSE,FALSE,"S280214601"
"1653","bkbmag1","Black-billed Magpie","Pica hudsonia","L54124354","405 S Garfield Ave, Pocatello US-ID (42.8583,-112.4501)","2025-10-18 16:58",1,42.858317,-112.450119,TRUE,FALSE,TRUE,"S280198285"
"1654","bkbmag1","Black-billed Magpie","Pica hudsonia","L4989368","Badlands NP--Notch Trail","2025-10-18 16:55",1,43.7586502,-101.9293714,TRUE,FALSE,FALSE,"S280200791"
"1655","bkbmag1","Black-billed Magpie","Pica hudsonia","L1296837","Greenough Park","2025-10-18 16:41",3,46.8762695,-113.9762878,TRUE,FALSE,FALSE,"S280199343"
"1656","bkbmag1","Black-billed Magpie","Pica hudsonia","L8950752","Cherry Creek SP--Shop Creek area","2025-10-18 16:31",9,39.6302168,-104.8315927,TRUE,FALSE,FALSE,"S280204323"
"1657","bkbmag1","Black-billed Magpie","Pica hudsonia","L382087","Stearns Lake","2025-10-18 16:30",1,39.9473188,-105.1050854,TRUE,FALSE,FALSE,"S280206651"
"1658","bkbmag1","Black-billed Magpie","Pica hudsonia","L3131472","Fossil Creek Park","2025-10-18 16:27",1,40.5063599,-105.0619555,TRUE,FALSE,FALSE,"S280383700"
"1659","bkbmag1","Black-billed Magpie","Pica hudsonia","L54216653","64196 Grays Corner Road, Cove, Oregon, US (45.396, -117.88)","2025-10-18 16:26",14,45.3955842,-117.8799628,TRUE,FALSE,TRUE,"S280206758"
"1660","bkbmag1","Black-billed Magpie","Pica hudsonia","L14500002","Monte Vista National Wildlife Refuge, Monte Vista US-CO 37.48579, -106.14466","2025-10-18 16:24",3,37.485789,-106.14466,TRUE,FALSE,TRUE,"S280209875"
"1661","bkbmag1","Black-billed Magpie","Pica hudsonia","L21522298","Stone, Idaho","2025-10-18 16:16",5,42.0147032,-112.6979323,TRUE,FALSE,TRUE,"S280219389"
"1662","bkbmag1","Black-billed Magpie","Pica hudsonia","L998890","Bethel--Hangar Lake","2025-10-18 16:08",1,60.8037385,-161.7179775,TRUE,FALSE,FALSE,"S280206116"
"1663","bkbmag1","Black-billed Magpie","Pica hudsonia","L27164110","I-25 N, Colorado Springs US-CO 38.95042, -104.81066","2025-10-18 16:06",1,38.950423,-104.810658,TRUE,FALSE,TRUE,"S280201254"
"1664","bkbmag1","Black-billed Magpie","Pica hudsonia","L3247320","Littleton area - West Bowles Ave at Coal Mine Ave and viciinity","2025-10-18 16:05",2,39.6095896,-105.1474643,TRUE,FALSE,TRUE,"S280191433"
"1665","bkbmag1","Black-billed Magpie","Pica hudsonia","L54222291","Spokane Volunteer Station","2025-10-18 16:04",11,47.8189361,-117.2131461,TRUE,FALSE,TRUE,"S280230491"
"1666","bkbmag1","Black-billed Magpie","Pica hudsonia","L10986193","Cabin Birding Spot","2025-10-18 16:00",2,57.4654821,-152.4644507,TRUE,FALSE,TRUE,"S280211145"
"1667","bkbmag1","Black-billed Magpie","Pica hudsonia","L5915081","Two Creeks Open Space","2025-10-18 15:56",2,39.9923775,-105.0597668,TRUE,FALSE,FALSE,"S280410851"
"1668","bkbmag1","Black-billed Magpie","Pica hudsonia","L47820281","Kodiak, Alaska, US (58.181, -152.383)","2025-10-18 15:48",1,58.1806886,-152.3834299,TRUE,FALSE,TRUE,"S280221104"
"1669","bkbmag1","Black-billed Magpie","Pica hudsonia","L54152950","411 N Fuller Placer Rd, Breckenridge US-CO 39.47373, -106.01271","2025-10-18 15:46",2,39.473734,-106.012706,TRUE,FALSE,TRUE,"S280223128"
"1670","bkbmag1","Black-billed Magpie","Pica hudsonia","L21608660","Cache Valley -- south end (6800 S, 6600 S, 1800 W)","2025-10-18 15:43",2,41.6120984,-111.8901233,TRUE,FALSE,TRUE,"S280229472"
"1671","bkbmag1","Black-billed Magpie","Pica hudsonia","L5425179","Fort Phil Kearny Historic Site","2025-10-18 15:38",2,44.5323554,-106.8269777,TRUE,FALSE,FALSE,"S280184911"
"1672","bkbmag1","Black-billed Magpie","Pica hudsonia","L4606931","Palmer Hay Flats SGR--Wasilla Creek Boardwalk","2025-10-18 15:32",6,61.5504655,-149.2958629,TRUE,FALSE,FALSE,"S280207028"
"1673","bkbmag1","Black-billed Magpie","Pica hudsonia","L53355607","Lake","2025-10-18 15:32",1,61.745254,-150.099806,TRUE,FALSE,TRUE,"S280204734"
"1674","bkbmag1","Black-billed Magpie","Pica hudsonia","L258171","Soap Lake","2025-10-18 15:31",1,47.3962264,-119.4840758,TRUE,FALSE,FALSE,"S280212941"
"1675","bkbmag1","Black-billed Magpie","Pica hudsonia","L20796799","Equestrian Meadows","2025-10-18 15:30",1,44.34396,-121.152084,TRUE,FALSE,TRUE,"S280352484"
"1676","bkbmag1","Black-billed Magpie","Pica hudsonia","L2259437","Perrins Peak SWA","2025-10-18 15:17",3,37.3079218,-107.9509735,TRUE,FALSE,FALSE,"S280188588"
"1677","bkbmag1","Black-billed Magpie","Pica hudsonia","L8270274","Scratchgravel Hills--Tumbleweed Trailhead","2025-10-18 15:15",1,46.6588387,-112.071569,TRUE,FALSE,FALSE,"S280189321"
"1678","bkbmag1","Black-billed Magpie","Pica hudsonia","L54221131","Loop Hike, Moab, Utah, US (38.64, -109.373)","2025-10-18 15:12",1,38.6399849,-109.3728668,TRUE,FALSE,TRUE,"S280225324"
"1679","bkbmag1","Black-billed Magpie","Pica hudsonia","L6292626","Montana State University","2025-10-18 15:11",3,45.6664032,-111.0517681,TRUE,FALSE,FALSE,"S280318588"
"1680","bkbmag1","Black-billed Magpie","Pica hudsonia","L5149069","Snowville -- 25600 N Rd","2025-10-18 15:10",2,41.9657766,-112.7363777,TRUE,FALSE,FALSE,"S280179806"
"1681","bkbmag1","Black-billed Magpie","Pica hudsonia","L388025","Rocky Mountain NP--Bear Lake area","2025-10-18 15:08",2,40.3137959,-105.6468487,TRUE,FALSE,FALSE,"S280179370"
"1682","bkbmag1","Black-billed Magpie","Pica hudsonia","L31531676","Canal by 1800","2025-10-18 15:04",1,40.507481,-111.900082,TRUE,FALSE,TRUE,"S280182972"
"1683","bkbmag1","Black-billed Magpie","Pica hudsonia","L33488990","West Chinden, to Fire Station Via Joplin, Garden City, Idaho, US (43.659, -116.306)","2025-10-18 15:04",3,43.6585658,-116.3064597,TRUE,FALSE,TRUE,"S281026570"
"1684","bkbmag1","Black-billed Magpie","Pica hudsonia","L1170086","Jordan River Parkway--10600 S to 11400 S (incl. Jordan River Front Park)","2025-10-18 15:04",7,40.5518131,-111.9109622,TRUE,FALSE,FALSE,"S280185713"
"1685","bkbmag1","Black-billed Magpie","Pica hudsonia","L2199741","McClintock Trail","2025-10-18 15:02",NA,39.9965037,-105.2802229,TRUE,FALSE,FALSE,"S280200979"
"1686","bkbmag1","Black-billed Magpie","Pica hudsonia","L20820372","Keith Whipple Ranch","2025-10-18 14:57",2,41.4722742,-122.8373244,TRUE,FALSE,TRUE,"S280297675"
"1687","bkbmag1","Black-billed Magpie","Pica hudsonia","L1025219","Chatfield SP--Plum Creek Nature Area","2025-10-18 14:56",2,39.5292348,-105.0404978,TRUE,FALSE,FALSE,"S280199896"
"1688","bkbmag1","Black-billed Magpie","Pica hudsonia","L54209876","5192 Musselshell Trail Road, Custer, Montana, US (46.168, -107.568)","2025-10-18 14:51",2,46.1676511,-107.5684339,TRUE,FALSE,TRUE,"S280176897"
"1689","bkbmag1","Black-billed Magpie","Pica hudsonia","L888323","Bud Mielke Reservoir","2025-10-18 14:51",1,40.3632883,-105.1125526,TRUE,FALSE,FALSE,"S280181452"
"1690","bkbmag1","Black-billed Magpie","Pica hudsonia","L948401","Ladd Marsh WMA--Peach Rd.","2025-10-18 14:51",10,45.2491806,-117.9520941,TRUE,FALSE,FALSE,"S280192139"
"1691","bkbmag1","Black-billed Magpie","Pica hudsonia","L54212064","Pack Farms Pumpkin Patch","2025-10-18 14:50",1,40.9666073,-111.9277873,TRUE,FALSE,TRUE,"S280186623"
"1692","bkbmag1","Black-billed Magpie","Pica hudsonia","L11831660","Kodiak Is.--Heitman Mtn. and Trail","2025-10-18 14:50",2,57.664951,-152.528257,TRUE,FALSE,TRUE,"S280403455"
"1693","bkbmag1","Black-billed Magpie","Pica hudsonia","L2259813","National Bison Range--Picnic Area","2025-10-18 14:47",2,47.3707161,-114.2574692,TRUE,FALSE,FALSE,"S280183136"
"1694","bkbmag1","Black-billed Magpie","Pica hudsonia","L7832159","Mike Harris Campground","2025-10-18 14:45",2,43.5561151,-111.0688774,TRUE,FALSE,FALSE,"S280215992"
"1695","bkbmag1","Black-billed Magpie","Pica hudsonia","L34014915","Pinebrook Point Trail","2025-10-18 14:42",3,40.751717,-111.580348,TRUE,FALSE,TRUE,"S280179361"
"1696","bkbmag1","Black-billed Magpie","Pica hudsonia","L481094","Rocky Mountain NP--Sprague Lake area","2025-10-18 14:38",3,40.3205562,-105.6059933,TRUE,FALSE,FALSE,"S280179628"
"1697","bkbmag1","Black-billed Magpie","Pica hudsonia","L11510448","Rocky Point","2025-10-18 14:38",3,47.4072512,-114.8394107,TRUE,FALSE,TRUE,"S280186119"
"1698","bkbmag1","Black-billed Magpie","Pica hudsonia","L42899138","Lalen Lake","2025-10-18 14:32",1,61.6046584,-149.6893687,TRUE,FALSE,FALSE,"S280196076"
"1699","bkbmag1","Black-billed Magpie","Pica hudsonia","L36087008","Old airport runway","2025-10-18 14:27",1,47.4757048,-114.9036927,TRUE,FALSE,TRUE,"S280178177"
"1700","bkbmag1","Black-billed Magpie","Pica hudsonia","L16309362","Confluence Park (Winter Park)","2025-10-18 14:24",2,39.9229929,-105.7831854,TRUE,FALSE,FALSE,"S280178042"
"1701","bkbmag1","Black-billed Magpie","Pica hudsonia","L4720929","Valley Chapel Rd.","2025-10-18 14:20",1,47.4982709,-117.3429644,TRUE,FALSE,TRUE,"S280215717"
"1702","bkbmag1","Black-billed Magpie","Pica hudsonia","L4685650","Yellowstone NP--Slough Creek","2025-10-18 14:17",2,44.9268147,-110.3228295,TRUE,FALSE,FALSE,"S280216821"
"1703","bkbmag1","Black-billed Magpie","Pica hudsonia","L54218263","13699–13971 WY-220, Casper US-WY 42.70966, -106.55445","2025-10-18 14:16",1,42.709661,-106.554455,TRUE,FALSE,TRUE,"S280213730"
"1704","bkbmag1","Black-billed Magpie","Pica hudsonia","L924821","Gloyd Seeps Wetland","2025-10-18 14:15",2,47.2414827,-119.2848301,TRUE,FALSE,FALSE,"S280190340"
"1705","bkbmag1","Black-billed Magpie","Pica hudsonia","L54218550","Busteed Ranch","2025-10-18 14:15",8,45.9416159,-109.3488729,TRUE,FALSE,TRUE,"S280215227"
"1706","bkbmag1","Black-billed Magpie","Pica hudsonia","L54207928","I-84 E, Declo US-ID 42.56954, -113.51883","2025-10-18 14:15",1,42.569538,-113.518832,TRUE,FALSE,TRUE,"S280168796"
"1707","bkbmag1","Black-billed Magpie","Pica hudsonia","L54207723","Wyoming 387, Kaycee, Wyoming, US (43.5, -106.174)","2025-10-18 14:11",1,43.4998942,-106.1743255,TRUE,FALSE,TRUE,"S280167935"
"1708","bkbmag1","Black-billed Magpie","Pica hudsonia","L621440","Bud Phelps WMA","2025-10-18 14:07",1,41.729113,-111.9305992,TRUE,FALSE,FALSE,"S280298742"
"1709","bkbmag1","Black-billed Magpie","Pica hudsonia","L698314","Pt. Woronzof","2025-10-18 14:04",1,61.2021951,-150.0204243,TRUE,FALSE,FALSE,"S280191968"
"1710","bkbmag1","Black-billed Magpie","Pica hudsonia","L54204853","8209–8299 CR-319, Forbes US-MN 47.28502, -92.59434","2025-10-18 14:04",1,47.285024,-92.594339,TRUE,FALSE,TRUE,"S280156289"
"1711","bkbmag1","Black-billed Magpie","Pica hudsonia","L951782","Yellow Fork Canyon -- Lower","2025-10-18 14:01",1,40.4687118,-112.0973069,TRUE,FALSE,FALSE,"S280186146"
"1712","bkbmag1","Black-billed Magpie","Pica hudsonia","L14578740","I15--Fillmore","2025-10-18 14:00",2,38.9647437,-112.3445823,TRUE,FALSE,FALSE,"S280499812"
"1713","bkbmag1","Black-billed Magpie","Pica hudsonia","L54214395","Bear Creek Lake, Lakewood US-CO (39.6519,-105.1477)","2025-10-18 13:54",4,39.651944,-105.147689,TRUE,FALSE,TRUE,"S280196876"
"1714","bkbmag1","Black-billed Magpie","Pica hudsonia","L2143967","Droulliard FAS","2025-10-18 13:53",5,45.8969079,-111.5937352,TRUE,FALSE,FALSE,"S280333801"
"1715","bkbmag1","Black-billed Magpie","Pica hudsonia","L4399483","Suncrest Rest Area--Southbound","2025-10-18 13:52",1,42.256126,-122.7876449,TRUE,TRUE,FALSE,"S280181059"
"1716","bkbmag1","Black-billed Magpie","Pica hudsonia","L54254470","US-6, Delta US-UT (39.1733,-113.0305)","2025-10-18 13:50",1,39.173333,-113.030472,TRUE,FALSE,TRUE,"S280378309"
"1717","bkbmag1","Black-billed Magpie","Pica hudsonia","L10330912","Bruna Road — Valleyford","2025-10-18 13:48",2,47.538093,-117.269166,TRUE,FALSE,TRUE,"S280179024"
"1718","bkbmag1","Black-billed Magpie","Pica hudsonia","L190743","Antelope Island SP","2025-10-18 13:44",1,41.0465405,-112.2383881,TRUE,FALSE,FALSE,"S280165153"
"1719","bkbmag1","Black-billed Magpie","Pica hudsonia","L54206256","Heartland Expressway, Sturgis, South Dakota, US (44.377, -103.48)","2025-10-18 13:39",1,44.3769294,-103.4795449,TRUE,FALSE,TRUE,"S280161967"
"1720","bkbmag1","Black-billed Magpie","Pica hudsonia","L11314797","Upper Gem Lake--East Side","2025-10-18 13:39",3,43.4531993,-112.0879269,TRUE,FALSE,FALSE,"S280320875"
"1721","bkbmag1","Black-billed Magpie","Pica hudsonia","L54366810","Three Mile Dr at Alt 93","2025-10-18 13:39",4,48.21084,-114.344665,TRUE,FALSE,TRUE,"S280923558"
"1722","bkbmag1","Black-billed Magpie","Pica hudsonia","L790263","Campbell Creek Mouth","2025-10-18 13:25",1,61.1275184,-149.9659109,TRUE,FALSE,FALSE,"S280192968"
"1723","bkbmag1","Black-billed Magpie","Pica hudsonia","L4396066","Magpie Forest, Pullman","2025-10-18 13:24",5,46.7493642,-117.1518302,TRUE,FALSE,FALSE,"S280183612"
"1724","bkbmag1","Black-billed Magpie","Pica hudsonia","L212245","Dixon Reservoir","2025-10-18 13:21",1,40.5543129,-105.1434097,TRUE,FALSE,FALSE,"S280159487"
"1725","bkbmag1","Black-billed Magpie","Pica hudsonia","L54208726","Evans Canyon Loop Riparian","2025-10-18 13:13",1,39.5586631,-119.8335635,TRUE,FALSE,TRUE,"S280171998"
"1726","bkbmag1","Black-billed Magpie","Pica hudsonia","L38804123","Utah Museum of Natural History","2025-10-18 13:10",2,40.763769,-111.822964,TRUE,FALSE,FALSE,"S280156347"
"1727","bkbmag1","Black-billed Magpie","Pica hudsonia","L54204965","Mount Helena City Park, Helena US-MT 46.58885, -112.05175","2025-10-18 13:06",5,46.588848,-112.051754,TRUE,FALSE,TRUE,"S280156755"
"1728","bkbmag1","Black-billed Magpie","Pica hudsonia","L54123237","11660 West Silver City Street, Boise, Idaho, US","2025-10-18 13:05",1,43.6148224,-116.3275139,TRUE,FALSE,TRUE,"S280521792"
"1729","bkbmag1","Black-billed Magpie","Pica hudsonia","L54210093","2200–2202 CA-89, Clio US-CA (39.7261,-120.5482)","2025-10-18 13:01",2,39.72605,-120.548217,TRUE,FALSE,TRUE,"S280177856"
"1730","bkbmag1","Black-billed Magpie","Pica hudsonia","L621875","South Fork area","2025-10-18 13:01",2,37.6816467,-106.6442871,TRUE,FALSE,FALSE,"S280156121"
"1731","bkbmag1","Black-billed Magpie","Pica hudsonia","L16324045","Pine Valley Drive, Cascade, Idaho, US","2025-10-18 12:59",1,44.4828927,-116.0325601,TRUE,FALSE,TRUE,"S280154485"
"1732","bkbmag1","Black-billed Magpie","Pica hudsonia","L5906418","Hubcamp","2025-10-18 12:56",2,45.298724,-117.8005074,TRUE,FALSE,TRUE,"S280358504"
"1733","bkbmag1","Black-billed Magpie","Pica hudsonia","L54213507","Boulder Mountain Park, Boulder US-CO 40.02153, -105.31135","2025-10-18 12:55",3,40.021528,-105.311349,TRUE,FALSE,TRUE,"S280192882"
"1734","bkbmag1","Black-billed Magpie","Pica hudsonia","L9954432","Grand Teton NP--Pacific Creek Landing","2025-10-18 12:51",2,43.8453,-110.515914,TRUE,FALSE,FALSE,"S280226160"
"1735","bkbmag1","Black-billed Magpie","Pica hudsonia","L1435405","Tongue River Reservoir SP","2025-10-18 12:39",6,45.1,-106.795,TRUE,FALSE,FALSE,"S280180829"
"1736","bkbmag1","Black-billed Magpie","Pica hudsonia","L1101934","Hermosa Creek area--Lower Hermosa Campground to Hermosa (town)","2025-10-18 12:35",2,37.4315913,-107.8473759,TRUE,FALSE,FALSE,"S281159118"
"1737","bkbmag1","Black-billed Magpie","Pica hudsonia","L54209523","Mesa Valley Wildlife Preserve","2025-10-18 12:30",6,38.8621753,-104.854964,TRUE,FALSE,FALSE,"S280176701"
"1738","bkbmag1","Black-billed Magpie","Pica hudsonia","L31588752","5471 North Westfork Drive, Wasilla, Alaska, US (61.644, -149.321)","2025-10-18 12:29",1,61.6436032,-149.3210773,TRUE,FALSE,TRUE,"S280173118"
"1739","bkbmag1","Black-billed Magpie","Pica hudsonia","L30018016","Lee Metcalf NWR-- Riparian Way Trail","2025-10-18 12:29",1,46.5381544,-114.09632,TRUE,FALSE,FALSE,"S280159297"
"1740","bkbmag1","Black-billed Magpie","Pica hudsonia","L34120137","Little Dolores Road, Glade Park, Colorado, US (38.984, -108.915)","2025-10-18 12:27",3,38.9840146,-108.9147465,TRUE,FALSE,TRUE,"S280163365"
"1741","bkbmag1","Black-billed Magpie","Pica hudsonia","L1791873","Wheat Ridge Greenbelt--Bass Lake Wildlife Trail","2025-10-18 12:22",4,39.7720371,-105.1336853,TRUE,FALSE,FALSE,"S280925962"
"1742","bkbmag1","Black-billed Magpie","Pica hudsonia","L18726398","Belmont Road, Mica","2025-10-18 12:20",4,47.560978,-117.182143,TRUE,FALSE,TRUE,"S280173074"
"1743","bkbmag1","Black-billed Magpie","Pica hudsonia","L1359587","Finch Arboretum","2025-10-18 12:15",2,47.641255,-117.4675192,TRUE,FALSE,FALSE,"S280163967"
"1744","bkbmag1","Black-billed Magpie","Pica hudsonia","L21374870","Towers Rd, Juneau US-AK 58.38916, -134.76825","2025-10-18 12:12",2,58.389163,-134.76825,TRUE,FALSE,TRUE,"S280215277"
"1745","bkbmag1","Black-billed Magpie","Pica hudsonia","L247305","Central Park Pond","2025-10-18 12:11",2,45.8284823,-111.2841328,TRUE,FALSE,FALSE,"S280147174"
"1746","bkbmag1","Black-billed Magpie","Pica hudsonia","L893109","Third Fork","2025-10-18 12:09",1,42.2530925,-114.2493582,TRUE,FALSE,FALSE,"S280151686"
"1747","bkbmag1","Black-billed Magpie","Pica hudsonia","L2725229","Republic (town)","2025-10-18 12:00",2,48.6475412,-118.7352347,TRUE,FALSE,FALSE,"S280157497"
"1748","bkbmag1","Black-billed Magpie","Pica hudsonia","L4459700","Patterson Hollow","2025-10-18 12:00",1,38.227806,-112.503687,TRUE,FALSE,TRUE,"S280309885"
"1749","bkbmag1","Black-billed Magpie","Pica hudsonia","L54201641","114 East 275 South, Jerome, Idaho, US (42.685, -114.499)","2025-10-18 11:59",NA,42.6848419,-114.4989605,TRUE,FALSE,TRUE,"S280143048"
"1750","bkbmag1","Black-billed Magpie","Pica hudsonia","L3669960","Three Sisters Viewpoint","2025-10-18 11:58",1,44.2024023,-121.405634,TRUE,FALSE,FALSE,"S280224552"
"1751","bkbmag1","Black-billed Magpie","Pica hudsonia","L6075195","Rock Creek Park (Army Corps of Engineers)","2025-10-18 11:53",1,45.7199935,-120.4603243,TRUE,FALSE,FALSE,"S280171897"
"1752","bkbmag1","Black-billed Magpie","Pica hudsonia","L626092","Eagle River Nature Center","2025-10-18 11:52",1,61.2342515,-149.2712295,TRUE,FALSE,FALSE,"S280178421"
"1753","bkbmag1","Black-billed Magpie","Pica hudsonia","L11326059","3379–3399 LT Moss Rd, Missoula US-MT 46.84164, -114.06510","2025-10-18 11:51",5,46.841642,-114.065098,TRUE,FALSE,TRUE,"S280150284"
"1754","bkbmag1","Black-billed Magpie","Pica hudsonia","L7084474","Twisp Town Park","2025-10-18 11:51",1,48.367629,-120.120617,TRUE,FALSE,FALSE,"S280153086"
"1755","bkbmag1","Black-billed Magpie","Pica hudsonia","L511647","Prospect Ponds Natural Area","2025-10-18 11:50",2,40.5617039,-105.0262375,TRUE,FALSE,FALSE,"S280153180"
"1756","bkbmag1","Black-billed Magpie","Pica hudsonia","L54210142","333 Sunrise Ln, Boulder US-CO 40.07368, -105.33835","2025-10-18 11:47",2,40.073678,-105.338348,TRUE,FALSE,TRUE,"S280178102"
"1757","bkbmag1","Black-billed Magpie","Pica hudsonia","L1569894","Hamilton--Heironymous Park","2025-10-18 11:42",4,46.2630753,-114.1603755,TRUE,FALSE,FALSE,"S280151899"
"1758","bkbmag1","Black-billed Magpie","Pica hudsonia","L11618360","Delta Agricultural Project--Sawmill Creek Rd.","2025-10-18 11:41",5,63.9294909,-145.1489706,TRUE,FALSE,FALSE,"S280170929"
"1759","bkbmag1","Black-billed Magpie","Pica hudsonia","L3125528","Fuji Park","2025-10-18 11:41",2,39.1149533,-119.7769797,TRUE,FALSE,FALSE,"S280157644"
"1760","bkbmag1","Black-billed Magpie","Pica hudsonia","L54204589","Glendale Park","2025-10-18 11:36",1,39.70614,-104.928783,TRUE,FALSE,TRUE,"S280155202"
"1761","bkbmag1","Black-billed Magpie","Pica hudsonia","L54220131","11157 Washington 21, Keller, Washington, US (48.014, -118.682)","2025-10-18 11:34",1,48.0135902,-118.6816077,TRUE,FALSE,TRUE,"S280221285"
"1762","bkbmag1","Black-billed Magpie","Pica hudsonia","L2378932","Ennis Lake--East Shore","2025-10-18 11:31",5,45.4312423,-111.6536922,TRUE,FALSE,FALSE,"S280410887"
"1763","bkbmag1","Black-billed Magpie","Pica hudsonia","L54199936","380 Indian Prairie Loop, Victor US-MT 46.47445, -114.15635","2025-10-18 11:31",1,46.474451,-114.156349,TRUE,FALSE,TRUE,"S280136364"
"1764","bkbmag1","Black-billed Magpie","Pica hudsonia","L54200849","379–407 Mill Creek Rd, Livingston US-MT 45.37016, -110.62958","2025-10-18 11:30",4,45.370162,-110.629579,TRUE,FALSE,TRUE,"S280139962"
"1765","bkbmag1","Black-billed Magpie","Pica hudsonia","L54200025","East Spring Coulee","2025-10-18 11:28",1,46.3388403,-106.8752518,TRUE,FALSE,TRUE,"S280136678"
"1766","bkbmag1","Black-billed Magpie","Pica hudsonia","L12559408","N Branch Cottonwood Creek--E Woodmen Rd to Rangewood Dr","2025-10-18 11:27",1,38.9378181,-104.7451605,TRUE,FALSE,FALSE,"S280146683"
"1767","bkbmag1","Black-billed Magpie","Pica hudsonia","L54199793","Chatfield State Park, Littleton US-CO 39.56288, -105.05543","2025-10-18 11:27",1,39.562879,-105.055428,TRUE,FALSE,TRUE,"S280135669"
"1768","bkbmag1","Black-billed Magpie","Pica hudsonia","L54202558","13929 Colorado 142, Colorado, US (37.213, -105.523)","2025-10-18 11:26",2,37.2134284,-105.5226172,TRUE,FALSE,TRUE,"S280146856"
"1769","bkbmag1","Black-billed Magpie","Pica hudsonia","L54204750","96118, Loyalton US-CA 39.68517, -120.14217","2025-10-18 11:24",2,39.68517,-120.142166,TRUE,FALSE,TRUE,"S280155859"
"1770","bkbmag1","Black-billed Magpie","Pica hudsonia","L168243","Golden Eagle Trail Pond area","2025-10-18 11:12",1,38.16704,-107.75815,TRUE,FALSE,FALSE,"S280166807"
"1771","bkbmag1","Black-billed Magpie","Pica hudsonia","L1543769","River Fork Ranch","2025-10-18 11:07",6,38.9972034,-119.8248929,TRUE,FALSE,FALSE,"S280156255"
"1772","bkbmag1","Black-billed Magpie","Pica hudsonia","L54202643","US-395 N, Independence US-CA 36.67999, -118.10267","2025-10-18 11:05",1,36.679987,-118.102665,TRUE,FALSE,TRUE,"S280147198"
"1773","bkbmag1","Black-billed Magpie","Pica hudsonia","L1033382","Red Rocks Park--Trading Post","2025-10-18 11:04",4,39.6638339,-105.2032059,TRUE,FALSE,FALSE,"S280144003"
"1774","bkbmag1","Black-billed Magpie","Pica hudsonia","L249812","Blacks Creek Bird Reserve","2025-10-18 11:04",3,43.4584433,-116.1426544,TRUE,FALSE,FALSE,"S280198681"
"1775","bkbmag1","Black-billed Magpie","Pica hudsonia","L23785905","Doyle Grade Rd.","2025-10-18 11:03",1,40.0248354,-120.111723,TRUE,FALSE,TRUE,"S280162534"
"1776","bkbmag1","Black-billed Magpie","Pica hudsonia","L3998236","South Platte River--Northern Wildlife Area to West Bowles Ave","2025-10-18 11:01",1,39.6061437,-105.024123,TRUE,FALSE,FALSE,"S280143119"
"1777","bkbmag1","Black-billed Magpie","Pica hudsonia","L24670404","Jocko River/Arlee Fish Hatchery","2025-10-18 10:46",7,47.1699038,-114.0822299,TRUE,FALSE,FALSE,"S280142665"
"1778","bkbmag1","Black-billed Magpie","Pica hudsonia","L54193590","Auto selected 37.79545, -100.36188","2025-10-18 10:46",3,37.795455,-100.361882,TRUE,FALSE,TRUE,"S280108635"
"1779","bkbmag1","Black-billed Magpie","Pica hudsonia","L8899084","La Posta Rd, Colorado","2025-10-18 10:45",3,37.0708343,-107.8849517,TRUE,FALSE,TRUE,"S280132255"
"1780","bkbmag1","Black-billed Magpie","Pica hudsonia","L54197342","701 Albion St, Denver US-CO 39.72748, -104.93947","2025-10-18 10:45",1,39.727478,-104.939468,TRUE,FALSE,TRUE,"S280125543"
"1781","bkbmag1","Black-billed Magpie","Pica hudsonia","L11024213","Bramante Yard","2025-10-18 10:39",2,48.286826,-114.151542,TRUE,FALSE,TRUE,"S280141375"
"1782","bkbmag1","Black-billed Magpie","Pica hudsonia","L54203936","3000–3498 Snipes Pump Rd, Granger US-WA 46.25160, -120.04156","2025-10-18 10:36",6,46.251604,-120.041556,TRUE,FALSE,TRUE,"S280152673"
"1783","bkbmag1","Black-billed Magpie","Pica hudsonia","L552807","Avon","2025-10-18 10:36",1,41.5260577,-111.8142128,TRUE,FALSE,FALSE,"S280325701"
"1784","bkbmag1","Black-billed Magpie","Pica hudsonia","L387519","Rose Canyon Road","2025-10-18 10:34",9,40.4701261,-112.0780114,TRUE,FALSE,FALSE,"S280164472"
"1785","bkbmag1","Black-billed Magpie","Pica hudsonia","L514208","Three Forks Ponds","2025-10-18 10:33",3,45.8963354,-111.5368438,TRUE,FALSE,FALSE,"S280333694"
"1786","bkbmag1","Black-billed Magpie","Pica hudsonia","L3811321","Grand Teton NP--Moose Wilson Rd. wetlands overlook","2025-10-18 10:26",1,43.65416,-110.73764,TRUE,FALSE,FALSE,"S280226078"
"1787","bkbmag1","Black-billed Magpie","Pica hudsonia","L54199644","3000–3498 Snipes Pump Rd, Granger US-WA 46.25710, -120.04148","2025-10-18 10:23",1,46.257099,-120.041483,TRUE,FALSE,TRUE,"S280135062"
"1788","bkbmag1","Black-billed Magpie","Pica hudsonia","L2289918","Three Forks (town)","2025-10-18 10:21",3,45.89262,-111.54936,TRUE,FALSE,FALSE,"S280333409"
"1789","bkbmag1","Black-billed Magpie","Pica hudsonia","L45064326","Moffatt yard","2025-10-18 10:21",1,39.045916,-108.513435,TRUE,FALSE,TRUE,"S280120713"
"1790","bkbmag1","Black-billed Magpie","Pica hudsonia","L54199440","1066–1098 W Line St, Bishop US-CA 37.36141, -118.41000","2025-10-18 10:20",2,37.361407,-118.409999,TRUE,FALSE,TRUE,"S280134092"
"1791","bkbmag1","Black-billed Magpie","Pica hudsonia","L54205641","2791 N 3850 E, Eden US-UT 41.30925, -111.85596","2025-10-18 10:20",2,41.309248,-111.85596,TRUE,FALSE,TRUE,"S280159470"
"1792","bkbmag1","Black-billed Magpie","Pica hudsonia","L15003450","1591 Hillcrest Dr, Burns US-OR 43.58146, -119.06982","2025-10-18 10:19",3,43.581455,-119.069816,TRUE,FALSE,TRUE,"S280150308"
"1793","bkbmag1","Black-billed Magpie","Pica hudsonia","L2278082","Plains Conservation Center","2025-10-18 10:13",1,39.6563734,-104.7359544,TRUE,FALSE,FALSE,"S280134837"
"1794","bkbmag1","Black-billed Magpie","Pica hudsonia","L54195297","1552 E 700 S, Clearfield US-UT 41.10350, -111.99520","2025-10-18 10:11",1,41.103502,-111.995203,TRUE,FALSE,TRUE,"S280116301"
"1795","bkbmag1","Black-billed Magpie","Pica hudsonia","L54164936","Forest Service Road 28, Silver Lake US-OR 43.02588, -121.06450","2025-10-18 10:11",1,43.025879,-121.064503,TRUE,FALSE,TRUE,"S280142907"
"1796","bkbmag1","Black-billed Magpie","Pica hudsonia","L12491792","Skyline canyon","2025-10-18 10:11",1,39.4770675,-119.8394038,TRUE,FALSE,TRUE,"S280160694"
"1797","bkbmag1","Black-billed Magpie","Pica hudsonia","L10962241","Two Leggins FAS","2025-10-18 10:10",9,45.6454283,-107.6588488,TRUE,FALSE,FALSE,"S280357587"
"1798","bkbmag1","Black-billed Magpie","Pica hudsonia","L54197031","Hebgen Lake—Midge Cove, West Yellowstone US-MT 44.82010, -111.26129","2025-10-18 10:09",1,44.820104,-111.261291,TRUE,FALSE,TRUE,"S280124219"
"1799","bkbmag1","Black-billed Magpie","Pica hudsonia","L714038","Hogle Zoo","2025-10-18 10:08",6,40.7498893,-111.8141994,TRUE,FALSE,FALSE,"S280152480"
"1800","bkbmag1","Black-billed Magpie","Pica hudsonia","L624633","Willow Spring Open Space","2025-10-18 10:04",7,39.587295,-104.917418,TRUE,FALSE,FALSE,"S280137209"
"1801","bkbmag1","Black-billed Magpie","Pica hudsonia","L7780024","Strawberry Reservoir--Renegade Point","2025-10-18 10:04",1,40.1243037,-111.1519763,TRUE,FALSE,FALSE,"S280502160"
"1802","bkbmag1","Black-billed Magpie","Pica hudsonia","L23354588","Silver Oak (NW Carson City)","2025-10-18 10:03",4,39.1862926,-119.7839048,TRUE,FALSE,TRUE,"S280151805"
"1803","bkbmag1","Black-billed Magpie","Pica hudsonia","L740752","Malheur NWR--Benson Pond","2025-10-18 10:02",1,42.9566738,-118.8657188,TRUE,FALSE,FALSE,"S280147559"
"1804","bkbmag1","Black-billed Magpie","Pica hudsonia","L54262891","3586–4108 County Road 245, New Castle US-CO 39.60566, -107.59313","2025-10-18 10:00",3,39.605659,-107.593128,TRUE,FALSE,TRUE,"S280416578"
"1805","bkbmag1","Black-billed Magpie","Pica hudsonia","L7394811","Butcher Home","2025-10-18 10:00",4,43.4680578,-110.8058524,TRUE,FALSE,TRUE,"S280315423"
"1806","bkbmag1","Black-billed Magpie","Pica hudsonia","L54196710","24844–25046 US-160, Bayfield US-CO 37.23203, -107.39509","2025-10-18 10:00",2,37.232028,-107.395088,TRUE,FALSE,TRUE,"S280122744"
"1807","bkbmag1","Black-billed Magpie","Pica hudsonia","L28538216","203 Pine Cone Ave, Spearfish US-SD 44.47163, -103.86631","2025-10-18 10:00",1,44.471626,-103.866312,TRUE,FALSE,TRUE,"S280119149"
"1808","bkbmag1","Black-billed Magpie","Pica hudsonia","L2408948","Potlatch Sewage Lagoons (access from the Potlatch Depot side only)","2025-10-18 09:59",1,46.9216623,-116.9142509,TRUE,FALSE,FALSE,"S280166220"
"1809","bkbmag1","Black-billed Magpie","Pica hudsonia","L1047351","Kincaid Park--Pt. Campbell","2025-10-18 09:58",4,61.156426,-150.0722873,TRUE,FALSE,FALSE,"S280173202"
"1810","bkbmag1","Black-billed Magpie","Pica hudsonia","L2221654","Rosalia STP","2025-10-18 09:58",2,47.2407096,-117.372179,TRUE,FALSE,FALSE,"S280524973"
"1811","bkbmag1","Black-billed Magpie","Pica hudsonia","L4802276","Leisure Island Park","2025-10-18 09:54",3,48.1748434,-114.2768944,TRUE,FALSE,FALSE,"S280118569"
"1812","bkbmag1","Black-billed Magpie","Pica hudsonia","L54193990","9 Las Vegas Boulevard, Las Vegas, New Mexico, US (35.631, -105.202)","2025-10-18 09:53",1,35.631459,-105.2016006,TRUE,FALSE,TRUE,"S280110320"
"1813","bkbmag1","Black-billed Magpie","Pica hudsonia","L14679364","Cold Springs NWR--Memorial Marsh Unit","2025-10-18 09:53",1,45.849478,-119.141444,TRUE,FALSE,FALSE,"S280546487"
"1814","bkbmag1","Black-billed Magpie","Pica hudsonia","L54201335","293 Canal Rd, Sparks US-NV (39.5899,-119.4131)","2025-10-18 09:51",3,39.589929,-119.413064,TRUE,FALSE,TRUE,"S280141870"
"1815","bkbmag1","Black-billed Magpie","Pica hudsonia","L54193831","US-89, Alton US-UT 37.50600, -112.49882","2025-10-18 09:50",1,37.505997,-112.498817,TRUE,FALSE,TRUE,"S280109664"
"1816","bkbmag1","Black-billed Magpie","Pica hudsonia","L1526714","Knik River PUA--Jim Lake","2025-10-18 09:49",1,61.556399,-148.925173,TRUE,FALSE,FALSE,"S280163166"
"1817","bkbmag1","Black-billed Magpie","Pica hudsonia","L18861221","Fraser River Trail through Rendezvous to Headwaters Center","2025-10-18 09:48",3,39.932943,-105.788873,TRUE,FALSE,TRUE,"S280124780"
"1818","bkbmag1","Black-billed Magpie","Pica hudsonia","L888474","Walden Reservoir--SE side","2025-10-18 09:46",2,40.7251123,-106.2990332,TRUE,FALSE,FALSE,"S280120487"
"1819","bkbmag1","Black-billed Magpie","Pica hudsonia","L39470373","ES.5 Road, Glade Park, Colorado, US (38.953, -108.734)","2025-10-18 09:43",2,38.9528306,-108.7343462,TRUE,FALSE,TRUE,"S280122242"
"1820","bkbmag1","Black-billed Magpie","Pica hudsonia","L19808968","Safeway in Fraser, CO, Hwy 40","2025-10-18 09:41",3,39.945451,-105.811639,TRUE,FALSE,TRUE,"S280109007"
"1821","bkbmag1","Black-billed Magpie","Pica hudsonia","L4685426","Latah County Landfill--Front Ponds","2025-10-18 09:40",1,46.7141939,-116.8997133,TRUE,FALSE,FALSE,"S280134760"
"1822","bkbmag1","Black-billed Magpie","Pica hudsonia","L6760144","13079 Whisper Canyon Rd, Castle Pines North US-CO (39.4788,-104.9139)","2025-10-18 09:39",2,39.478782,-104.913861,TRUE,FALSE,TRUE,"S280125340"
"1823","bkbmag1","Black-billed Magpie","Pica hudsonia","L2218330","My House - Eagle, Colorado","2025-10-18 09:38",1,39.629002,-106.790726,TRUE,FALSE,TRUE,"S280142795"
"1824","bkbmag1","Black-billed Magpie","Pica hudsonia","L15480901","Lakewood Gulch - East Pleasant View","2025-10-18 09:37",2,39.7278933,-105.1470316,TRUE,FALSE,TRUE,"S280110383"
"1825","bkbmag1","Black-billed Magpie","Pica hudsonia","L878236","McCarran Ranch--south shore (Storey Co.)","2025-10-18 09:35",8,39.5462299,-119.5668054,TRUE,FALSE,FALSE,"S280149545"
"1826","bkbmag1","Black-billed Magpie","Pica hudsonia","L487213","Lake Frances","2025-10-18 09:35",1,48.2918738,-112.2631073,TRUE,FALSE,FALSE,"S280196528"
"1827","bkbmag1","Black-billed Magpie","Pica hudsonia","L807152","Battle Creek Canyon","2025-10-18 09:32",1,40.3657081,-111.6981268,TRUE,FALSE,FALSE,"S280128215"
"1828","bkbmag1","Black-billed Magpie","Pica hudsonia","L36823137","960 Strawberry Dr, Helena US-MT (46.5774,-112.0200)","2025-10-18 09:30",5,46.577365,-112.019978,TRUE,FALSE,TRUE,"S280277544"
"1829","bkbmag1","Black-billed Magpie","Pica hudsonia","L54218418","Union Hall Rd","2025-10-18 09:30",2,45.9010765,-109.5221498,TRUE,FALSE,TRUE,"S280214771"
"1830","bkbmag1","Black-billed Magpie","Pica hudsonia","L37493757","Point Higgins school","2025-10-18 09:30",1,55.4704364,-131.820157,TRUE,FALSE,TRUE,"S280205848"
"1831","bkbmag1","Black-billed Magpie","Pica hudsonia","L36818798","Adler Jayo Ranch","2025-10-18 09:30",1,40.046887,-120.717577,TRUE,FALSE,TRUE,"S280126662"
"1832","bkbmag1","Black-billed Magpie","Pica hudsonia","L54188824","226 County Road 85, Tabernash, Colorado, US (40.016, -105.888)","2025-10-18 09:29",1,40.0162528,-105.8877244,TRUE,FALSE,TRUE,"S280103447"
"1833","bkbmag1","Black-billed Magpie","Pica hudsonia","L10207441","Eldorado Mountain Open Space--Fowler Trail","2025-10-18 09:29",2,39.930477,-105.2744985,TRUE,FALSE,FALSE,"S280113611"
"1834","bkbmag1","Black-billed Magpie","Pica hudsonia","L2162295","Delta Agricultural Project--Barley Way","2025-10-18 09:28",1,63.988385,-145.367407,TRUE,FALSE,FALSE,"S280159161"
"1835","bkbmag1","Black-billed Magpie","Pica hudsonia","L14307002","Walla Walla University","2025-10-18 09:28",2,46.0464498,-118.3915807,TRUE,FALSE,FALSE,"S280145863"
"1836","bkbmag1","Black-billed Magpie","Pica hudsonia","L7649047","South Fork Willow Creek (west end)","2025-10-18 09:27",3,43.8097563,-116.4273119,TRUE,FALSE,TRUE,"S280123564"
"1837","bkbmag1","Black-billed Magpie","Pica hudsonia","L51526823","Summer Valley Park, Aurora US-CO 39.64679, -104.78206","2025-10-18 09:26",1,39.646795,-104.782064,TRUE,FALSE,TRUE,"S280115806"
"1838","bkbmag1","Black-billed Magpie","Pica hudsonia","L3034707","Kincaid Park--Little Campbell Lake","2025-10-18 09:25",NA,61.1616013,-150.0241041,TRUE,FALSE,FALSE,"S280169866"
"1839","bkbmag1","Black-billed Magpie","Pica hudsonia","L2943648","Matheson Preserve 400 N","2025-10-18 09:24",2,38.579297,-109.573894,TRUE,FALSE,TRUE,"S280136655"
"1840","bkbmag1","Black-billed Magpie","Pica hudsonia","L1812791","Ennis Lake--North Shore","2025-10-18 09:24",3,45.4477853,-111.6738975,TRUE,FALSE,FALSE,"S280315092"
"1841","bkbmag1","Black-billed Magpie","Pica hudsonia","L22580347","Fall River House","2025-10-18 09:22",1,40.388329,-105.561432,TRUE,FALSE,TRUE,"S280118146"
"1842","bkbmag1","Black-billed Magpie","Pica hudsonia","L11321844","Quarter-mile Route","2025-10-18 09:22",1,47.0282214,-116.9264984,TRUE,FALSE,TRUE,"S280127639"
"1843","bkbmag1","Black-billed Magpie","Pica hudsonia","L54209484","Utah 20","2025-10-18 09:20",4,38.025037,-112.5316487,TRUE,FALSE,TRUE,"S280175485"
"1844","bkbmag1","Black-billed Magpie","Pica hudsonia","L30877072","Falcon Park (Highlands Ranch)","2025-10-18 09:18",4,39.5451729,-104.9366309,TRUE,FALSE,FALSE,"S280191285"
"1845","bkbmag1","Black-billed Magpie","Pica hudsonia","L39677253","Kiley Ranch Wetlands & Battleborn Pond WMA--Battleborn Pond","2025-10-18 09:18",5,39.6090221,-119.7111156,TRUE,FALSE,FALSE,"S280139017"
"1846","bkbmag1","Black-billed Magpie","Pica hudsonia","L4810084","Sand Creek, 11th St W, Williston","2025-10-18 09:17",1,48.154282,-103.6600263,TRUE,FALSE,TRUE,"S280080404"
"1847","bkbmag1","Black-billed Magpie","Pica hudsonia","L4954897","First Creek at DEN Open Space","2025-10-18 09:16",1,39.8046083,-104.7891936,TRUE,FALSE,FALSE,"S280129965"
"1848","bkbmag1","Black-billed Magpie","Pica hudsonia","L515636","Walden (town)","2025-10-18 09:15",2,40.7312914,-106.281116,TRUE,FALSE,FALSE,"S280103267"
"1849","bkbmag1","Black-billed Magpie","Pica hudsonia","L18914854","Deer Creek Canyon Park - Plymouth Creek Trail (trailhead to Meadowlark Tr)","2025-10-18 09:12",2,39.53705,-105.151982,TRUE,FALSE,TRUE,"S280159393"
"1850","bkbmag1","Black-billed Magpie","Pica hudsonia","L248232","Hulls Gulch Reserve","2025-10-18 09:11",1,43.6378792,-116.1965719,TRUE,FALSE,FALSE,"S280128820"
"1851","bkbmag1","Black-billed Magpie","Pica hudsonia","L4316125","Freeze Rd- Deep Creek Loop","2025-10-18 09:06",2,46.9872203,-116.933198,TRUE,FALSE,TRUE,"S280124980"
"1852","bkbmag1","Black-billed Magpie","Pica hudsonia","L17958685","Poppakooker Yard","2025-10-18 09:05",1,45.1795216,-113.9058754,TRUE,FALSE,TRUE,"S280098970"
"1853","bkbmag1","Black-billed Magpie","Pica hudsonia","L1510157","Bradford Brinton Memorial and Museum","2025-10-18 09:04",2,44.6445823,-107.0076299,TRUE,FALSE,FALSE,"S280421510"
"1854","bkbmag1","Black-billed Magpie","Pica hudsonia","L54192884","1594 Arabian Avenue, Rifle, Colorado, US (39.544, -107.773)","2025-10-18 09:04",4,39.5441807,-107.7727004,TRUE,FALSE,TRUE,"S280105662"
"1855","bkbmag1","Black-billed Magpie","Pica hudsonia","L3766845","Theodore Roosevelt NP--Scenic Drive (North Unit)","2025-10-18 09:02",1,47.5927964,-103.3083986,TRUE,FALSE,FALSE,"S280150277"
"1856","bkbmag1","Black-billed Magpie","Pica hudsonia","L12269616","Montrose Riverway Trail--W Main St to North Trailhead","2025-10-18 08:58",1,38.484221,-107.8934501,TRUE,FALSE,FALSE,"S280116262"
"1857","bkbmag1","Black-billed Magpie","Pica hudsonia","L54197423","Chatfield State Park, Littleton US-CO 39.53667, -105.08748","2025-10-18 08:58",1,39.53667,-105.087475,TRUE,FALSE,TRUE,"S280125923"
"1858","bkbmag1","Black-billed Magpie","Pica hudsonia","L4378754","Coon's Age Farm-MT-Belfry-101 Lovers Ln - 45.1171x-108.9953","2025-10-18 08:56",2,45.117067,-108.995307,TRUE,FALSE,TRUE,"S280110511"
"1859","bkbmag1","Black-billed Magpie","Pica hudsonia","L54202733","3986 75th St, White Rocks (not open to public). Boulder US-CO","2025-10-18 08:55",2,40.047049,-105.169159,TRUE,FALSE,TRUE,"S280147569"
"1860","bkbmag1","Black-billed Magpie","Pica hudsonia","L19442734","340 Golf Way, Bozeman US-MT (45.6747,-111.0215)","2025-10-18 08:53",6,45.674654,-111.021482,TRUE,FALSE,TRUE,"S280100829"
"1861","bkbmag1","Black-billed Magpie","Pica hudsonia","L1430664","Clark Canyon Reservoir--Red Rock Rd.","2025-10-18 08:51",4,44.9393419,-112.848165,TRUE,FALSE,FALSE,"S280478124"
"1862","bkbmag1","Black-billed Magpie","Pica hudsonia","L45690061","Bayou Gulch Openspace--Two Bridges Trail","2025-10-18 08:45",3,39.4246576,-104.7332239,TRUE,FALSE,FALSE,"S280096354"
"1863","bkbmag1","Black-billed Magpie","Pica hudsonia","L54189578","2–98 Gomez Market Rd, Cerro US-NM 36.75575, -105.60268","2025-10-18 08:44",3,36.755747,-105.602678,TRUE,FALSE,TRUE,"S280090848"
"1864","bkbmag1","Black-billed Magpie","Pica hudsonia","L2285228","Devils Backbone Open Space","2025-10-18 08:41",8,40.411697,-105.1524324,TRUE,FALSE,FALSE,"S280117656"
"1865","bkbmag1","Black-billed Magpie","Pica hudsonia","L54191182","53353–53393 SH-14, Walden US-CO 40.55351, -106.05468","2025-10-18 08:41",1,40.553509,-106.054682,TRUE,FALSE,TRUE,"S280097792"
"1866","bkbmag1","Black-billed Magpie","Pica hudsonia","L1650750","Cartier Slough WMA","2025-10-18 08:41",4,43.8146699,-111.9331388,TRUE,FALSE,FALSE,"S280109084"
"1867","bkbmag1","Black-billed Magpie","Pica hudsonia","L11394562","235 Oak Road","2025-10-18 08:41",2,37.2400932,-107.9555904,TRUE,FALSE,TRUE,"S280097040"
"1868","bkbmag1","Black-billed Magpie","Pica hudsonia","L54108723","Tiarado GC","2025-10-18 08:40",1,39.074874,-108.668564,TRUE,FALSE,TRUE,"S280100611"
"1869","bkbmag1","Black-billed Magpie","Pica hudsonia","L9134068","Silver Fox Roadhouse 1404 Alaska Highway, Delta Junction, Alaska, US (63.901, -145.237)","2025-10-18 08:39",6,63.9013384,-145.2369055,TRUE,FALSE,TRUE,"S280129912"
"1870","bkbmag1","Black-billed Magpie","Pica hudsonia","L2296807","Animas River--Huck Finn Pond & Hatchery area","2025-10-18 08:37",2,37.2807117,-107.8743696,TRUE,FALSE,FALSE,"S280099628"
"1871","bkbmag1","Black-billed Magpie","Pica hudsonia","L20155681","1854 State Highway 135, Gunnison US-CO 38.57031, -106.92173","2025-10-18 08:36",6,38.57031,-106.921728,TRUE,FALSE,TRUE,"S280416372"
"1872","bkbmag1","Black-billed Magpie","Pica hudsonia","L1001717","Porcupine Reservoir","2025-10-18 08:34",2,41.5196316,-111.7374802,TRUE,FALSE,FALSE,"S280169565"
"1873","bkbmag1","Black-billed Magpie","Pica hudsonia","L3047323","Parker Jordan Centennial Open Space","2025-10-18 08:33",1,39.574204,-104.7996998,TRUE,FALSE,FALSE,"S280095681"
"1874","bkbmag1","Black-billed Magpie","Pica hudsonia","L43770512","Mountain Shadows Open Space, Colorado Springs","2025-10-18 08:33",1,38.9105353,-104.8678819,TRUE,FALSE,TRUE,"S280087262"
"1875","bkbmag1","Black-billed Magpie","Pica hudsonia","L17527074","White Hill WMA","2025-10-18 08:31",4,39.442698,-111.544954,TRUE,FALSE,TRUE,"S280118974"
"1876","bkbmag1","Black-billed Magpie","Pica hudsonia","L54197118","Smith Rock State Park, Terrebonne US-OR 44.36789, -121.13990","2025-10-18 08:30",1,44.367894,-121.139898,TRUE,FALSE,TRUE,"S280124593"
"1877","bkbmag1","Black-billed Magpie","Pica hudsonia","L31512910","Pine Tree Corner","2025-10-18 08:30",1,42.192231,-112.3309464,TRUE,FALSE,TRUE,"S280109657"
"1878","bkbmag1","Black-billed Magpie","Pica hudsonia","L1024241","Rio Grande del Norte NM--Orilla Verde Recreation Area","2025-10-18 08:30",1,36.298525,-105.7739639,TRUE,FALSE,FALSE,"S280118612"
"1879","bkbmag1","Black-billed Magpie","Pica hudsonia","L54188523","51 Post Office Rd, Cerro US-NM 36.75542, -105.60234","2025-10-18 08:28",3,36.755423,-105.602338,TRUE,FALSE,TRUE,"S280085824"
"1880","bkbmag1","Black-billed Magpie","Pica hudsonia","L344645","Horseshoe Park (Aurora)","2025-10-18 08:24",2,39.6815753,-104.8001816,TRUE,FALSE,FALSE,"S280101083"
"1881","bkbmag1","Black-billed Magpie","Pica hudsonia","L22538695","Reams Road","2025-10-18 08:20",5,46.717527,-116.8919537,TRUE,FALSE,TRUE,"S280119485"
"1882","bkbmag1","Black-billed Magpie","Pica hudsonia","L23483146","Old Armstead Road","2025-10-18 08:20",3,44.9380087,-112.8585309,TRUE,FALSE,TRUE,"S280477049"
"1883","bkbmag1","Black-billed Magpie","Pica hudsonia","L21820041","Washington Park--Grasmere Lake","2025-10-18 08:19",2,39.6953669,-104.971686,TRUE,FALSE,FALSE,"S280100179"
"1884","bkbmag1","Black-billed Magpie","Pica hudsonia","L235311","Ouray (town)","2025-10-18 08:19",2,38.02167,-107.67086,TRUE,FALSE,FALSE,"S280081340"
"1885","bkbmag1","Black-billed Magpie","Pica hudsonia","L11942059","Wallace Park","2025-10-18 08:18",3,39.631242,-104.8890924,TRUE,FALSE,FALSE,"S280089783"
"1886","bkbmag1","Black-billed Magpie","Pica hudsonia","L12806317","Kodiak Isl.--Pyle residence","2025-10-18 08:18",1,57.8211997,-152.360566,TRUE,FALSE,TRUE,"S280148244"
"1887","bkbmag1","Black-billed Magpie","Pica hudsonia","L14083015","Wasatch Mountain SP Upper Golf Course Pond","2025-10-18 08:17",3,40.538079,-111.4962051,TRUE,FALSE,TRUE,"S280515196"
"1888","bkbmag1","Black-billed Magpie","Pica hudsonia","L54187346","6271 McIntyre Way, Arvada, Colorado, US (39.81, -105.176)","2025-10-18 08:15",2,39.8096412,-105.1757173,TRUE,FALSE,TRUE,"S280080031"
"1889","bkbmag1","Black-billed Magpie","Pica hudsonia","L54192597","1852 S Forest St, Denver","2025-10-18 08:15",2,39.683145,-104.926744,TRUE,FALSE,TRUE,"S280104435"
"1890","bkbmag1","Black-billed Magpie","Pica hudsonia","L37019408","Rosebud Creek Valley--CR 314","2025-10-18 08:12",12,45.4954046,-107.0034929,TRUE,FALSE,TRUE,"S280078975"
"1891","bkbmag1","Black-billed Magpie","Pica hudsonia","L925450","Hebgen Lake--Grayling Arm","2025-10-18 08:09",2,44.7972567,-111.1744959,TRUE,FALSE,FALSE,"S280111207"
"1892","bkbmag1","Black-billed Magpie","Pica hudsonia","L54200191","1071–1099 S 72nd Ave, Yakima US-WA 46.58581, -120.60426","2025-10-18 08:05",5,46.585808,-120.604259,TRUE,FALSE,TRUE,"S280137335"
"1893","bkbmag1","Black-billed Magpie","Pica hudsonia","L2673976","Red Fox Meadows Natural Area","2025-10-18 08:05",1,40.5647096,-105.1096988,TRUE,FALSE,FALSE,"S280092986"
"1894","bkbmag1","Black-billed Magpie","Pica hudsonia","L11675540","240 Crystal Park Rd, Manitou Springs US-CO 38.84906, -104.89631","2025-10-18 08:03",1,38.849057,-104.896312,TRUE,FALSE,TRUE,"S280087328"
"1895","bkbmag1","Black-billed Magpie","Pica hudsonia","L54187188","Rosebud Creek Valley-- Big Horn Portion","2025-10-18 08:02",25,45.2974817,-106.9839904,TRUE,FALSE,TRUE,"S280079260"
"1896","bkbmag1","Black-billed Magpie","Pica hudsonia","L21170648","Greenbelt","2025-10-18 08:01",1,41.314518,-105.606141,TRUE,FALSE,TRUE,"S280079343"
"1897","bkbmag1","Black-billed Magpie","Pica hudsonia","L165307","Mann Lake","2025-10-18 08:00",1,46.371455,-116.8511029,TRUE,FALSE,FALSE,"S280163036"
"1898","bkbmag1","Black-billed Magpie","Pica hudsonia","L24985156","Sleepy Fox Hollow","2025-10-18 08:00",3,45.7508248,-111.1682007,TRUE,FALSE,TRUE,"S280096958"
"1899","bkbmag1","Black-billed Magpie","Pica hudsonia","L54186355","2018 W Gentile St, Layton US-UT 41.06023, -112.00394","2025-10-18 07:59",4,41.060228,-112.003939,TRUE,FALSE,TRUE,"S280075102"
"1900","bkbmag1","Black-billed Magpie","Pica hudsonia","L2135066","Bear Creek Lake Park--Turkey Creek Loop","2025-10-18 07:58",4,39.6489556,-105.146842,TRUE,FALSE,FALSE,"S280099337"
"1901","bkbmag1","Black-billed Magpie","Pica hudsonia","L14567025","Sunglow Campground","2025-10-18 07:57",2,38.3418598,-111.5197005,TRUE,FALSE,FALSE,"S280171183"
"1902","bkbmag1","Black-billed Magpie","Pica hudsonia","L8329983","Coal & Rock Creeks--S 120th St through Flagg Park","2025-10-18 07:55",1,39.9856092,-105.0650297,TRUE,FALSE,FALSE,"S280109413"
"1903","bkbmag1","Black-billed Magpie","Pica hudsonia","L1296818","Missouri Headwaters SP","2025-10-18 07:55",9,45.9234533,-111.4995575,TRUE,FALSE,FALSE,"S280145367"
"1904","bkbmag1","Black-billed Magpie","Pica hudsonia","L54187208","Montana 314, Decker, Montana, US (45.184, -106.909)","2025-10-18 07:54",7,45.1841729,-106.909107,TRUE,FALSE,TRUE,"S280079345"
"1905","bkbmag1","Black-billed Magpie","Pica hudsonia","L5624378","Rotary Park Boardwalk","2025-10-18 07:50",4,40.4557131,-106.8213788,TRUE,FALSE,FALSE,"S280104219"
"1906","bkbmag1","Black-billed Magpie","Pica hudsonia","L42202235","Old Verdi Rd, Verdi US-NV 39.48408, -119.99060","2025-10-18 07:41",1,39.484079,-119.990603,TRUE,FALSE,TRUE,"S280138888"
"1907","bkbmag1","Black-billed Magpie","Pica hudsonia","L3893161","86 Toby Lane Robie Creek, ID","2025-10-18 07:39",2,43.6628366,-116.0412186,TRUE,FALSE,TRUE,"S280111228"
"1908","bkbmag1","Black-billed Magpie","Pica hudsonia","L38974767","Sacajawea Historical SP","2025-10-18 07:31",4,46.2048804,-119.0414224,TRUE,FALSE,TRUE,"S280135663"
"1909","bkbmag1","Black-billed Magpie","Pica hudsonia","L908127","North Open Space","2025-10-18 07:30",5,39.9938899,-105.1486444,TRUE,FALSE,FALSE,"S280397769"
"1910","bkbmag1","Black-billed Magpie","Pica hudsonia","L10962258","Mallard's Landing FAS","2025-10-18 07:25",1,45.5215839,-107.7255415,TRUE,FALSE,FALSE,"S280083454"
"1911","bkbmag1","Black-billed Magpie","Pica hudsonia","L473873","Plaster Reservoir","2025-10-18 07:24",1,39.947253,-105.0286102,TRUE,FALSE,FALSE,"S280106255"
"1912","bkbmag1","Black-billed Magpie","Pica hudsonia","L989749","Icicle Creek Rd.","2025-10-18 07:20",4,47.5433243,-120.7309055,TRUE,FALSE,FALSE,"S280217918"
"1913","bkbmag1","Black-billed Magpie","Pica hudsonia","L282317","Storrie Lake SP","2025-10-18 07:18",4,35.6616165,-105.2316213,TRUE,FALSE,FALSE,"S280086034"
"1914","bkbmag1","Black-billed Magpie","Pica hudsonia","L1428113","South Ogden Nature Park","2025-10-18 07:15",2,41.1540322,-111.9507911,TRUE,FALSE,FALSE,"S280091166"
"1915","bkbmag1","Black-billed Magpie","Pica hudsonia","L16773794","398 west","2025-10-18 07:12",2,46.9308361,-119.8973506,TRUE,FALSE,TRUE,"S280209849"
"1916","bkbmag1","Black-billed Magpie","Pica hudsonia","L5094073","Cross Creek Regional Park","2025-10-18 07:03",2,38.7130677,-104.6855476,TRUE,FALSE,FALSE,"S280093759"
"1917","bkbmag1","Black-billed Magpie","Pica hudsonia","L3592534","Salmon Falls Creek Rest Area","2025-10-18 07:02",2,41.943415,-114.68762,TRUE,FALSE,FALSE,"S280092114"
"1918","bkbmag1","Black-billed Magpie","Pica hudsonia","L53948323","Bird Creek Plateau","2025-10-18 06:56",3,40.081466,-120.225225,TRUE,FALSE,FALSE,"S280191649"
"1919","bkbmag1","Black-billed Magpie","Pica hudsonia","L54166222","Farmington Bay","2025-10-17 21:15",2,40.9624233,-111.9276468,TRUE,FALSE,TRUE,"S279981417"
"1920","bkbmag1","Black-billed Magpie","Pica hudsonia","L43647235","Fairview City Cemetery","2025-10-17 18:21",1,39.634889,-111.455438,TRUE,FALSE,TRUE,"S280174683"
"1921","bkbmag1","Black-billed Magpie","Pica hudsonia","L54163054","Saint Anthony, Idaho, US (43.95, -111.919)","2025-10-17 18:02",2,43.949735,-111.9187451,TRUE,FALSE,TRUE,"S279968240"
"1922","bkbmag1","Black-billed Magpie","Pica hudsonia","L54355437","N 19th St","2025-10-17 18:00",4,45.7093172,-111.0658072,TRUE,FALSE,TRUE,"S280868920"
"1923","bkbmag1","Black-billed Magpie","Pica hudsonia","L12201520","Back Patio Bird Observatory","2025-10-17 17:52",1,39.7570943,-104.9175688,TRUE,FALSE,TRUE,"S279967538"
"1924","bkbmag1","Black-billed Magpie","Pica hudsonia","L6216368","Uniontown Memorial Park","2025-10-17 17:48",1,46.5395654,-117.082479,TRUE,FALSE,FALSE,"S279972605"
"1925","bkbmag1","Black-billed Magpie","Pica hudsonia","L54162546","13381 N US Highway 30, Cokeville US-WY 42.04295, -110.93143","2025-10-17 17:47",1,42.042949,-110.931426,TRUE,FALSE,TRUE,"S279965955"
"1926","bkbmag1","Black-billed Magpie","Pica hudsonia","L39768142","Rockport SP--Juniper Campground","2025-10-17 17:46",2,40.7825898,-111.3933652,TRUE,FALSE,FALSE,"S279971081"
"1927","bkbmag1","Black-billed Magpie","Pica hudsonia","L47748236","59821, Arlee US-MT 47.16741, -114.07594","2025-10-17 17:29",2,47.167413,-114.075941,TRUE,FALSE,TRUE,"S279965147"
"1928","bkbmag1","Black-billed Magpie","Pica hudsonia","L211860","Jewel Lake","2025-10-17 17:27",2,61.1403458,-149.9627566,TRUE,FALSE,FALSE,"S279975367"
"1929","bkbmag1","Black-billed Magpie","Pica hudsonia","L7607560","Ksel Drive Home","2025-10-17 17:13",1,40.579342,-111.812523,TRUE,FALSE,TRUE,"S280120791"
"1930","bkbmag1","Black-billed Magpie","Pica hudsonia","L2854260","Gem Island Sports Complex","2025-10-17 17:13",1,43.877687,-116.50639,TRUE,FALSE,FALSE,"S279970954"
"1931","bkbmag1","Black-billed Magpie","Pica hudsonia","L54161701","101–199 N First St, Raton US-NM 36.90202, -104.43751","2025-10-17 17:13",1,36.902019,-104.437512,TRUE,FALSE,TRUE,"S279962283"
"1932","bkbmag1","Black-billed Magpie","Pica hudsonia","L54220945","2506 Genoa Aspen Dr, Genoa US-NV 39.01954, -119.83257","2025-10-17 17:12",2,39.019536,-119.83257,TRUE,FALSE,TRUE,"S280224661"
"1933","bkbmag1","Black-billed Magpie","Pica hudsonia","L18821153","Home","2025-10-17 17:09",1,61.2074613,-149.7640569,TRUE,FALSE,TRUE,"S279975445"
"1934","bkbmag1","Black-billed Magpie","Pica hudsonia","L2058243","Echo Meadows Rd.","2025-10-17 17:07",2,45.7533552,-119.2202854,TRUE,FALSE,FALSE,"S279968726"
"1935","bkbmag1","Black-billed Magpie","Pica hudsonia","L54180347","5281–6473 Overland Rd, Ward US-CO 40.13847, -105.42574","2025-10-17 17:00",1,40.138467,-105.425737,TRUE,FALSE,TRUE,"S280042337"
"1936","bkbmag1","Black-billed Magpie","Pica hudsonia","L11200991","Paragonah","2025-10-17 17:00",2,37.8852034,-112.7727557,TRUE,FALSE,TRUE,"S280497435"
"1937","bkbmag1","Black-billed Magpie","Pica hudsonia","L18963429","Goldendale Observatory State Park","2025-10-17 16:50",1,45.8386703,-120.8159732,TRUE,FALSE,FALSE,"S279974217"
"1938","bkbmag1","Black-billed Magpie","Pica hudsonia","L10529015","272 East Pope Lane, Castle Valley, Utah, US (38.631, -109.395)","2025-10-17 16:48",1,38.6305696,-109.3949931,TRUE,FALSE,TRUE,"S279980221"
"1939","bkbmag1","Black-billed Magpie","Pica hudsonia","L54161024","Hwy 191 Monticello Airport","2025-10-17 16:47",4,37.943583,-109.346106,TRUE,FALSE,TRUE,"S279959083"
"1940","bkbmag1","Black-billed Magpie","Pica hudsonia","L6748272","Eggleson Ln.","2025-10-17 16:43",3,45.396661,-117.248381,TRUE,FALSE,FALSE,"S279969842"
"1941","bkbmag1","Black-billed Magpie","Pica hudsonia","L54160826","87747, Springer US-NM 36.48559, -104.54780","2025-10-17 16:42",2,36.485591,-104.547799,TRUE,FALSE,TRUE,"S279958159"
"1942","bkbmag1","Black-billed Magpie","Pica hudsonia","L2161814","South Park Wildlife Habitat Management Area","2025-10-17 16:40",1,43.3965039,-110.7767773,TRUE,FALSE,FALSE,"S279960906"
"1943","bkbmag1","Black-billed Magpie","Pica hudsonia","L560859","Russell Lakes SWA","2025-10-17 16:38",1,37.9427084,-106.1422205,TRUE,FALSE,FALSE,"S279961853"
"1944","bkbmag1","Black-billed Magpie","Pica hudsonia","L48528463","Hemlock Knob Trail, Anchorage US-AK 61.11659, -149.69777","2025-10-17 16:37",1,61.116593,-149.697765,TRUE,FALSE,TRUE,"S279976302"
"1945","bkbmag1","Black-billed Magpie","Pica hudsonia","L17981906","32284–32498 Andrews Rd, Echo US-OR 45.76198, -119.23593","2025-10-17 16:35",2,45.761981,-119.235934,TRUE,FALSE,TRUE,"S279965323"
"1946","bkbmag1","Black-billed Magpie","Pica hudsonia","L678659","Skipper Bay Trail","2025-10-17 16:35",1,40.2486775,-111.7311287,TRUE,FALSE,FALSE,"S279961232"
"1947","bkbmag1","Black-billed Magpie","Pica hudsonia","L753048","Malheur NWR--Central Patrol Rd.","2025-10-17 16:32",7,43.2024856,-118.8875628,TRUE,FALSE,FALSE,"S279979073"
"1948","bkbmag1","Black-billed Magpie","Pica hudsonia","L1637283","Cooper Creek South Campground","2025-10-17 16:29",1,60.48274,-149.88287,TRUE,FALSE,FALSE,"S279984084"
"1949","bkbmag1","Black-billed Magpie","Pica hudsonia","L54160267","333 W Wonderview Ave, Estes Park US-CO 40.38263, -105.51910","2025-10-17 16:23",1,40.382632,-105.519103,TRUE,FALSE,TRUE,"S279955647"
"1950","bkbmag1","Black-billed Magpie","Pica hudsonia","L9792877","15920 Greenleaf Drive, Talkeetna, Alaska, US (62.037, -150.052)","2025-10-17 16:22",1,62.0371476,-150.0524789,TRUE,FALSE,TRUE,"S280243756"
"1951","bkbmag1","Black-billed Magpie","Pica hudsonia","L5647325","Emert Road","2025-10-17 16:20",3,45.7624665,-119.2375987,TRUE,FALSE,TRUE,"S279980288"
"1952","bkbmag1","Black-billed Magpie","Pica hudsonia","L763879","Potter Marsh Boardwalk","2025-10-17 16:16",1,61.0775802,-149.8262,TRUE,FALSE,FALSE,"S280101360"
"1953","bkbmag1","Black-billed Magpie","Pica hudsonia","L25814022","Wildridge hike 779","2025-10-17 16:00",5,39.6790882,-106.5312366,TRUE,FALSE,TRUE,"S279970357"
"1954","bkbmag1","Black-billed Magpie","Pica hudsonia","L4748216","Flanders Mill Rd. pond","2025-10-17 15:54",3,45.6924726,-111.0972862,TRUE,FALSE,FALSE,"S280088753"
"1955","bkbmag1","Black-billed Magpie","Pica hudsonia","L1554771","Chugach NF--Upper Summit Lake","2025-10-17 15:54",1,60.631117,-149.5103235,TRUE,FALSE,FALSE,"S279982030"
"1956","bkbmag1","Black-billed Magpie","Pica hudsonia","L13497837","30248–30588 Stanfield Meadows Rd, Stanfield US-OR 45.78437, -119.30656","2025-10-17 15:53",12,45.784365,-119.306564,TRUE,FALSE,TRUE,"S279980372"
"1957","bkbmag1","Black-billed Magpie","Pica hudsonia","L54182013","32803–32913 Cedar Gap Rd, Lysite US-WY 43.30449, -107.41287","2025-10-17 15:52",2,43.304491,-107.412867,TRUE,FALSE,TRUE,"S280051819"
"1958","bkbmag1","Black-billed Magpie","Pica hudsonia","L29593251","Radar Hill--Cherry Pond","2025-10-17 15:47",3,43.5655726,-119.13042,TRUE,FALSE,FALSE,"S279990766"
"1959","bkbmag1","Black-billed Magpie","Pica hudsonia","L16261359","Garden","2025-10-17 15:45",1,40.507062,-111.87885,TRUE,FALSE,TRUE,"S279950187"
"1960","bkbmag1","Black-billed Magpie","Pica hudsonia","L1128506","Homer--Crittenden Dr.","2025-10-17 15:42",1,59.6403702,-151.555506,TRUE,FALSE,FALSE,"S279966384"
"1961","bkbmag1","Black-billed Magpie","Pica hudsonia","L809357","Red Rock Rd. (LAS Co.)","2025-10-17 15:38",2,39.9081561,-120.0079536,TRUE,FALSE,FALSE,"S279960049"
"1962","bkbmag1","Black-billed Magpie","Pica hudsonia","L54166090","North Boulder Park, Boulder US-CO (40.0283,-105.2861)","2025-10-17 15:32",2,40.028253,-105.286078,TRUE,FALSE,TRUE,"S279980954"
"1963","bkbmag1","Black-billed Magpie","Pica hudsonia","L7558072","Powderhorn","2025-10-17 15:30",4,38.2766214,-107.0970011,TRUE,FALSE,TRUE,"S280634457"
"1964","bkbmag1","Black-billed Magpie","Pica hudsonia","L554723","Walker Ranch--Meyers Gulch","2025-10-17 15:29",1,39.9579448,-105.3385663,TRUE,FALSE,FALSE,"S280095703"
"1965","bkbmag1","Black-billed Magpie","Pica hudsonia","L39117974","Lorenzo Boat Ramp/Levee 43.73639, -111.88067","2025-10-17 15:21",4,43.73639,-111.880668,TRUE,FALSE,TRUE,"S279957771"
"1966","bkbmag1","Black-billed Magpie","Pica hudsonia","L54165297","Jericho Ln","2025-10-17 15:12",2,44.502382,-121.187166,TRUE,FALSE,TRUE,"S279977827"
"1967","bkbmag1","Black-billed Magpie","Pica hudsonia","L31856668","Mountain View Pond","2025-10-17 15:05",1,38.9485385,-119.7525395,TRUE,FALSE,FALSE,"S279954351"
"1968","bkbmag1","Black-billed Magpie","Pica hudsonia","L51235341","Tern Lake  - Moose Pass, Alaska","2025-10-17 15:02",1,60.5323979,-149.5554011,TRUE,FALSE,TRUE,"S279961340"
"1969","bkbmag1","Black-billed Magpie","Pica hudsonia","L7832143","Fox Creek West","2025-10-17 15:00",1,43.65557,-111.178593,TRUE,FALSE,FALSE,"S279946748"
"1970","bkbmag1","Black-billed Magpie","Pica hudsonia","L10018648","55723, Cook US-MN (47.8412,-92.6934)","2025-10-17 15:00",1,47.841207,-92.693435,TRUE,FALSE,TRUE,"S280193713"
"1971","bkbmag1","Black-billed Magpie","Pica hudsonia","L17854734","Backyard","2025-10-17 14:58",2,39.721457,-104.936485,TRUE,FALSE,TRUE,"S279949994"
"1972","bkbmag1","Black-billed Magpie","Pica hudsonia","L279328","Wilson Spring Ponds","2025-10-17 14:55",1,43.534938,-116.5531469,TRUE,FALSE,FALSE,"S279951877"
"1973","bkbmag1","Black-billed Magpie","Pica hudsonia","L16380944","Jodhpur to Campbell Creek Mouth","2025-10-17 14:51",3,61.1353556,-150.000279,TRUE,FALSE,TRUE,"S279985489"
"1974","bkbmag1","Black-billed Magpie","Pica hudsonia","L54157088","3617–3999 Longhorn Rd, Boulder US-CO 40.08002, -105.26871","2025-10-17 14:49",3,40.080022,-105.268711,TRUE,FALSE,TRUE,"S279941786"
"1975","bkbmag1","Black-billed Magpie","Pica hudsonia","L27770346","Withers Road Pond","2025-10-17 14:45",4,43.856253,-111.8009617,TRUE,FALSE,TRUE,"S280341915"
"1976","bkbmag1","Black-billed Magpie","Pica hudsonia","L4408731","Farm Pond Private CR E and 60","2025-10-17 14:41",1,37.807772,-105.9111214,TRUE,FALSE,TRUE,"S279959049"
"1977","bkbmag1","Black-billed Magpie","Pica hudsonia","L2706192","Sanctuary and Green Gables Parks","2025-10-17 14:39",3,39.690099,-105.1009011,TRUE,FALSE,FALSE,"S279942472"
"1978","bkbmag1","Black-billed Magpie","Pica hudsonia","L7965825","Trinidad Lake SP--Watchable Wildlife Trail","2025-10-17 14:38",3,37.1245495,-104.601485,TRUE,FALSE,FALSE,"S279954566"
"1979","bkbmag1","Black-billed Magpie","Pica hudsonia","L27615970","South 3000 West","2025-10-17 14:31",9,43.8052109,-111.8379718,TRUE,FALSE,TRUE,"S280342658"
"1980","bkbmag1","Black-billed Magpie","Pica hudsonia","L518286","Pioneer Home Marsh","2025-10-17 14:30",1,58.3454294,-134.4974291,TRUE,FALSE,FALSE,"S280365462"
"1981","bkbmag1","Black-billed Magpie","Pica hudsonia","L2365652","Mesa Verde NP--Knife Edge Trail","2025-10-17 14:27",2,37.3063789,-108.4321361,TRUE,FALSE,FALSE,"S279962140"
"1982","bkbmag1","Black-billed Magpie","Pica hudsonia","L27584574","Crystal Ponds","2025-10-17 14:27",2,43.7843912,-111.8406044,TRUE,FALSE,TRUE,"S280343188"
"1983","bkbmag1","Black-billed Magpie","Pica hudsonia","L54156166","2680 U.S. 24, Florissant, Colorado, US (38.946, -105.289)","2025-10-17 14:24",1,38.9461631,-105.2891644,TRUE,FALSE,TRUE,"S279937633"
"1984","bkbmag1","Black-billed Magpie","Pica hudsonia","L371786","Bobolink Trail","2025-10-17 14:23",1,39.9997091,-105.2147341,TRUE,FALSE,FALSE,"S279945905"
"1985","bkbmag1","Black-billed Magpie","Pica hudsonia","L27725927","Wakeside Lake","2025-10-17 14:22",2,43.7920883,-111.8229136,TRUE,FALSE,TRUE,"S280343879"
"1986","bkbmag1","Black-billed Magpie","Pica hudsonia","L22319339","218 Alturas Dr, Hailey US-ID 43.58837, -114.34257","2025-10-17 14:11",2,43.588369,-114.342572,TRUE,FALSE,TRUE,"S280093705"
"1987","bkbmag1","Black-billed Magpie","Pica hudsonia","L54157306","Owls Landing, Driggs","2025-10-17 14:10",2,43.761124,-111.221505,TRUE,FALSE,TRUE,"S279942794"
"1988","bkbmag1","Black-billed Magpie","Pica hudsonia","L11313812","925 S 1325 W, Farmington US-UT 40.96503, -111.91648","2025-10-17 14:07",1,40.965029,-111.916482,TRUE,FALSE,TRUE,"S279942268"
"1989","bkbmag1","Black-billed Magpie","Pica hudsonia","L54277404","24593–24595 US-50, Gunnison US-CO 38.43106, -106.39398","2025-10-17 14:03",1,38.431057,-106.393976,TRUE,FALSE,TRUE,"S280486360"
"1990","bkbmag1","Black-billed Magpie","Pica hudsonia","L54262680","Lower Bird Creek","2025-10-17 14:03",1,40.068555,-120.256722,TRUE,FALSE,TRUE,"S280415488"
"1991","bkbmag1","Black-billed Magpie","Pica hudsonia","L9694590","Badlands NP--Campground","2025-10-17 13:59",1,43.7437548,-101.9499493,TRUE,FALSE,FALSE,"S279947881"
"1992","bkbmag1","Black-billed Magpie","Pica hudsonia","L54160481","1144 E 17th Ave, Anchorage US-AK 61.20499, -149.86121","2025-10-17 13:56",6,61.204994,-149.861214,TRUE,FALSE,TRUE,"S279956565"
"1993","bkbmag1","Black-billed Magpie","Pica hudsonia","L54157880","7108 Canyon Dr, Park City US-UT 40.73000, -111.59444","2025-10-17 13:53",1,40.730004,-111.59444,TRUE,FALSE,TRUE,"S279945318"
"1994","bkbmag1","Black-billed Magpie","Pica hudsonia","L54158641","Van Vleet, Boulder US-CO 39.97196, -105.22480","2025-10-17 13:51",5,39.971962,-105.224801,TRUE,FALSE,TRUE,"S279948532"
"1995","bkbmag1","Black-billed Magpie","Pica hudsonia","L1855909","CJ Strike WMA--Jack's Creek West","2025-10-17 13:48",2,42.8987497,-115.8760214,TRUE,FALSE,FALSE,"S279939591"
"1996","bkbmag1","Black-billed Magpie","Pica hudsonia","L3222243","Big Hollow Road","2025-10-17 13:46",3,41.2695495,-105.8652878,TRUE,FALSE,FALSE,"S279955482"
"1997","bkbmag1","Black-billed Magpie","Pica hudsonia","L54159398","Wind Cave NP --- Centennial Trail To Highway","2025-10-17 13:46",1,43.6152433,-103.4616874,TRUE,FALSE,TRUE,"S279951563"
"1998","bkbmag1","Black-billed Magpie","Pica hudsonia","L7429932","Beach Lake","2025-10-17 13:41",1,61.4016699,-149.5645666,TRUE,FALSE,TRUE,"S279959612"
"1999","bkbmag1","Black-billed Magpie","Pica hudsonia","L20065131","Sutey Ranch","2025-10-17 13:41",2,39.452276,-107.198314,TRUE,FALSE,FALSE,"S279984047"
"2000","bkbmag1","Black-billed Magpie","Pica hudsonia","L53712162","109 S Palouse St, Walla Walla US-WA 46.06735, -118.33276","2025-10-17 13:33",2,46.067348,-118.332756,TRUE,FALSE,TRUE,"S279939834"
"2001","bkbmag1","Black-billed Magpie","Pica hudsonia","L167351","Twin Lakes","2025-10-17 13:30",1,58.33481,-134.47717,TRUE,FALSE,FALSE,"S280365300"
"2002","bkbmag1","Black-billed Magpie","Pica hudsonia","L54188176","Bikefill Park","2025-10-17 13:20",16,45.719477,-111.0280489,TRUE,FALSE,TRUE,"S280086401"
"2003","bkbmag1","Black-billed Magpie","Pica hudsonia","L24877137","Yellowstone NP--Upper Terrace Drive","2025-10-17 13:19",3,44.9651474,-110.7125684,TRUE,FALSE,FALSE,"S280427466"
"2004","bkbmag1","Black-billed Magpie","Pica hudsonia","L33601739","Ditch trail loop, Carbondale US-CO 39.46200, -107.05674","2025-10-17 13:17",8,39.462003,-107.056741,TRUE,FALSE,TRUE,"S279983839"
"2005","bkbmag1","Black-billed Magpie","Pica hudsonia","L5577142","Brainard Drive Pond","2025-10-17 13:11",3,39.9404,-105.1203,TRUE,FALSE,FALSE,"S279938941"
"2006","bkbmag1","Black-billed Magpie","Pica hudsonia","L49227043","Rattlesnake Hill Trail","2025-10-17 13:11",2,39.8347728,-104.854846,TRUE,FALSE,TRUE,"S279931867"
"2007","bkbmag1","Black-billed Magpie","Pica hudsonia","L526215","James T. Slavin Conservation Area","2025-10-17 13:10",2,47.5355731,-117.4245787,TRUE,FALSE,FALSE,"S279960996"
"2008","bkbmag1","Black-billed Magpie","Pica hudsonia","L9225406","(43.5576,-119.1315)Radar","2025-10-17 13:05",2,43.557565,-119.131546,TRUE,FALSE,TRUE,"S279958761"
"2009","bkbmag1","Black-billed Magpie","Pica hudsonia","L960160","Rocky Mountain NP--Beaver Meadows Visitor Center and Headquarters area","2025-10-17 12:56",7,40.366219,-105.5605352,TRUE,FALSE,FALSE,"S279925134"
"2010","bkbmag1","Black-billed Magpie","Pica hudsonia","L1314847","Idaho Botanical Gardens","2025-10-17 12:55",1,43.6011231,-116.1612099,TRUE,FALSE,FALSE,"S279925333"
"2011","bkbmag1","Black-billed Magpie","Pica hudsonia","L54218983","Central Oregon Highway, Harper, Oregon, US (43.775, -117.737)","2025-10-17 12:54",2,43.7750458,-117.7370121,TRUE,FALSE,TRUE,"S280216602"
"2012","bkbmag1","Black-billed Magpie","Pica hudsonia","L28837240","Axtell-Anceny Rd, Bozeman US-MT","2025-10-17 12:54",2,45.623896,-111.207383,TRUE,FALSE,TRUE,"S279933785"
"2013","bkbmag1","Black-billed Magpie","Pica hudsonia","L1245752","Idaho Springs (town)","2025-10-17 12:53",1,39.7423063,-105.5173302,TRUE,FALSE,FALSE,"S279940619"
"2014","bkbmag1","Black-billed Magpie","Pica hudsonia","L7709925","Beaver Ranch Park","2025-10-17 12:50",1,39.5064701,-105.2983205,TRUE,FALSE,FALSE,"S279935493"
"2015","bkbmag1","Black-billed Magpie","Pica hudsonia","L54156527","272 Van Anderson Dr, Winter Park US-CO 39.91141, -105.79348","2025-10-17 12:50",3,39.911408,-105.793484,TRUE,FALSE,TRUE,"S279939250"
"2016","bkbmag1","Black-billed Magpie","Pica hudsonia","L29815988","Lake Estes Trail, Estes Park US-CO 40.37756, -105.51091","2025-10-17 12:47",1,40.377564,-105.510912,TRUE,FALSE,TRUE,"S279930911"
"2017","bkbmag1","Black-billed Magpie","Pica hudsonia","L886991","St. Louis Creek Campground","2025-10-17 12:46",1,39.9234125,-105.8593601,TRUE,FALSE,FALSE,"S279954645"
"2018","bkbmag1","Black-billed Magpie","Pica hudsonia","L18216263","Hansen Park, Elwood","2025-10-17 12:45",2,41.675479,-112.12361,TRUE,FALSE,TRUE,"S279949493"
"2019","bkbmag1","Black-billed Magpie","Pica hudsonia","L54152697","2860 County Road 46, Florissant, Colorado, US (38.945, -105.301)","2025-10-17 12:42",1,38.9453776,-105.3005957,TRUE,FALSE,TRUE,"S279923151"
"2020","bkbmag1","Black-billed Magpie","Pica hudsonia","L1508210","E. Edgewood Drive","2025-10-17 12:42",1,48.4143171,-114.2814676,TRUE,FALSE,TRUE,"S279924542"
"2021","bkbmag1","Black-billed Magpie","Pica hudsonia","L3389554","CR T between Crestone and Moffat","2025-10-17 12:29",3,37.9840083,-105.7976532,TRUE,FALSE,TRUE,"S279926694"
"2022","bkbmag1","Black-billed Magpie","Pica hudsonia","L28577059","71 Willow Bend Rd, Red Lodge","2025-10-17 12:29",2,45.18452,-109.2713344,TRUE,FALSE,TRUE,"S280053656"
"2023","bkbmag1","Black-billed Magpie","Pica hudsonia","L54156252","82801, Sheridan US-WY 44.83135, -106.98973","2025-10-17 12:29",2,44.831347,-106.989729,TRUE,FALSE,TRUE,"S279938009"
"2024","bkbmag1","Black-billed Magpie","Pica hudsonia","L2322920","Wilderness Birding Adventures HQ, Fritz Creek","2025-10-17 12:20",1,59.6899,-151.39587,TRUE,FALSE,TRUE,"S280677132"
"2025","bkbmag1","Black-billed Magpie","Pica hudsonia","L54301580","1469 Cedar Bark Ln, Heber City US-UT 40.49043, -111.27767","2025-10-17 12:19",1,40.490432,-111.277668,TRUE,FALSE,TRUE,"S280599441"
"2026","bkbmag1","Black-billed Magpie","Pica hudsonia","L2713680","Green Mountain Falls (town)","2025-10-17 12:12",1,38.9337088,-105.0143409,TRUE,FALSE,FALSE,"S279919035"
"2027","bkbmag1","Black-billed Magpie","Pica hudsonia","L37775782","Hyrum State Park, Hyrum US-UT 41.62722, -111.86645","2025-10-17 12:09",2,41.627219,-111.86645,TRUE,FALSE,TRUE,"S280360413"
"2028","bkbmag1","Black-billed Magpie","Pica hudsonia","L233566","Morrison Park","2025-10-17 12:08",5,39.6527673,-105.1999484,TRUE,FALSE,FALSE,"S279921117"
"2029","bkbmag1","Black-billed Magpie","Pica hudsonia","L5191895","Spokane Bay Area and Trail","2025-10-17 12:07",2,46.6530016,-111.8004069,TRUE,FALSE,FALSE,"S279932538"
"2030","bkbmag1","Black-billed Magpie","Pica hudsonia","L5717718","913C Sandy Beach Rd","2025-10-17 12:06",1,56.8081911,-132.9177361,TRUE,FALSE,TRUE,"S279938603"
"2031","bkbmag1","Black-billed Magpie","Pica hudsonia","L54151492","3918 Bozeman Trail Rd, Bozeman US-MT (45.6526,-110.9475)","2025-10-17 12:06",1,45.652568,-110.947515,TRUE,FALSE,TRUE,"S279918062"
"2032","bkbmag1","Black-billed Magpie","Pica hudsonia","L51518348","Piaute Section","2025-10-17 12:03",1,38.4906717,-111.815895,TRUE,FALSE,TRUE,"S279918191"
"2033","bkbmag1","Black-billed Magpie","Pica hudsonia","L9907390","Eureka--Riverside Park","2025-10-17 12:01",1,48.877966,-115.05343,TRUE,FALSE,FALSE,"S279919947"
"2034","bkbmag1","Black-billed Magpie","Pica hudsonia","L21712134","Belgrade Yard","2025-10-17 12:01",1,45.788153,-111.180817,TRUE,FALSE,TRUE,"S280142806"
"2035","bkbmag1","Black-billed Magpie","Pica hudsonia","L32541223","County Road 96, Lake George, Colorado, US (38.978, -105.361)","2025-10-17 12:00",2,38.9776323,-105.3612063,TRUE,FALSE,TRUE,"S279919545"
"2036","bkbmag1","Black-billed Magpie","Pica hudsonia","L54154270","12422 West County Road 18E, Loveland, Colorado, US (40.364, -105.255)","2025-10-17 11:54",1,40.363926,-105.2551416,TRUE,FALSE,TRUE,"S279929703"
"2037","bkbmag1","Black-billed Magpie","Pica hudsonia","L54152954","Carolyn Holmberg Preserve at Rock Creek Farm, Broomfield US-CO 39.94320, -105.10344","2025-10-17 11:43",3,39.943197,-105.103441,TRUE,FALSE,TRUE,"S279924304"
"2038","bkbmag1","Black-billed Magpie","Pica hudsonia","L34901087","Cougar - Golden Banner - Massey Draw","2025-10-17 11:42",1,39.5785786,-105.1641004,TRUE,FALSE,TRUE,"S279920478"
"2039","bkbmag1","Black-billed Magpie","Pica hudsonia","L267594","Jim Bridger Power Plant","2025-10-17 11:41",1,41.7372475,-108.7876511,TRUE,FALSE,FALSE,"S279919392"
"2040","bkbmag1","Black-billed Magpie","Pica hudsonia","L54120496","46240 Little Elk Road, Fruitland, Utah, US (40.284, -110.863)","2025-10-17 11:35",1,40.284471,-110.8631166,TRUE,FALSE,TRUE,"S279913399"
"2041","bkbmag1","Black-billed Magpie","Pica hudsonia","L54153369","Wind Cave NP --- Highland Creek Trail","2025-10-17 11:34",1,43.5816475,-103.4498314,TRUE,FALSE,TRUE,"S279926042"
"2042","bkbmag1","Black-billed Magpie","Pica hudsonia","L2334202","Gray Reef Reservoir","2025-10-17 11:34",5,42.5634477,-106.704051,TRUE,FALSE,FALSE,"S279934256"
"2043","bkbmag1","Black-billed Magpie","Pica hudsonia","L54166084","Upper Beaver Meadows Rd, Estes Park US-CO (40.3720,-105.6181)","2025-10-17 11:33",2,40.372002,-105.618054,TRUE,FALSE,TRUE,"S279980926"
"2044","bkbmag1","Black-billed Magpie","Pica hudsonia","L808409","Canyon Meadows","2025-10-17 11:32",2,40.3982024,-111.5472794,TRUE,FALSE,TRUE,"S279917785"
"2045","bkbmag1","Black-billed Magpie","Pica hudsonia","L13879297","Pullman--Johnson Rd gravel railbed path","2025-10-17 11:30",5,46.7093036,-117.1627904,TRUE,FALSE,FALSE,"S280430437"
"2046","bkbmag1","Black-billed Magpie","Pica hudsonia","L1806963","Pilcher Creek Reservoir","2025-10-17 11:30",1,45.041734,-118.0766276,TRUE,FALSE,FALSE,"S280545886"
"2047","bkbmag1","Black-billed Magpie","Pica hudsonia","L279637","Springer Lake","2025-10-17 11:28",2,36.4158714,-104.653098,TRUE,FALSE,FALSE,"S279915193"
"2048","bkbmag1","Black-billed Magpie","Pica hudsonia","L17587512","Teton Springs","2025-10-17 11:24",3,43.5755116,-111.1092815,TRUE,FALSE,FALSE,"S279956011"
"2049","bkbmag1","Black-billed Magpie","Pica hudsonia","L10260424","Greenville Bench","2025-10-17 11:13",1,38.19828,-112.74438,TRUE,FALSE,TRUE,"S279919731"
"2050","bkbmag1","Black-billed Magpie","Pica hudsonia","L1825967","Chugach SP--Turnagain Arm Trail","2025-10-17 11:08",4,61.0480499,-149.7919594,TRUE,FALSE,FALSE,"S280231017"
"2051","bkbmag1","Black-billed Magpie","Pica hudsonia","L54187682","S Latah Creek Rd","2025-10-17 11:07",2,47.495079,-117.333258,TRUE,FALSE,TRUE,"S280081653"
"2052","bkbmag1","Black-billed Magpie","Pica hudsonia","L12761707","Cherry Creek State Park, Aurora US-CO 39.61524, -104.81725","2025-10-17 11:05",1,39.615239,-104.817253,TRUE,FALSE,TRUE,"S279913474"
"2053","bkbmag1","Black-billed Magpie","Pica hudsonia","L804034","Chatfield SP (please use a county-specific hotspot)","2025-10-17 11:03",1,39.5504491,-105.0662041,TRUE,FALSE,FALSE,"S279935464"
"2054","bkbmag1","Black-billed Magpie","Pica hudsonia","L16102267","2861 Sage Ridge Dr, Reno US-NV 39.47786, -119.83709","2025-10-17 11:01",2,39.477858,-119.837095,TRUE,FALSE,TRUE,"S279935293"
"2055","bkbmag1","Black-billed Magpie","Pica hudsonia","L54149037","U.S. Highway 64, Chama, New Mexico, US (36.84, -106.569)","2025-10-17 10:58",2,36.8401351,-106.5693465,TRUE,FALSE,TRUE,"S279907104"
"2056","bkbmag1","Black-billed Magpie","Pica hudsonia","L1471810","School Flat Rd.","2025-10-17 10:58",1,45.525627,-117.3634449,TRUE,FALSE,FALSE,"S279924145"
"2057","bkbmag1","Black-billed Magpie","Pica hudsonia","L54164682","US Highway 285, Jefferson, Colorado, US (39.414, -105.76)","2025-10-17 10:57",5,39.4142247,-105.7597435,TRUE,FALSE,TRUE,"S279975355"
"2058","bkbmag1","Black-billed Magpie","Pica hudsonia","L54277368","I-25 N, Thornton US-CO 39.85943, -104.98752","2025-10-17 10:57",4,39.859431,-104.987517,TRUE,FALSE,TRUE,"S280486130"
"2059","bkbmag1","Black-billed Magpie","Pica hudsonia","L54166380","N Glenn Hwy, Talkeetna US-AK 61.98412, -147.08250","2025-10-17 10:57",3,61.984124,-147.082497,TRUE,FALSE,TRUE,"S279981942"
"2060","bkbmag1","Black-billed Magpie","Pica hudsonia","L2151817","TV Mountain","2025-10-17 10:55",1,47.0171312,-114.0140533,TRUE,FALSE,TRUE,"S279936560"
"2061","bkbmag1","Black-billed Magpie","Pica hudsonia","L54152904","2093–2123 Peri Ranch Rd, Sparks US-NV (39.5156,-119.6185)","2025-10-17 10:55",1,39.515568,-119.618483,TRUE,FALSE,TRUE,"S279924111"
"2062","bkbmag1","Black-billed Magpie","Pica hudsonia","L54152664","1709 NM-75, Vadito US-NM 36.18919, -105.67642","2025-10-17 10:53",1,36.189195,-105.676422,TRUE,FALSE,TRUE,"S279923027"
"2063","bkbmag1","Black-billed Magpie","Pica hudsonia","L32584500","Green Acres","2025-10-17 10:50",1,48.2101765,-101.3276287,TRUE,FALSE,TRUE,"S279894371"
"2064","bkbmag1","Black-billed Magpie","Pica hudsonia","L4496755","Evergreen Cemetery (CO Springs)","2025-10-17 10:47",3,38.8169525,-104.7989058,TRUE,FALSE,FALSE,"S280176217"
"2065","bkbmag1","Black-billed Magpie","Pica hudsonia","L1170438","1725 Hillside Lane,  Epple's Yard","2025-10-17 10:45",1,45.7008445,-111.0121787,TRUE,FALSE,TRUE,"S279927514"
"2066","bkbmag1","Black-billed Magpie","Pica hudsonia","L4484207","Ken Caryl Valley - Valley Parkway (Buckthorn to Buckthorn)","2025-10-17 10:42",2,39.5754775,-105.1628762,TRUE,FALSE,TRUE,"S279904476"
"2067","bkbmag1","Black-billed Magpie","Pica hudsonia","L11137203","Cordova, Alaska, US (60.526, -145.585)","2025-10-17 10:37",1,60.5256081,-145.5850566,TRUE,FALSE,TRUE,"S279930849"
"2068","bkbmag1","Black-billed Magpie","Pica hudsonia","L39512131","Small pond west of Peoria underpass into CCSP","2025-10-17 10:35",2,39.605709,-104.848229,TRUE,FALSE,TRUE,"S279904778"
"2069","bkbmag1","Black-billed Magpie","Pica hudsonia","L54154805","52225 Old E End Rd, Homer US-AK (59.7456,-151.2389)","2025-10-17 10:35",2,59.745645,-151.238862,TRUE,FALSE,TRUE,"S279931905"
"2070","bkbmag1","Black-billed Magpie","Pica hudsonia","L26330010","Ken Caryl Ranch community path east of Buckthorn Dr","2025-10-17 10:30",2,39.575203,-105.159664,TRUE,FALSE,TRUE,"S279903539"
"2071","bkbmag1","Black-billed Magpie","Pica hudsonia","L17074094","Boyer Creek","2025-10-17 10:30",3,47.462884,-114.849217,TRUE,FALSE,TRUE,"S279910741"
"2072","bkbmag1","Black-billed Magpie","Pica hudsonia","L21302663","Caribou-Targhee National Forest -- Lead Draw, Pocatello, Idaho, US (42.74, -112.382)","2025-10-17 10:30",2,42.7398306,-112.3819588,TRUE,FALSE,TRUE,"S280188645"
"2073","bkbmag1","Black-billed Magpie","Pica hudsonia","L673973","Trapper's Trail","2025-10-17 10:30",2,61.1122765,-149.7647667,TRUE,FALSE,TRUE,"S279934912"
"2074","bkbmag1","Black-billed Magpie","Pica hudsonia","L868939","Custer SP--Wildlife Loop","2025-10-17 10:29",1,43.7067869,-103.3406639,TRUE,FALSE,FALSE,"S279900831"
"2075","bkbmag1","Black-billed Magpie","Pica hudsonia","L54205154","Rocky Mountain Road","2025-10-17 10:29",10,45.985334,-111.097801,TRUE,FALSE,TRUE,"S280157517"
"2076","bkbmag1","Black-billed Magpie","Pica hudsonia","L6471387","Redtail Grove Natural Area & adjacent private ponds","2025-10-17 10:25",1,40.513667,-105.079985,TRUE,FALSE,FALSE,"S280194687"
"2077","bkbmag1","Black-billed Magpie","Pica hudsonia","L40743062","Silverwood ct to East side of cove east","2025-10-17 10:23",2,38.927337,-119.991448,TRUE,FALSE,TRUE,"S279915809"
"2078","bkbmag1","Black-billed Magpie","Pica hudsonia","L38206655","Sulphur Creek Road","2025-10-17 10:21",2,40.0899324,-107.9300915,TRUE,FALSE,TRUE,"S279925306"
"2079","bkbmag1","Black-billed Magpie","Pica hudsonia","L7585391","Hwy 89—43.4078,-110.7644","2025-10-17 10:20",1,43.407784,-110.764422,TRUE,FALSE,TRUE,"S280703006"
"2080","bkbmag1","Black-billed Magpie","Pica hudsonia","L2676858","Ken Caryl - Massey Draw (Community Center to Buckthorn Path)","2025-10-17 10:19",3,39.5776359,-105.1555592,TRUE,FALSE,TRUE,"S279900971"
"2081","bkbmag1","Black-billed Magpie","Pica hudsonia","L7477669","Lake Nighthorse","2025-10-17 10:19",1,37.2273214,-107.9166842,TRUE,FALSE,FALSE,"S279980183"
"2082","bkbmag1","Black-billed Magpie","Pica hudsonia","L54144513","8380 MN-73, Angora US-MN (47.7224,-92.8670)","2025-10-17 10:15",1,47.722395,-92.866956,TRUE,FALSE,TRUE,"S279885280"
"2083","bkbmag1","Black-billed Magpie","Pica hudsonia","L11383564","Yucca House NM, entrance road and path","2025-10-17 10:11",4,37.2396766,-108.6728857,TRUE,FALSE,TRUE,"S279924742"
"2084","bkbmag1","Black-billed Magpie","Pica hudsonia","L8120377","North Powder Pond","2025-10-17 10:07",2,45.013214,-117.930166,TRUE,FALSE,FALSE,"S280951763"
"2085","bkbmag1","Black-billed Magpie","Pica hudsonia","L15027503","Blackfoot-Clearwater WMA","2025-10-17 10:07",2,47.0087353,-113.3824353,TRUE,FALSE,FALSE,"S279920283"
"2086","bkbmag1","Black-billed Magpie","Pica hudsonia","L54122098","Upper Como Campground Rd, Darby US-MT 46.06871, -114.23738","2025-10-17 10:04",1,46.068711,-114.237376,TRUE,FALSE,TRUE,"S279909707"
"2087","bkbmag1","Black-billed Magpie","Pica hudsonia","L17901360","Dalla Mountain Park","2025-10-17 10:03",1,37.3068746,-107.8821575,TRUE,FALSE,FALSE,"S279914767"
"2088","bkbmag1","Black-billed Magpie","Pica hudsonia","L31403544","Checkpoint Old Geiger Grade","2025-10-17 10:03",1,39.370922,-119.700509,TRUE,FALSE,TRUE,"S279925530"
"2089","bkbmag1","Black-billed Magpie","Pica hudsonia","L7349296","Wenas BBQ Flats Horse Camp","2025-10-17 10:02",1,46.8690817,-120.8121014,TRUE,FALSE,FALSE,"S279944596"
"2090","bkbmag1","Black-billed Magpie","Pica hudsonia","L48324520","Home Backyard","2025-10-17 09:59",3,41.2037271,-111.9555246,TRUE,FALSE,TRUE,"S279900016"
"2091","bkbmag1","Black-billed Magpie","Pica hudsonia","L29401917","Gem-ish","2025-10-17 09:56",1,42.528012,-114.37486,TRUE,FALSE,TRUE,"S279898203"
"2092","bkbmag1","Black-billed Magpie","Pica hudsonia","L2087526","Chelan Butte Road, lower north side","2025-10-17 09:56",4,47.8189182,-120.0494099,TRUE,FALSE,TRUE,"S279923013"
"2093","bkbmag1","Black-billed Magpie","Pica hudsonia","L12425271","Lone Tree Backyard","2025-10-17 09:52",1,39.542524,-104.89134,TRUE,FALSE,TRUE,"S279897429"
"2094","bkbmag1","Black-billed Magpie","Pica hudsonia","L54217571","Mount Princeton Ct, Livermore US-CO","2025-10-17 09:52",1,40.738429,-105.436374,TRUE,FALSE,TRUE,"S280210704"
"2095","bkbmag1","Black-billed Magpie","Pica hudsonia","L1558863","Palouse--Albion Sewage Ponds","2025-10-17 09:48",1,46.7878067,-117.258613,TRUE,FALSE,FALSE,"S279916222"
"2096","bkbmag1","Black-billed Magpie","Pica hudsonia","L16518294","Cherry Creek State Park, Greenwood Village US-CO 39.62420, -104.86860","2025-10-17 09:47",2,39.624199,-104.868604,TRUE,FALSE,TRUE,"S279896921"
"2097","bkbmag1","Black-billed Magpie","Pica hudsonia","L25992932","Big Cottonwood Canyon--Redman CG, Utah, US","2025-10-17 09:47",1,40.6132103,-111.5896277,TRUE,FALSE,FALSE,"S279912496"
"2098","bkbmag1","Black-billed Magpie","Pica hudsonia","L3691252","Kodiak Is.--Chiniak Lake and vicinity","2025-10-17 09:46",4,57.6203161,-152.1791346,TRUE,FALSE,FALSE,"S279988721"
"2099","bkbmag1","Black-billed Magpie","Pica hudsonia","L249369","Quincy Wildlife Area","2025-10-17 09:46",1,47.1378612,-119.9255512,TRUE,FALSE,FALSE,"S279905432"
"2100","bkbmag1","Black-billed Magpie","Pica hudsonia","L342331","Rocky Mountain NP--Trail Ridge Rd--Rainbow Curve","2025-10-17 09:45",NA,40.3997997,-105.6637949,TRUE,FALSE,FALSE,"S279973596"
"2101","bkbmag1","Black-billed Magpie","Pica hudsonia","L10117252","(43.5816,-119.0700) HOME","2025-10-17 09:44",2,43.581642,-119.070035,TRUE,FALSE,TRUE,"S279934852"
"2102","bkbmag1","Black-billed Magpie","Pica hudsonia","L8344039","1290 Cummoch Lane, Anaconda, Montana, US (46.223, -112.797)","2025-10-17 09:41",3,46.2231629,-112.7965799,TRUE,FALSE,TRUE,"S279896931"
"2103","bkbmag1","Black-billed Magpie","Pica hudsonia","L2276227","Station Creek Trail","2025-10-17 09:40",5,44.0653904,-115.9194314,TRUE,FALSE,FALSE,"S279935145"
"2104","bkbmag1","Black-billed Magpie","Pica hudsonia","L42017412","Hilltop Lane, Steamboat Springs, Colorado, US (40.473, -106.821)","2025-10-17 09:40",1,40.4732636,-106.8209525,TRUE,FALSE,TRUE,"S279922425"
"2105","bkbmag1","Black-billed Magpie","Pica hudsonia","L54184728","Carson Ave, Ft. Garland Town","2025-10-17 09:40",1,37.4309659,-105.4354918,TRUE,FALSE,TRUE,"S280068652"
"2106","bkbmag1","Black-billed Magpie","Pica hudsonia","L3988511","Willow Road--Pond, Fields and Cemetery","2025-10-17 09:39",2,47.2084325,-94.765234,TRUE,FALSE,FALSE,"S279892244"
"2107","bkbmag1","Black-billed Magpie","Pica hudsonia","L2086108","Silver Creek Preserve--Visitor Center Grove","2025-10-17 09:37",4,43.3134926,-114.1493118,TRUE,FALSE,FALSE,"S280325502"
"2108","bkbmag1","Black-billed Magpie","Pica hudsonia","L1245843","Hidden Valley-OSMP","2025-10-17 09:32",3,40.0710767,-105.2746868,TRUE,FALSE,TRUE,"S279918398"
"2109","bkbmag1","Black-billed Magpie","Pica hudsonia","L33972462","Sand canyon","2025-10-17 09:32",2,38.840181,-104.894347,TRUE,FALSE,TRUE,"S279910928"
"2110","bkbmag1","Black-billed Magpie","Pica hudsonia","L5040588","Edson Fichter Nature Area","2025-10-17 09:31",5,42.8219236,-112.4039555,TRUE,FALSE,FALSE,"S279907196"
"2111","bkbmag1","Black-billed Magpie","Pica hudsonia","L19064661","Willwood Access","2025-10-17 09:30",1,44.7087005,-108.7595814,TRUE,FALSE,TRUE,"S280108190"
"2112","bkbmag1","Black-billed Magpie","Pica hudsonia","L7749029","Staunton SP (Park Co)","2025-10-17 09:27",1,39.515879,-105.402151,TRUE,FALSE,FALSE,"S279928093"
"2113","bkbmag1","Black-billed Magpie","Pica hudsonia","L13761604","Cherry Creek State Park, Greenwood Village US-CO 39.62584, -104.85234","2025-10-17 09:25",9,39.625843,-104.852337,TRUE,FALSE,TRUE,"S279930283"
"2114","bkbmag1","Black-billed Magpie","Pica hudsonia","L54166375","110–120 Tok Cutoff Hwy, Gakona US-AK 62.40722, -145.07836","2025-10-17 09:25",1,62.407216,-145.078364,TRUE,FALSE,TRUE,"S279981928"
"2115","bkbmag1","Black-billed Magpie","Pica hudsonia","L54150142","29228–29450 MN-72, Blackduck US-MN 47.79120, -94.54573","2025-10-17 09:23",1,47.791202,-94.54573,TRUE,FALSE,TRUE,"S279912363"
"2116","bkbmag1","Black-billed Magpie","Pica hudsonia","L54144830","266 NM-150, El Prado US-NM 36.49518, -105.59356","2025-10-17 09:23",1,36.495185,-105.593556,TRUE,FALSE,TRUE,"S279886870"
"2117","bkbmag1","Black-billed Magpie","Pica hudsonia","L39512170","Chenango east of Dayton in Cherry Creek State Park","2025-10-17 09:21",2,39.626453,-104.872111,TRUE,FALSE,TRUE,"S279891557"
"2118","bkbmag1","Black-billed Magpie","Pica hudsonia","L6206717","Strawberry Lake Trail","2025-10-17 09:20",1,44.309785,-118.6823845,TRUE,FALSE,FALSE,"S281005656"
"2119","bkbmag1","Black-billed Magpie","Pica hudsonia","L51651683","Intemann Trail, Colorado Springs US-CO (38.8389,-104.9020) Intemann Stretch Spot","2025-10-17 09:19",1,38.838925,-104.902019,TRUE,FALSE,TRUE,"S280086888"
"2120","bkbmag1","Black-billed Magpie","Pica hudsonia","L54153377","Wind Cave NP --- Look Out Point Trail","2025-10-17 09:19",1,43.5813679,-103.4838278,TRUE,FALSE,TRUE,"S279926076"
"2121","bkbmag1","Black-billed Magpie","Pica hudsonia","L2936295","Reservoir Ridge Natural Area","2025-10-17 09:16",2,40.6056121,-105.1522064,TRUE,FALSE,FALSE,"S279905036"
"2122","bkbmag1","Black-billed Magpie","Pica hudsonia","L54209100","13477 Colorado 12, La Veta, Colorado, US (37.406, -105.074)","2025-10-17 09:14",5,37.4060789,-105.0740496,TRUE,FALSE,TRUE,"S280173638"
"2123","bkbmag1","Black-billed Magpie","Pica hudsonia","L26171248","Chelsea Cove's Grey House","2025-10-17 09:11",1,40.85551,-111.864202,TRUE,FALSE,TRUE,"S279908532"
"2124","bkbmag1","Black-billed Magpie","Pica hudsonia","L54147016","US-395 N, Independence US-CA 36.67932, -118.10194","2025-10-17 09:07",1,36.679315,-118.101937,TRUE,FALSE,TRUE,"S279897529"
"2125","bkbmag1","Black-billed Magpie","Pica hudsonia","L685829","Umtanum Creek","2025-10-17 09:07",1,46.8554957,-120.4848719,TRUE,FALSE,FALSE,"S279896280"
"2126","bkbmag1","Black-billed Magpie","Pica hudsonia","L4709604","Lockwood Park (Washoe Co.)","2025-10-17 09:05",5,39.5096185,-119.6525183,TRUE,FALSE,FALSE,"S280204611"
"2127","bkbmag1","Black-billed Magpie","Pica hudsonia","L7415688","Rock Canyon","2025-10-17 09:03",1,40.265067,-111.630156,TRUE,FALSE,TRUE,"S279920615"
"2128","bkbmag1","Black-billed Magpie","Pica hudsonia","L226242","Mount Falcon Park--Upper Trails","2025-10-17 09:03",1,39.6335555,-105.2281245,TRUE,FALSE,FALSE,"S279904188"
"2129","bkbmag1","Black-billed Magpie","Pica hudsonia","L4242869","Sunny Acres Drive","2025-10-17 09:00",4,45.7458679,-111.0842603,TRUE,FALSE,TRUE,"S280416732"
"2130","bkbmag1","Black-billed Magpie","Pica hudsonia","L54164002","Piedra River Trail, Pagosa Springs, Colorado, US (37.43, -107.194)","2025-10-17 08:58",4,37.4300124,-107.1943669,TRUE,FALSE,TRUE,"S279972471"
"2131","bkbmag1","Black-billed Magpie","Pica hudsonia","L54166369","304–322 Tok Cutoff Hwy, Gakona US-AK 62.69444, -144.39034","2025-10-17 08:56",1,62.694436,-144.39034,TRUE,FALSE,TRUE,"S279981914"
"2132","bkbmag1","Black-billed Magpie","Pica hudsonia","L27779243","1625 North South 7th West, Rexburg, Idaho, US (43.894, -111.758)","2025-10-17 08:53",2,43.894207,-111.7578048,TRUE,FALSE,TRUE,"S279886601"
"2133","bkbmag1","Black-billed Magpie","Pica hudsonia","L558128","Snow Mountain Ranch--Cabins (restricted access)","2025-10-17 08:50",2,39.9871253,-105.9433472,TRUE,FALSE,FALSE,"S279880168"
"2134","bkbmag1","Black-billed Magpie","Pica hudsonia","L7226053","WY, My Yard, Laramie","2025-10-17 08:47",1,41.3266114,-105.5804814,TRUE,FALSE,TRUE,"S279878558"
"2135","bkbmag1","Black-billed Magpie","Pica hudsonia","L4145353","Moon Drummer Way, Meridian, ID","2025-10-17 08:45",1,43.66977,-116.444857,TRUE,FALSE,TRUE,"S280199162"
"2136","bkbmag1","Black-billed Magpie","Pica hudsonia","L2677728","Ken Caryl Valley - Canyon Cedar","2025-10-17 08:41",3,39.5754444,-105.1557791,TRUE,FALSE,TRUE,"S279899091"
"2137","bkbmag1","Black-billed Magpie","Pica hudsonia","L4720167","Bannack SP--Campground","2025-10-17 08:41",2,45.1646924,-113.0042764,TRUE,FALSE,FALSE,"S280202783"
"2138","bkbmag1","Black-billed Magpie","Pica hudsonia","L2676859","Ken Caryl - Massey Draw (Buckthorn to red rocks)","2025-10-17 08:34",3,39.5776741,-105.1587249,TRUE,FALSE,TRUE,"S279877267"
"2139","bkbmag1","Black-billed Magpie","Pica hudsonia","L39921354","Sheridan-- Malcolm Wallop Park","2025-10-17 08:33",2,44.8288095,-106.9657958,TRUE,FALSE,FALSE,"S279875691"
"2140","bkbmag1","Black-billed Magpie","Pica hudsonia","L26771401","HWY-204, road to Elliot Barker Wildlife Area","2025-10-17 08:31",7,36.5447166,-104.9178981,TRUE,FALSE,TRUE,"S279905882"
"2141","bkbmag1","Black-billed Magpie","Pica hudsonia","L767320","Anchor Point","2025-10-17 08:30",9,59.7790573,-151.8633485,TRUE,FALSE,FALSE,"S280159752"
"2142","bkbmag1","Black-billed Magpie","Pica hudsonia","L54166066","Fish Creek","2025-10-17 08:30",25,46.2443373,-109.7809215,TRUE,FALSE,TRUE,"S279980946"
"2143","bkbmag1","Black-billed Magpie","Pica hudsonia","L54145924","4134 Hidden Lakes Drive, Kimberly, Idaho, US (42.599, -114.377)","2025-10-17 08:30",3,42.5987547,-114.3767068,TRUE,FALSE,TRUE,"S279892404"
"2144","bkbmag1","Black-billed Magpie","Pica hudsonia","L18651695","In the shadow of the grain elevator","2025-10-17 08:30",1,45.8546379,-111.338561,TRUE,FALSE,TRUE,"S279880822"
"2145","bkbmag1","Black-billed Magpie","Pica hudsonia","L42356558","Audubon Trail, Grand Junction US-CO 39.07614, -108.60574","2025-10-17 08:25",1,39.076137,-108.605737,TRUE,FALSE,TRUE,"S279911267"
"2146","bkbmag1","Black-billed Magpie","Pica hudsonia","L383993","Land on Stacker Butte","2025-10-17 08:25",1,45.7102175,-121.1714333,TRUE,FALSE,TRUE,"S279903968"
"2147","bkbmag1","Black-billed Magpie","Pica hudsonia","L54083843","Creekside Chalets","2025-10-17 08:23",1,38.540483,-106.187837,TRUE,FALSE,TRUE,"S279890143"
"2148","bkbmag1","Black-billed Magpie","Pica hudsonia","L2111831","Burns Gravel (Fishing) Pond","2025-10-17 08:23",1,43.5855824,-119.008584,TRUE,FALSE,FALSE,"S279893516"
"2149","bkbmag1","Black-billed Magpie","Pica hudsonia","L11978950","Placid Lake-Lakeview Trail","2025-10-17 08:21",1,47.1236137,-113.5071039,TRUE,FALSE,TRUE,"S279884082"
"2150","bkbmag1","Black-billed Magpie","Pica hudsonia","L54151833","96118, Loyalton US-CA 39.67305, -120.18817","2025-10-17 08:20",1,39.673046,-120.18817,TRUE,FALSE,TRUE,"S279919523"
"2151","bkbmag1","Black-billed Magpie","Pica hudsonia","L54147806","6195 E Valley Center Rd, Bozeman US-MT 45.71304, -111.06637","2025-10-17 08:19",3,45.713041,-111.066368,TRUE,FALSE,TRUE,"S279901308"
"2152","bkbmag1","Black-billed Magpie","Pica hudsonia","L4164030","Sharptail Ridge Open Space","2025-10-17 08:18",2,39.4552819,-105.0512481,TRUE,FALSE,FALSE,"S280564272"
"2153","bkbmag1","Black-billed Magpie","Pica hudsonia","L2471967","McCully Creek & Trail","2025-10-17 08:16",2,45.2756112,-117.1372712,TRUE,FALSE,FALSE,"S279902462"
"2154","bkbmag1","Black-billed Magpie","Pica hudsonia","L54148332","US-395, Lee Vining US-CA 38.07027, -119.17019","2025-10-17 08:14",1,38.070273,-119.170185,TRUE,FALSE,TRUE,"S279935949"
"2155","bkbmag1","Black-billed Magpie","Pica hudsonia","L2788374","yard","2025-10-17 08:12",1,38.4558585,-107.8632116,TRUE,FALSE,TRUE,"S279878887"
"2156","bkbmag1","Black-billed Magpie","Pica hudsonia","L54289771","19545 Sumpter Stage Highway, Baker City, Oregon, US (44.656, -117.926)","2025-10-17 08:10",1,44.6564474,-117.9256649,TRUE,FALSE,TRUE,"S280545104"
"2157","bkbmag1","Black-billed Magpie","Pica hudsonia","L40517745","Clear Creek","2025-10-17 08:10",7,39.755843,-105.223876,TRUE,FALSE,TRUE,"S279903942"
"2158","bkbmag1","Black-billed Magpie","Pica hudsonia","L6191989","Jordan River Parkway--Tracy Aviary's Jordan River Nature Center","2025-10-17 08:08",12,40.698855,-111.923309,TRUE,FALSE,FALSE,"S279893660"
"2159","bkbmag1","Black-billed Magpie","Pica hudsonia","L5889693","Boynton Slough--Dry Creek (east from McCarran Blvd)","2025-10-17 08:07",1,39.4908565,-119.7410685,TRUE,FALSE,FALSE,"S279918215"
"2160","bkbmag1","Black-billed Magpie","Pica hudsonia","L54146023","160 E La Bonte St, Dillon US-CO 39.62677, -106.04451","2025-10-17 08:04",3,39.62677,-106.044512,TRUE,FALSE,TRUE,"S279892879"
"2161","bkbmag1","Black-billed Magpie","Pica hudsonia","L54142374","Napton Rd, Adrian US-OR 43.62668, -117.03579","2025-10-17 07:58",1,43.626683,-117.035788,TRUE,FALSE,TRUE,"S279873778"
"2162","bkbmag1","Black-billed Magpie","Pica hudsonia","L209841","Wide Hollow Reservoir","2025-10-17 07:56",2,37.7888826,-111.6406341,TRUE,FALSE,FALSE,"S279890087"
"2163","bkbmag1","Black-billed Magpie","Pica hudsonia","L2747329","Marjorie Perry Nature Preserve","2025-10-17 07:49",3,39.6204613,-104.9354517,TRUE,FALSE,FALSE,"S279879339"
"2164","bkbmag1","Black-billed Magpie","Pica hudsonia","L926819","Burns Sewage Ponds (restricted access)","2025-10-17 07:47",1,43.5672909,-119.0676928,TRUE,FALSE,FALSE,"S279885385"
"2165","bkbmag1","Black-billed Magpie","Pica hudsonia","L54146529","Hansen Hilton WIA","2025-10-17 07:44",2,39.681883,-111.447905,TRUE,FALSE,TRUE,"S279895277"
"2166","bkbmag1","Black-billed Magpie","Pica hudsonia","L26044050","Bullick Cross Creek Park, Moab US-UT 38.57109, -109.55525","2025-10-17 07:40",2,38.571092,-109.555251,TRUE,FALSE,TRUE,"S279871611"
"2167","bkbmag1","Black-billed Magpie","Pica hudsonia","L54143544","Wind Cave NP --- Elk Mountain Nature Trail","2025-10-17 07:38",1,43.5655369,-103.4929566,TRUE,FALSE,TRUE,"S279880568"
"2168","bkbmag1","Black-billed Magpie","Pica hudsonia","L1429366","Home-Loch Haven-8362 Selkirk","2025-10-17 07:30",2,47.747399,-116.7672098,TRUE,FALSE,TRUE,"S279947634"
"2169","bkbmag1","Black-billed Magpie","Pica hudsonia","L474261","Cañon City Riverwalk--Sell Lake to S Raynolds Ave","2025-10-17 07:11",1,38.4379,-105.214,TRUE,FALSE,FALSE,"S279871852"
"2170","bkbmag1","Black-billed Magpie","Pica hudsonia","L53954019","249 Wetterhorn Ct, Livermore US-CO","2025-10-17 07:07",2,40.734426,-105.42224,TRUE,FALSE,TRUE,"S280210672"
"2171","bkbmag1","Black-billed Magpie","Pica hudsonia","L54143223","Stakeout Eastern Screech-Owl (2025)","2025-10-17 07:05",1,39.6338245,-104.9663588,TRUE,FALSE,TRUE,"S279878977"
"2172","bkbmag1","Black-billed Magpie","Pica hudsonia","L241872","Sax-Zim Bog","2025-10-17 07:00",3,47.2212004,-92.7009201,TRUE,FALSE,FALSE,"S279951972"
"2173","bkbmag1","Black-billed Magpie","Pica hudsonia","L1340956","Sleven's Island","2025-10-16 18:53",5,46.8388648,-114.0594485,TRUE,FALSE,FALSE,"S279791388"
"2174","bkbmag1","Black-billed Magpie","Pica hudsonia","L54127098","S Gem Rd","2025-10-16 18:10",3,47.420144,-116.7034336,TRUE,FALSE,TRUE,"S279795839"
"2175","bkbmag1","Black-billed Magpie","Pica hudsonia","L46078399","231 Lincoln Ln, Hamilton US-MT (46.2249,-114.1390)","2025-10-16 18:00",2,46.224929,-114.138964,TRUE,FALSE,TRUE,"S279901403"
"2176","bkbmag1","Black-billed Magpie","Pica hudsonia","L51077580","Yates Springs","2025-10-16 17:48",3,40.6526285,-112.2475737,TRUE,FALSE,TRUE,"S279789167"
"2177","bkbmag1","Black-billed Magpie","Pica hudsonia","L42943618","bird walk","2025-10-16 17:40",1,47.6756744,-116.752594,TRUE,FALSE,TRUE,"S279791314"
"2178","bkbmag1","Black-billed Magpie","Pica hudsonia","L54125338","Otter Creek Rd","2025-10-16 17:40",20,45.921983,-109.9184173,TRUE,FALSE,TRUE,"S279788378"
"2179","bkbmag1","Black-billed Magpie","Pica hudsonia","L24214916","Amphitheater Road, Ouray","2025-10-16 17:38",4,38.0215472,-107.6639215,TRUE,FALSE,TRUE,"S279783284"
"2180","bkbmag1","Black-billed Magpie","Pica hudsonia","L54125762","183 Gallagher Road, Chelan, Washington, US (47.867, -119.923)","2025-10-16 17:37",2,47.8668869,-119.9230861,TRUE,FALSE,TRUE,"S279790096"
"2181","bkbmag1","Black-billed Magpie","Pica hudsonia","L20646104","yard","2025-10-16 17:33",2,39.7447417,-104.8950232,TRUE,FALSE,TRUE,"S279783814"
"2182","bkbmag1","Black-billed Magpie","Pica hudsonia","L44637154","Cut Bank Creek, Browning","2025-10-16 17:16",3,48.615768,-113.033492,TRUE,FALSE,TRUE,"S280421696"
"2183","bkbmag1","Black-billed Magpie","Pica hudsonia","L6688817","380 Whitmore Rd, Cascade US-MT (47.1902,-111.6200)Mom’s feeders","2025-10-16 17:07",3,47.190179,-111.620046,TRUE,FALSE,TRUE,"S279785668"
"2184","bkbmag1","Black-billed Magpie","Pica hudsonia","L54126885","S Manifold Rd","2025-10-16 17:02",4,47.4399217,-116.7462149,TRUE,FALSE,TRUE,"S279795604"
"2185","bkbmag1","Black-billed Magpie","Pica hudsonia","L54123771","101–105 Rockridge Dr, Durango US-CO (37.2966,-107.8858)","2025-10-16 17:01",1,37.296571,-107.885841,TRUE,FALSE,TRUE,"S279780998"
"2186","bkbmag1","Black-billed Magpie","Pica hudsonia","L26503902","North Emerson Street Neighborhood","2025-10-16 17:00",1,47.844105,-120.016609,TRUE,FALSE,TRUE,"S279786154"
"2187","bkbmag1","Black-billed Magpie","Pica hudsonia","L343285","Fairview Cemetery (Chaffee)","2025-10-16 17:00",8,38.5398118,-106.0306264,TRUE,FALSE,FALSE,"S279784730"
"2188","bkbmag1","Black-billed Magpie","Pica hudsonia","L54127150","Akerson Rd, Near Pequot Lakes US-MN","2025-10-16 16:56",1,46.618113,-94.268019,TRUE,FALSE,TRUE,"S279795956"
"2189","bkbmag1","Black-billed Magpie","Pica hudsonia","L1129001","Lorenzo Bridge Fisherman's Access","2025-10-16 16:55",3,43.7332436,-111.8679214,TRUE,FALSE,FALSE,"S279796778"
"2190","bkbmag1","Black-billed Magpie","Pica hudsonia","L4963345","Ryssby Church & Cemetery","2025-10-16 16:52",2,40.1396958,-105.2066284,TRUE,FALSE,FALSE,"S279782059"
"2191","bkbmag1","Black-billed Magpie","Pica hudsonia","L49472313","Hom","2025-10-16 16:50",4,46.6934589,-112.2623784,TRUE,FALSE,TRUE,"S279778490"
"2192","bkbmag1","Black-billed Magpie","Pica hudsonia","L20907775","CR 113","2025-10-16 16:47",3,37.1485996,-108.2363811,TRUE,FALSE,TRUE,"S279781032"
"2193","bkbmag1","Black-billed Magpie","Pica hudsonia","L3756641","Newton Park","2025-10-16 16:46",2,39.5131483,-105.2996778,TRUE,FALSE,FALSE,"S279897084"
"2194","bkbmag1","Black-billed Magpie","Pica hudsonia","L3039102","Van Tuyl Ranch Trail","2025-10-16 16:44",NA,38.563381,-106.937601,TRUE,FALSE,FALSE,"S279781695"
"2195","bkbmag1","Black-billed Magpie","Pica hudsonia","L15589344","Spring Creek Campground","2025-10-16 16:44",4,40.6697791,-115.5250565,TRUE,FALSE,FALSE,"S279790323"
"2196","bkbmag1","Black-billed Magpie","Pica hudsonia","L12252624","Lake DeSmet--Mikesell-Potts Recreation Area and CG","2025-10-16 16:42",1,44.4514171,-106.7430318,TRUE,FALSE,FALSE,"S279780018"
"2197","bkbmag1","Black-billed Magpie","Pica hudsonia","L7813291","McIntyre Gulch (39.7112,-105.1528)","2025-10-16 16:39",6,39.711164,-105.152772,TRUE,FALSE,TRUE,"S279779249"
"2198","bkbmag1","Black-billed Magpie","Pica hudsonia","L26617295","Stenkamp","2025-10-16 16:38",3,44.069084,-121.163923,TRUE,FALSE,TRUE,"S279783389"
"2199","bkbmag1","Black-billed Magpie","Pica hudsonia","L54126221","Point Woronzof Park, Anchorage US-AK 61.20176, -150.02190","2025-10-16 16:32",2,61.20176,-150.021898,TRUE,FALSE,TRUE,"S279792120"
"2200","bkbmag1","Black-billed Magpie","Pica hudsonia","L38420994","General Holm Park, South Salt Lake US-UT 40.68670, -111.91991","2025-10-16 16:23",3,40.6867,-111.919914,TRUE,FALSE,TRUE,"S279776748"
"2201","bkbmag1","Black-billed Magpie","Pica hudsonia","L3053226","Rose Park","2025-10-16 16:21",13,45.6949976,-111.0695457,TRUE,FALSE,FALSE,"S279775047"
"2202","bkbmag1","Black-billed Magpie","Pica hudsonia","L12586043","Moose Can Gully","2025-10-16 16:20",3,46.8246979,-114.033435,TRUE,FALSE,TRUE,"S281103224"
"2203","bkbmag1","Black-billed Magpie","Pica hudsonia","L657546","Lower Klamath NWR--Auto Tour Route","2025-10-16 16:20",2,41.9717075,-121.7260158,TRUE,FALSE,FALSE,"S279782529"
"2204","bkbmag1","Black-billed Magpie","Pica hudsonia","L10313800","Arrow Trailhead to Galena Soo'nkahni Preserve","2025-10-16 16:19",1,40.5000105,-111.9289631,TRUE,FALSE,FALSE,"S279780432"
"2205","bkbmag1","Black-billed Magpie","Pica hudsonia","L3761735","Swaner Preserve and EcoCenter","2025-10-16 16:16",1,40.7212538,-111.5377307,TRUE,FALSE,FALSE,"S279773449"
"2206","bkbmag1","Black-billed Magpie","Pica hudsonia","L54125302","US-97, Macdoel (41.76385, -122.06004)","2025-10-16 16:16",1,41.763852,-122.060038,TRUE,FALSE,TRUE,"S279788122"
"2207","bkbmag1","Black-billed Magpie","Pica hudsonia","L54122539","Howlett Road, Ronan, Montana, US (47.49, -114.182)","2025-10-16 16:14",1,47.4901471,-114.1824958,TRUE,FALSE,TRUE,"S279774495"
"2208","bkbmag1","Black-billed Magpie","Pica hudsonia","L54122916","S Boulder Creek Trail, Boulder US-CO 39.96794, -105.23327","2025-10-16 16:11",2,39.967937,-105.233274,TRUE,FALSE,TRUE,"S279776658"
"2209","bkbmag1","Black-billed Magpie","Pica hudsonia","L8949385","Lower Ravine & Ute Trail Parks","2025-10-16 16:07",8,39.6779846,-105.1461275,TRUE,FALSE,FALSE,"S279779429"
"2210","bkbmag1","Black-billed Magpie","Pica hudsonia","L213800","Fossil Trace Golf Course (fee area)","2025-10-16 16:06",2,39.7420175,-105.217727,TRUE,FALSE,FALSE,"S279778094"
"2211","bkbmag1","Black-billed Magpie","Pica hudsonia","L862866","East Lawn Memorial Hills Cemetery","2025-10-16 16:06",3,40.2979395,-111.6469288,TRUE,FALSE,FALSE,"S279780097"
"2212","bkbmag1","Black-billed Magpie","Pica hudsonia","L499694","Red Canyon","2025-10-16 16:00",1,38.5777623,-105.2351457,TRUE,FALSE,FALSE,"S280205498"
"2213","bkbmag1","Black-billed Magpie","Pica hudsonia","L468116","Birder's Corner--Desert WLA","2025-10-16 15:59",1,46.96382,-119.56826,TRUE,FALSE,FALSE,"S279780563"
"2214","bkbmag1","Black-billed Magpie","Pica hudsonia","L2396926","Alamosa NWR--Auto Tour Route","2025-10-16 15:55",1,37.4385003,-105.8016819,TRUE,FALSE,FALSE,"S279808976"
"2215","bkbmag1","Black-billed Magpie","Pica hudsonia","L783880","Tyson Blood Ponds","2025-10-16 15:51",1,46.1391809,-118.9032054,TRUE,FALSE,FALSE,"S279797249"
"2216","bkbmag1","Black-billed Magpie","Pica hudsonia","L38831810","Wyoming 114, Deaver, Wyoming, US (44.888, -108.623)","2025-10-16 15:45",1,44.8879515,-108.62255,TRUE,FALSE,TRUE,"S279776495"
"2217","bkbmag1","Black-billed Magpie","Pica hudsonia","L54143433","7806 Sweathouse Creek Road, Victor, Montana, US (46.416, -114.219)","2025-10-16 15:39",2,46.4157192,-114.2193943,TRUE,FALSE,TRUE,"S279879968"
"2218","bkbmag1","Black-billed Magpie","Pica hudsonia","L8151616","Kodiak Is.--Near Island","2025-10-16 15:37",3,57.7810021,-152.4018664,TRUE,FALSE,FALSE,"S279901503"
"2219","bkbmag1","Black-billed Magpie","Pica hudsonia","L36500317","Fun Time Park","2025-10-16 15:32",1,64.855746,-147.80568,TRUE,FALSE,TRUE,"S279782936"
"2220","bkbmag1","Black-billed Magpie","Pica hudsonia","L7692546","Estes Park Visitors Center","2025-10-16 15:27",1,40.3785491,-105.5138192,TRUE,FALSE,FALSE,"S279766444"
"2221","bkbmag1","Black-billed Magpie","Pica hudsonia","L54127329","Snake River, Rigby to Rexburg","2025-10-16 15:18",5,43.689812,-111.789979,TRUE,FALSE,TRUE,"S279796750"
"2222","bkbmag1","Black-billed Magpie","Pica hudsonia","L54219014","13686 The Dalles-California Highway, Klamath Falls, Oregon, US (42.354, -121.825)","2025-10-16 15:17",1,42.3539917,-121.825395,TRUE,FALSE,TRUE,"S280216766"
"2223","bkbmag1","Black-billed Magpie","Pica hudsonia","L743130","Yellowstone NP--Old Faithful area","2025-10-16 15:06",4,44.4584125,-110.8293915,TRUE,FALSE,FALSE,"S279772977"
"2224","bkbmag1","Black-billed Magpie","Pica hudsonia","L3201260","Park City backyard","2025-10-16 15:00",8,40.7088974,-111.5297458,TRUE,FALSE,TRUE,"S280148973"
"2225","bkbmag1","Black-billed Magpie","Pica hudsonia","L10202760","Backyard -- South Lakes (Wasilla)","2025-10-16 15:00",5,61.5906859,-149.3085381,TRUE,FALSE,TRUE,"S279979920"
"2226","bkbmag1","Black-billed Magpie","Pica hudsonia","L54124109","Challenger Golf club","2025-10-16 15:00",4,37.9880117,-105.7573557,TRUE,FALSE,TRUE,"S279782822"
"2227","bkbmag1","Black-billed Magpie","Pica hudsonia","L9390566","Fire station 33","2025-10-16 14:59",3,40.546205,-111.833309,TRUE,FALSE,TRUE,"S279762377"
"2228","bkbmag1","Black-billed Magpie","Pica hudsonia","L54039306","Glacier View Meadows","2025-10-16 14:43",1,40.737247,-105.422113,TRUE,FALSE,TRUE,"S279774496"
"2229","bkbmag1","Black-billed Magpie","Pica hudsonia","L54124861","96129, Beckwourth US-CA 39.76722, -120.18883","2025-10-16 14:41",1,39.767223,-120.188835,TRUE,FALSE,TRUE,"S279786018"
"2230","bkbmag1","Black-billed Magpie","Pica hudsonia","L54124461","Anemone Trail Loop","2025-10-16 14:38",4,40.0163696,-105.3037088,TRUE,FALSE,FALSE,"S279784464"
"2231","bkbmag1","Black-billed Magpie","Pica hudsonia","L11710802","Wasilla Lake","2025-10-16 14:31",1,61.5848326,-149.4023107,TRUE,FALSE,FALSE,"S279775960"
"2232","bkbmag1","Black-billed Magpie","Pica hudsonia","L28853999","Chatfield SP--Dog Park","2025-10-16 14:28",1,39.562499,-105.0577076,TRUE,FALSE,FALSE,"S279763158"
"2233","bkbmag1","Black-billed Magpie","Pica hudsonia","L21010477","721 W 400 N, West Bountiful US-UT 40.89285, -111.89989","2025-10-16 14:27",1,40.892851,-111.899889,TRUE,FALSE,TRUE,"S279759422"
"2234","bkbmag1","Black-billed Magpie","Pica hudsonia","L54144139","Bear Trap Gulch, Helena, Montana, US (46.77, -111.667)","2025-10-16 14:24",4,46.7701592,-111.6668402,TRUE,FALSE,TRUE,"S279883592"
"2235","bkbmag1","Black-billed Magpie","Pica hudsonia","L2687305","Laws Fields and Canals","2025-10-16 14:11",1,37.4192068,-118.3452724,TRUE,FALSE,FALSE,"S279799573"
"2236","bkbmag1","Black-billed Magpie","Pica hudsonia","L41853394","Fidesco-Harris Access Roaf","2025-10-16 14:06",4,46.985109,-119.439692,TRUE,FALSE,TRUE,"S279776088"
"2237","bkbmag1","Black-billed Magpie","Pica hudsonia","L16134784","The Steez (39.746, -104.905)","2025-10-16 14:06",1,39.7456218,-104.9053191,TRUE,FALSE,TRUE,"S279893820"
"2238","bkbmag1","Black-billed Magpie","Pica hudsonia","L2467159","Eagle County Fairgrounds area","2025-10-16 14:01",2,39.653488,-106.835777,TRUE,FALSE,FALSE,"S279772120"
"2239","bkbmag1","Black-billed Magpie","Pica hudsonia","L54118426","9764 U.S. 160, Del Norte, Colorado, US (37.67, -106.317)","2025-10-16 13:56",1,37.6695813,-106.316703,TRUE,FALSE,TRUE,"S279754418"
"2240","bkbmag1","Black-billed Magpie","Pica hudsonia","L737445","Palmer Hay Flats SGR--Rabbit Slough Access Rd.","2025-10-16 13:54",1,61.5368722,-149.2616701,TRUE,FALSE,FALSE,"S279773996"
"2241","bkbmag1","Black-billed Magpie","Pica hudsonia","L1667177","Yard list","2025-10-16 13:50",1,48.2991914,-114.1815445,TRUE,FALSE,TRUE,"S280881157"
"2242","bkbmag1","Black-billed Magpie","Pica hudsonia","L7377193","Mill Rd seasonal wetland","2025-10-16 13:44",2,47.4245584,-117.4191689,TRUE,FALSE,FALSE,"S279761152"
"2243","bkbmag1","Black-billed Magpie","Pica hudsonia","L343087","Washington Park","2025-10-16 13:43",2,39.7006493,-104.9716616,TRUE,FALSE,FALSE,"S279756509"
"2244","bkbmag1","Black-billed Magpie","Pica hudsonia","L33286503","West Park, Roy US-UT 41.18072, -112.04656","2025-10-16 13:41",2,41.180719,-112.046564,TRUE,FALSE,TRUE,"S279752663"
"2245","bkbmag1","Black-billed Magpie","Pica hudsonia","L52665131","Missoula, Montana, US (46.894, -114.043)","2025-10-16 13:39",1,46.8942123,-114.0428174,TRUE,FALSE,TRUE,"S279752172"
"2246","bkbmag1","Black-billed Magpie","Pica hudsonia","L53610926","72163–72169 Lone Pine Rd, Burns US-OR 43.69584, -119.04712","2025-10-16 13:29",1,43.695839,-119.047118,TRUE,FALSE,TRUE,"S279991147"
"2247","bkbmag1","Black-billed Magpie","Pica hudsonia","L54127312","Snake River, Cress Creek 4.5 mi /Rigby","2025-10-16 13:26",4,43.665161,-111.733102,TRUE,FALSE,TRUE,"S279796654"
"2248","bkbmag1","Black-billed Magpie","Pica hudsonia","L249053","Philleo Lake","2025-10-16 13:18",4,47.4150592,-117.4545844,TRUE,FALSE,FALSE,"S279759530"
"2249","bkbmag1","Black-billed Magpie","Pica hudsonia","L3859589","Bighorn FAS","2025-10-16 13:17",5,45.41631,-107.789055,TRUE,FALSE,FALSE,"S279957100"
"2250","bkbmag1","Black-billed Magpie","Pica hudsonia","L267077","Lake Catamount","2025-10-16 13:15",2,40.3521632,-106.8066736,TRUE,FALSE,FALSE,"S279755311"
"2251","bkbmag1","Black-billed Magpie","Pica hudsonia","L1173410","Ducks Unlimited Warm Springs Ponds","2025-10-16 13:13",1,46.1809001,-112.8020382,TRUE,FALSE,FALSE,"S279792105"
"2252","bkbmag1","Black-billed Magpie","Pica hudsonia","L5757664","Cherry Creek Trail--below Cherry Creek Dam","2025-10-16 13:10",2,39.6442963,-104.8715937,TRUE,FALSE,FALSE,"S279749367"
"2253","bkbmag1","Black-billed Magpie","Pica hudsonia","L10228775","102 Ranch","2025-10-16 13:08",3,39.5649001,-119.4935956,TRUE,FALSE,FALSE,"S279768265"
"2254","bkbmag1","Black-billed Magpie","Pica hudsonia","L7174162","Pond at Briargate Parkway & N Union Blvd","2025-10-16 13:02",2,38.9667633,-104.7588358,TRUE,FALSE,FALSE,"S279747897"
"2255","bkbmag1","Black-billed Magpie","Pica hudsonia","L1128803","Homer--Seaside Farm (private)","2025-10-16 12:57",2,59.6761323,-151.4123833,TRUE,FALSE,FALSE,"S279773422"
"2256","bkbmag1","Black-billed Magpie","Pica hudsonia","L12433118","Brannon Gearhart Park (Private)","2025-10-16 12:56",1,39.5781518,-105.1651844,TRUE,FALSE,TRUE,"S279762636"
"2257","bkbmag1","Black-billed Magpie","Pica hudsonia","L593153","Denali NP&P--Savage River Camp","2025-10-16 12:55",1,63.7141505,-149.2544174,TRUE,FALSE,FALSE,"S279797221"
"2258","bkbmag1","Black-billed Magpie","Pica hudsonia","L54372961","106 S Pennsylvania St, Denver US-CO 39.71469, -104.98152","2025-10-16 12:53",5,39.714688,-104.981524,TRUE,FALSE,TRUE,"S280958116"
"2259","bkbmag1","Black-billed Magpie","Pica hudsonia","L25450401","Riverfront Park (Umatilla Co.)","2025-10-16 12:51",4,45.8372069,-119.3324437,TRUE,FALSE,FALSE,"S279759463"
"2260","bkbmag1","Black-billed Magpie","Pica hudsonia","L8910590","Twenty Mile River Mouth","2025-10-16 12:50",3,60.845838,-148.990241,TRUE,FALSE,FALSE,"S279786869"
"2261","bkbmag1","Black-billed Magpie","Pica hudsonia","L54117713","Giberson preserve","2025-10-16 12:50",2,39.599219,-106.106432,TRUE,FALSE,TRUE,"S279754316"
"2262","bkbmag1","Black-billed Magpie","Pica hudsonia","L4204782","CR 315","2025-10-16 12:40",3,37.1403522,-107.653656,TRUE,FALSE,TRUE,"S279746038"
"2263","bkbmag1","Black-billed Magpie","Pica hudsonia","L198236","Aspen","2025-10-16 12:37",3,39.19109,-106.81759,TRUE,FALSE,TRUE,"S279761146"
"2264","bkbmag1","Black-billed Magpie","Pica hudsonia","L596074","Iron Mountain Road Scenic Overlook","2025-10-16 12:35",1,43.8404702,-103.3882141,TRUE,FALSE,FALSE,"S279745796"
"2265","bkbmag1","Black-billed Magpie","Pica hudsonia","L305036","Timnath Reservoir","2025-10-16 12:18",1,40.54796,-104.95986,TRUE,FALSE,FALSE,"S279746413"
"2266","bkbmag1","Black-billed Magpie","Pica hudsonia","L6647548","21959 Rollins Lake Shore Drive, Rollins, Montana, US (47.901, -114.207)","2025-10-16 12:17",1,47.9010772,-114.2074336,TRUE,FALSE,TRUE,"S279751513"
"2267","bkbmag1","Black-billed Magpie","Pica hudsonia","L855081","Snake River Birds of Prey NCA--River Canyon Trail East Trailhead","2025-10-16 12:01",1,43.2951135,-116.4273655,TRUE,FALSE,FALSE,"S279771828"
"2268","bkbmag1","Black-billed Magpie","Pica hudsonia","L4441692","Peaks Rd - yard","2025-10-16 11:55",1,42.6970204,-108.7050605,TRUE,FALSE,TRUE,"S279740600"
"2269","bkbmag1","Black-billed Magpie","Pica hudsonia","L6132053","White Barn","2025-10-16 11:55",2,45.2593938,-118.0449038,TRUE,FALSE,TRUE,"S279765806"
"2270","bkbmag1","Black-billed Magpie","Pica hudsonia","L5129822","Bushnell Lane","2025-10-16 11:53",1,45.2814092,-118.0735016,TRUE,FALSE,TRUE,"S279766323"
"2271","bkbmag1","Black-billed Magpie","Pica hudsonia","L10499035","Em Avenue, Silt, Colorado, US (39.551, -107.65)","2025-10-16 11:50",1,39.5510479,-107.6498952,TRUE,FALSE,TRUE,"S279881775"
"2272","bkbmag1","Black-billed Magpie","Pica hudsonia","L54144226","Sparks--Disc Dr at Sparks Blvd","2025-10-16 11:44",1,39.576627,-119.72405,TRUE,FALSE,TRUE,"S279883972"
"2273","bkbmag1","Black-billed Magpie","Pica hudsonia","L1354945","Wild Horse Island SP","2025-10-16 11:36",1,47.8428541,-114.2008455,TRUE,FALSE,FALSE,"S279754281"
"2274","bkbmag1","Black-billed Magpie","Pica hudsonia","L859526","Raven Lane","2025-10-16 11:36",1,60.1485867,-149.4220769,TRUE,FALSE,TRUE,"S279890088"
"2275","bkbmag1","Black-billed Magpie","Pica hudsonia","L54114088","Hygiene Road 2","2025-10-16 11:34",2,40.1889044,-105.245325,TRUE,FALSE,TRUE,"S279735913"
"2276","bkbmag1","Black-billed Magpie","Pica hudsonia","L11824202","19 and I Roads, Fruita","2025-10-16 11:33",2,39.1353224,-108.7013173,TRUE,FALSE,TRUE,"S279803702"
"2277","bkbmag1","Black-billed Magpie","Pica hudsonia","L39138954","Whitewater Boat Ramp","2025-10-16 11:32",3,38.973457,-108.4514662,TRUE,FALSE,FALSE,"S279759367"
"2278","bkbmag1","Black-billed Magpie","Pica hudsonia","L8404052","Bozeman Yellowstone International Airport and Gallatin Field","2025-10-16 11:30",15,45.7803808,-111.1549091,TRUE,FALSE,FALSE,"S279766574"
"2279","bkbmag1","Black-billed Magpie","Pica hudsonia","L376533","Genesee Mountain Park--south of I-70","2025-10-16 11:28",3,39.6981811,-105.2914131,TRUE,FALSE,FALSE,"S279761808"
"2280","bkbmag1","Black-billed Magpie","Pica hudsonia","L4204546","McClain Creek Drainage","2025-10-16 11:25",7,46.6990902,-114.1004827,TRUE,FALSE,FALSE,"S279783310"
"2281","bkbmag1","Black-billed Magpie","Pica hudsonia","L54127931","Twin Sisters","2025-10-16 11:19",2,39.972776,-105.384635,TRUE,FALSE,TRUE,"S279798814"
"2282","bkbmag1","Black-billed Magpie","Pica hudsonia","L54120199","SD-240, Interior US-SD 43.76283, -102.00521","2025-10-16 11:08",2,43.762827,-102.005211,TRUE,FALSE,TRUE,"S279762344"
"2283","bkbmag1","Black-billed Magpie","Pica hudsonia","L3001382","Hatcher Pass--Fishhook Trail","2025-10-16 11:03",2,61.7665966,-149.2665625,TRUE,FALSE,FALSE,"S279753452"
"2284","bkbmag1","Black-billed Magpie","Pica hudsonia","L523648","Palmer Hay Flats SGR--Cottonwood Creek access","2025-10-16 11:01",1,61.5110125,-149.5566702,TRUE,FALSE,FALSE,"S279758540"
"2285","bkbmag1","Black-billed Magpie","Pica hudsonia","L54127100","Rio Grande club and Resort","2025-10-16 11:00",2,37.67979,-106.6383313,TRUE,FALSE,TRUE,"S279796129"
"2286","bkbmag1","Black-billed Magpie","Pica hudsonia","L1291514","Glacier NP--Saint Mary Visitor Center","2025-10-16 11:00",1,48.7475305,-113.4392238,TRUE,FALSE,FALSE,"S279745176"
"2287","bkbmag1","Black-billed Magpie","Pica hudsonia","L1054346","home Highlands Ranch","2025-10-16 10:55",1,39.554335,-104.9429365,TRUE,FALSE,TRUE,"S279732815"
"2288","bkbmag1","Black-billed Magpie","Pica hudsonia","L464404","Cassimer Bar Wildlife Area","2025-10-16 10:51",1,48.0936744,-119.7121811,TRUE,FALSE,FALSE,"S279763421"
"2289","bkbmag1","Black-billed Magpie","Pica hudsonia","L52783517","9324 West Emerald Street, Boise, Idaho, US (43.611, -116.299)","2025-10-16 10:44",4,43.6113023,-116.2986464,TRUE,FALSE,TRUE,"S279727460"
"2290","bkbmag1","Black-billed Magpie","Pica hudsonia","L54127294","Snake River, Section 4 to Cress Creek","2025-10-16 10:40",8,43.622779,-111.665082,TRUE,FALSE,TRUE,"S279796575"
"2291","bkbmag1","Black-billed Magpie","Pica hudsonia","L613422","Moore Park","2025-10-16 10:35",2,42.2314,-121.8098,TRUE,FALSE,FALSE,"S279753391"
"2292","bkbmag1","Black-billed Magpie","Pica hudsonia","L24749830","2513 Briarwood Drive, Boulder, Colorado","2025-10-16 10:35",1,39.9712816,-105.2608669,TRUE,FALSE,TRUE,"S279731749"
"2293","bkbmag1","Black-billed Magpie","Pica hudsonia","L13713220","Kindred Reserve Open Space","2025-10-16 10:26",6,39.0787904,-108.6648019,TRUE,FALSE,FALSE,"S279733125"
"2294","bkbmag1","Black-billed Magpie","Pica hudsonia","L52891147","Home","2025-10-16 10:25",2,43.552964,-116.283864,TRUE,FALSE,TRUE,"S279722988"
"2295","bkbmag1","Black-billed Magpie","Pica hudsonia","L54114078","Deep Lake Trail, Coulee City US-WA 47.58819, -119.34017","2025-10-16 10:24",2,47.58819,-119.340169,TRUE,FALSE,TRUE,"S279735873"
"2296","bkbmag1","Black-billed Magpie","Pica hudsonia","L4320333","Silverthorne (town)","2025-10-16 10:20",1,39.629325,-106.072247,TRUE,FALSE,FALSE,"S279724056"
"2297","bkbmag1","Black-billed Magpie","Pica hudsonia","L54111179","MT-117, Fort Peck US-MT 48.00340, -106.45390","2025-10-16 10:20",1,48.003396,-106.453904,TRUE,FALSE,TRUE,"S279722050"
"2298","bkbmag1","Black-billed Magpie","Pica hudsonia","L6013069","Topsy Campground","2025-10-16 10:20",1,42.1241119,-122.0413685,TRUE,FALSE,FALSE,"S279944024"
"2299","bkbmag1","Black-billed Magpie","Pica hudsonia","L7442783","Colorado River--Little Dolores River Confluence","2025-10-16 10:19",2,39.0152814,-109.1451659,TRUE,FALSE,FALSE,"S280874554"
"2300","bkbmag1","Black-billed Magpie","Pica hudsonia","L3835699","Rio Grande del Norte NM--Wild Rivers, Pescado Trail","2025-10-16 10:18",1,36.6800185,-105.6725335,TRUE,FALSE,FALSE,"S279736070"
"2301","bkbmag1","Black-billed Magpie","Pica hudsonia","L54076275","80452, Idaho Springs US-CO 39.73517, -105.54793","2025-10-16 10:17",1,39.735171,-105.547929,TRUE,FALSE,TRUE,"S279760712"
"2302","bkbmag1","Black-billed Magpie","Pica hudsonia","L358988","Platte Canyon Reservoir","2025-10-16 10:14",1,39.489569,-105.0867176,TRUE,FALSE,FALSE,"S279738364"
"2303","bkbmag1","Black-billed Magpie","Pica hudsonia","L1229185","Mendiboure Ranch","2025-10-16 10:12",5,40.99284,-120.473156,TRUE,FALSE,TRUE,"S279732268"
"2304","bkbmag1","Black-billed Magpie","Pica hudsonia","L3388718","Lewistown Yard","2025-10-16 10:11",1,47.0727419,-109.4103139,TRUE,FALSE,TRUE,"S280049341"
"2305","bkbmag1","Black-billed Magpie","Pica hudsonia","L148617","Home","2025-10-16 10:02",1,39.9875157,-105.2661739,TRUE,FALSE,TRUE,"S279768020"
"2306","bkbmag1","Black-billed Magpie","Pica hudsonia","L1421915","Arroyo Hondo--Pond & Wetlands","2025-10-16 10:00",3,36.5340165,-105.668766,TRUE,FALSE,FALSE,"S279742441"
"2307","bkbmag1","Black-billed Magpie","Pica hudsonia","L3596685","Hotchkiss National Fish Hatchery","2025-10-16 10:00",4,38.771828,-107.767761,TRUE,FALSE,FALSE,"S280227187"
"2308","bkbmag1","Black-billed Magpie","Pica hudsonia","L6156982","Patterson Road--east","2025-10-16 09:58",9,45.6274752,-111.0561304,TRUE,FALSE,TRUE,"S279724927"
"2309","bkbmag1","Black-billed Magpie","Pica hudsonia","L299762","Yellowstone NP--Mammoth Hot Springs area","2025-10-16 09:58",8,44.9734094,-110.7041482,TRUE,FALSE,FALSE,"S280218030"
"2310","bkbmag1","Black-billed Magpie","Pica hudsonia","L342924","Loudy-Simpson Park","2025-10-16 09:56",2,40.4972168,-107.5681231,TRUE,FALSE,FALSE,"S279737510"
"2311","bkbmag1","Black-billed Magpie","Pica hudsonia","L8569631","Durango Recreation Center","2025-10-16 09:50",3,37.2939397,-107.8718607,TRUE,FALSE,FALSE,"S279731795"
"2312","bkbmag1","Black-billed Magpie","Pica hudsonia","L158897","Theodore Roosevelt NP--South Unit","2025-10-16 09:49",6,46.9475332,-103.453614,TRUE,FALSE,FALSE,"S279986035"
"2313","bkbmag1","Black-billed Magpie","Pica hudsonia","L52396188","Home USA","2025-10-16 09:49",3,45.6691303,-111.0613529,TRUE,FALSE,TRUE,"S279712136"
"2314","bkbmag1","Black-billed Magpie","Pica hudsonia","L10792084","3379 Mill Vista Road","2025-10-16 09:49",1,39.5597514,-105.0324392,TRUE,FALSE,TRUE,"S279978672"
"2315","bkbmag1","Black-billed Magpie","Pica hudsonia","L668818","Carson River Park","2025-10-16 09:47",8,39.1414778,-119.7051001,TRUE,FALSE,FALSE,"S279747506"
"2316","bkbmag1","Black-billed Magpie","Pica hudsonia","L159273","Tony Knowles Coastal Trail--Chester Creek to Ship Creek","2025-10-16 09:45",1,61.2155506,-149.9119878,TRUE,FALSE,FALSE,"S279742457"
"2317","bkbmag1","Black-billed Magpie","Pica hudsonia","L54114120","NM-378, Cerro US-NM 36.74145, -105.68041","2025-10-16 09:36",4,36.74145,-105.680408,TRUE,FALSE,TRUE,"S279736011"
"2318","bkbmag1","Black-billed Magpie","Pica hudsonia","L54108609","Moab Home - Arnel","2025-10-16 09:33",1,38.552824,-109.524905,TRUE,FALSE,TRUE,"S279709452"
"2319","bkbmag1","Black-billed Magpie","Pica hudsonia","L40288895","North Contour Way, Boise, Idaho, US (43.664, -116.25) To Cole","2025-10-16 09:31",1,43.663825,-116.2498826,TRUE,FALSE,TRUE,"S279922254"
"2320","bkbmag1","Black-billed Magpie","Pica hudsonia","L2259093","Cameron Bridge FAS","2025-10-16 09:30",7,45.73971,-111.21802,TRUE,FALSE,FALSE,"S279712024"
"2321","bkbmag1","Black-billed Magpie","Pica hudsonia","L16289861","59670–59698 Glass Hill Rd, La Grande US-OR (45.2839,-118.1036)","2025-10-16 09:29",3,45.283855,-118.103565,TRUE,FALSE,TRUE,"S279766218"
"2322","bkbmag1","Black-billed Magpie","Pica hudsonia","L54166872","Malheur NWR - Buena Vista Overlook","2025-10-16 09:27",2,43.0636745,-118.8674019,TRUE,FALSE,TRUE,"S279983914"
"2323","bkbmag1","Black-billed Magpie","Pica hudsonia","L54114635","53671 W Crockett Rd, Milton Freewater US-OR 45.97493, -118.39422","2025-10-16 09:22",1,45.97493,-118.39422,TRUE,FALSE,TRUE,"S279738214"
"2324","bkbmag1","Black-billed Magpie","Pica hudsonia","L39828466","Icon Trail, Logan US-UT 41.70629, -111.85603","2025-10-16 09:17",1,41.706294,-111.85603,TRUE,FALSE,TRUE,"S279726071"
"2325","bkbmag1","Black-billed Magpie","Pica hudsonia","L13783600","Lower Yellowjacket","2025-10-16 09:16",2,37.3423976,-109.0248968,TRUE,FALSE,FALSE,"S279747989"
"2326","bkbmag1","Black-billed Magpie","Pica hudsonia","L12665883","Lucky Peak State Park","2025-10-16 09:16",3,43.5286602,-116.0600401,TRUE,FALSE,TRUE,"S279733250"
"2327","bkbmag1","Black-billed Magpie","Pica hudsonia","L17990583","Home, 1677 Marsala Ct, Ammon US-ID 43.48311, -111.93591","2025-10-16 09:11",4,43.483114,-111.935914,TRUE,FALSE,TRUE,"S279704647"
"2328","bkbmag1","Black-billed Magpie","Pica hudsonia","L54246363","Burrow Ponds","2025-10-16 09:10",4,43.9157827,-111.533583,TRUE,FALSE,TRUE,"S280343125"
"2329","bkbmag1","Black-billed Magpie","Pica hudsonia","L48455952","Turnbull Wildlife Refuge","2025-10-16 09:10",NA,47.4251258,-117.5352144,TRUE,FALSE,TRUE,"S279797209"
"2330","bkbmag1","Black-billed Magpie","Pica hudsonia","L11292591","Undine Park, Laramie","2025-10-16 09:08",1,41.305179,-105.590281,TRUE,FALSE,FALSE,"S279710048"
"2331","bkbmag1","Black-billed Magpie","Pica hudsonia","L54106022","897 Canal Rd, Sparks US-NV 39.58596, -119.40143","2025-10-16 09:02",2,39.585957,-119.401433,TRUE,FALSE,TRUE,"S279732941"
"2332","bkbmag1","Black-billed Magpie","Pica hudsonia","L298474","Elkhead Creek Reservoir (Moffat Co.)","2025-10-16 09:01",2,40.56221,-107.3816,TRUE,FALSE,FALSE,"S279703504"
"2333","bkbmag1","Black-billed Magpie","Pica hudsonia","L12114807","McNary NWR--Donangelo Overlook","2025-10-16 09:00",2,46.197136,-118.943873,TRUE,FALSE,FALSE,"S280038221"
"2334","bkbmag1","Black-billed Magpie","Pica hudsonia","L4866050","Conconully Lake along Sinlahekin Rd","2025-10-16 08:57",4,48.5652126,-119.71982,TRUE,FALSE,FALSE,"S279738931"
"2335","bkbmag1","Black-billed Magpie","Pica hudsonia","L54109638","24667 OR-70, Bonanza US-OR 42.23502, -121.49130","2025-10-16 08:53",1,42.235024,-121.491296,TRUE,FALSE,TRUE,"S279712849"
"2336","bkbmag1","Black-billed Magpie","Pica hudsonia","L28330013","1416 S Olathe Way, Aurora US-CO (39.6914,-104.7929)","2025-10-16 08:50",1,39.691445,-104.792886,TRUE,FALSE,TRUE,"S279706002"
"2337","bkbmag1","Black-billed Magpie","Pica hudsonia","L2141651","Valmont Overlook (Legion Park)","2025-10-16 08:50",5,40.016268,-105.1891619,TRUE,FALSE,FALSE,"S279704787"
"2338","bkbmag1","Black-billed Magpie","Pica hudsonia","L20486787","9351 East Summit Road, Parker, Colorado, US (39.549, -104.711)","2025-10-16 08:48",1,39.5494157,-104.7109068,TRUE,FALSE,TRUE,"S279907469"
"2339","bkbmag1","Black-billed Magpie","Pica hudsonia","L483934","Bobcat Ridge Natural Area","2025-10-16 08:48",3,40.4793042,-105.2262032,TRUE,FALSE,FALSE,"S279751327"
"2340","bkbmag1","Black-billed Magpie","Pica hudsonia","L54107942","Stakeout Summer Tanager (2025)","2025-10-16 08:48",3,39.691869,-104.793391,TRUE,FALSE,TRUE,"S279706173"
"2341","bkbmag1","Black-billed Magpie","Pica hudsonia","L1261257","Chugach SP--Bird Pt.","2025-10-16 08:42",2,60.9290469,-149.3465524,TRUE,FALSE,FALSE,"S279786852"
"2342","bkbmag1","Black-billed Magpie","Pica hudsonia","L343608","Page Springs Campground","2025-10-16 08:40",11,42.8031267,-118.8671098,TRUE,FALSE,FALSE,"S279734017"
"2343","bkbmag1","Black-billed Magpie","Pica hudsonia","L8844527","181 Michelle Rd, Pasco US-WA (46.3530,-119.1891)","2025-10-16 08:38",1,46.353026,-119.189102,TRUE,FALSE,TRUE,"S279722098"
"2344","bkbmag1","Black-billed Magpie","Pica hudsonia","L285645","Deschutes River State Recreation Area","2025-10-16 08:36",2,45.6306103,-120.9078884,TRUE,FALSE,FALSE,"S279746592"
"2345","bkbmag1","Black-billed Magpie","Pica hudsonia","L21191745","North St Anthony Greenbelt Walk.","2025-10-16 08:35",2,43.951239,-111.7119962,TRUE,FALSE,TRUE,"S280110006"
"2346","bkbmag1","Black-billed Magpie","Pica hudsonia","L2137091","Bench Road--lower","2025-10-16 08:34",7,45.8537283,-111.555469,TRUE,FALSE,FALSE,"S279706228"
"2347","bkbmag1","Black-billed Magpie","Pica hudsonia","L16198089","Newman Ranch","2025-10-16 08:34",5,39.634609,-106.7799,TRUE,FALSE,TRUE,"S279737889"
"2348","bkbmag1","Black-billed Magpie","Pica hudsonia","L33743168","House","2025-10-16 08:32",1,39.584845,-105.053196,TRUE,FALSE,TRUE,"S279698707"
"2349","bkbmag1","Black-billed Magpie","Pica hudsonia","L54126639","La Jara Rd 7","2025-10-16 08:30",4,37.312495,-105.8640634,TRUE,FALSE,TRUE,"S279795504"
"2350","bkbmag1","Black-billed Magpie","Pica hudsonia","L2511618","Philberg Rd.","2025-10-16 08:29",4,45.5284718,-117.9185557,TRUE,FALSE,FALSE,"S279740632"
"2351","bkbmag1","Black-billed Magpie","Pica hudsonia","L54108625","89801, Elko US-NV 40.81949, -115.77736","2025-10-16 08:22",2,40.819488,-115.777358,TRUE,FALSE,TRUE,"S279709531"
"2352","bkbmag1","Black-billed Magpie","Pica hudsonia","L835471","Two Rivers Park","2025-10-16 08:21",1,46.1891005,-119.04562,TRUE,FALSE,FALSE,"S280060377"
"2353","bkbmag1","Black-billed Magpie","Pica hudsonia","L294672","Frenchglen (town)","2025-10-16 08:02",1,42.8265492,-118.914696,TRUE,FALSE,FALSE,"S279709007"
"2354","bkbmag1","Black-billed Magpie","Pica hudsonia","L2207076","Trailmark Retention Pond","2025-10-16 08:00",1,39.5430607,-105.1021242,TRUE,FALSE,TRUE,"S279768285"
"2355","bkbmag1","Black-billed Magpie","Pica hudsonia","L54108935","12 Wood Sorrel Dr, Littleton US-CO (39.5780,-105.1610)","2025-10-16 07:58",5,39.577986,-105.16101,TRUE,FALSE,TRUE,"S279710939"
"2356","bkbmag1","Black-billed Magpie","Pica hudsonia","L1003218","Sevenmile Guard Station","2025-10-16 07:51",3,42.7055736,-122.0744153,TRUE,FALSE,FALSE,"S279764049"
"2357","bkbmag1","Black-billed Magpie","Pica hudsonia","L484226","McNary NWR--Casey Pond","2025-10-16 07:50",2,46.1618205,-118.9552402,TRUE,FALSE,FALSE,"S280033009"
"2358","bkbmag1","Black-billed Magpie","Pica hudsonia","L5486996","Bradbury Pkway-Auburn Hills Park, Parker CO","2025-10-16 07:50",1,39.5066979,-104.7990668,TRUE,FALSE,TRUE,"S280504130"
"2359","bkbmag1","Black-billed Magpie","Pica hudsonia","L998436","Mesa Verde NP--Morefield Campground","2025-10-16 07:37",1,37.2989439,-108.4187508,TRUE,FALSE,FALSE,"S279690698"
"2360","bkbmag1","Black-billed Magpie","Pica hudsonia","L54104155","902 Torrey Breaks Dr, Torrey US-UT 38.30226, -111.40161","2025-10-16 07:35",2,38.302263,-111.40161,TRUE,FALSE,TRUE,"S279686127"
"2361","bkbmag1","Black-billed Magpie","Pica hudsonia","L54085899","Stephen/Katie Abode","2025-10-16 07:30",2,39.599437,-104.984559,TRUE,FALSE,TRUE,"S279703409"
"2362","bkbmag1","Black-billed Magpie","Pica hudsonia","L1790905","Carson River Park/Silver Saddle Ranch","2025-10-16 07:27",12,39.1359229,-119.7066605,TRUE,FALSE,TRUE,"S279744553"
"2363","bkbmag1","Black-billed Magpie","Pica hudsonia","L2083869","Detour/McDonald road","2025-10-16 07:03",5,46.0382076,-118.5601616,TRUE,FALSE,FALSE,"S280031201"
"2364","bkbmag1","Black-billed Magpie","Pica hudsonia","L27332018","13992 E Marina Dr, Aurora US-CO 39.66335, -104.82470","2025-10-16 06:55",4,39.663347,-104.824704,TRUE,FALSE,TRUE,"S279685463"
"2365","bkbmag1","Black-billed Magpie","Pica hudsonia","L2144174","Frog Hollow Rd","2025-10-16 06:50",12,46.0193766,-118.4985352,TRUE,FALSE,FALSE,"S280030434"
"2366","bkbmag1","Black-billed Magpie","Pica hudsonia","L2905118","Hildebrand Ranch Park","2025-10-16 06:45",20,39.5523352,-105.1101387,TRUE,FALSE,FALSE,"S279689306"
"2367","bkbmag1","Black-billed Magpie","Pica hudsonia","L54125167","Boulder Skyline (5 Peaks) Trail, Boulder, Colorado, US (39.982, -105.302)","2025-10-16 06:20",1,39.9821545,-105.3015163,TRUE,FALSE,TRUE,"S279787537"
"2368","bkbmag1","Black-billed Magpie","Pica hudsonia","L54123376","Westchester Lagoon Overlook","2025-10-16",4,61.2077153,-149.9244131,TRUE,FALSE,TRUE,"S279779003"
"2369","bkbmag1","Black-billed Magpie","Pica hudsonia","L1239694","Kechter Pit wetland","2025-10-15 18:15",1,40.5134076,-104.9950504,TRUE,FALSE,FALSE,"S279965697"
"2370","bkbmag1","Black-billed Magpie","Pica hudsonia","L804038","Chatfield SP--Swim Beach","2025-10-15 17:50",2,39.5425069,-105.0831985,TRUE,FALSE,FALSE,"S279611071"
"2371","bkbmag1","Black-billed Magpie","Pica hudsonia","L15115092","Badlands National Park west entrance","2025-10-15 17:46",5,43.8915707,-102.4309558,TRUE,FALSE,FALSE,"S279608111"
"2372","bkbmag1","Black-billed Magpie","Pica hudsonia","L2736486","Hentzell Park","2025-10-15 17:43",5,39.6630472,-104.8716903,TRUE,FALSE,FALSE,"S279610319"
"2373","bkbmag1","Black-billed Magpie","Pica hudsonia","L53677094","50 Tanglewood Dr, Durango US-CO (37.3033,-107.8933)","2025-10-15 17:40",1,37.303328,-107.893322,TRUE,FALSE,TRUE,"S279980143"
"2374","bkbmag1","Black-billed Magpie","Pica hudsonia","L42357201","Payson end of Arrowhead Trail","2025-10-15 17:30",3,40.0611122,-111.7124692,TRUE,FALSE,TRUE,"S279612572"
"2375","bkbmag1","Black-billed Magpie","Pica hudsonia","L54090407","615 Park River Pl, Estes Park US-CO 40.36849, -105.53158","2025-10-15 17:30",1,40.368486,-105.531584,TRUE,FALSE,TRUE,"S279614246"
"2376","bkbmag1","Black-billed Magpie","Pica hudsonia","L54076221","Aspen Inn, 52250 Oregon 62, Chiloquin, Oregon, US (42.7, -121.992)","2025-10-15 17:25",1,42.7004768,-121.9920886,TRUE,FALSE,TRUE,"S279612093"
"2377","bkbmag1","Black-billed Magpie","Pica hudsonia","L16209719","2647 N Chelton Rd, Colorado Springs US-CO 38.87044, -104.77511","2025-10-15 17:14",5,38.870438,-104.775105,TRUE,FALSE,TRUE,"S279606547"
"2378","bkbmag1","Black-billed Magpie","Pica hudsonia","L54092806","37669 SH-64, Rangely US-CO 40.18439, -108.52839","2025-10-15 17:11",13,40.184389,-108.528386,TRUE,FALSE,TRUE,"S279625662"
"2379","bkbmag1","Black-billed Magpie","Pica hudsonia","L18666038","Nereson WMA","2025-10-15 17:11",2,48.6500363,-95.9417152,TRUE,FALSE,FALSE,"S279757230"
"2380","bkbmag1","Black-billed Magpie","Pica hudsonia","L6704492","WAVANDER330","2025-10-15 17:04",4,39.4786915,-104.9130446,TRUE,FALSE,TRUE,"S279607939"
"2381","bkbmag1","Black-billed Magpie","Pica hudsonia","L1169005","Palisades Creek Campground","2025-10-15 17:04",2,43.3665297,-111.2373018,TRUE,FALSE,FALSE,"S279717697"
"2382","bkbmag1","Black-billed Magpie","Pica hudsonia","L2816419","Numana Wetlands","2025-10-15 16:56",2,39.7228571,-119.3197578,TRUE,FALSE,FALSE,"S279611414"
"2383","bkbmag1","Black-billed Magpie","Pica hudsonia","L3403344","Sand Point (town)","2025-10-15 16:56",16,55.3390306,-160.4992875,TRUE,FALSE,FALSE,"S279622005"
"2384","bkbmag1","Black-billed Magpie","Pica hudsonia","L54087925","SH-64, Meeker US-CO 40.09553, -108.22274","2025-10-15 16:52",3,40.095534,-108.222743,TRUE,FALSE,TRUE,"S279601683"
"2385","bkbmag1","Black-billed Magpie","Pica hudsonia","L11693985","Packsaddle Estates subdivision","2025-10-15 16:43",4,43.7704469,-111.2855071,TRUE,FALSE,TRUE,"S279616595"
"2386","bkbmag1","Black-billed Magpie","Pica hudsonia","L7457705","Page Springs Campground--Wilderness Trail","2025-10-15 16:33",1,42.8032954,-118.8653905,TRUE,FALSE,FALSE,"S279983931"
"2387","bkbmag1","Black-billed Magpie","Pica hudsonia","L1076418","CJ Strike WMA--Cove Recreation Site","2025-10-15 16:21",5,42.9371405,-115.9486181,TRUE,FALSE,FALSE,"S279601810"
"2388","bkbmag1","Black-billed Magpie","Pica hudsonia","L28520625","Coal Creek Abandoned Ranch","2025-10-15 16:13",1,39.8314926,-119.4277905,TRUE,FALSE,FALSE,"S279605977"
"2389","bkbmag1","Black-billed Magpie","Pica hudsonia","L54084898","Heartland State Trail, Laporte US-MN 47.24336, -94.63029","2025-10-15 16:10",2,47.243364,-94.630289,TRUE,FALSE,TRUE,"S279586373"
"2390","bkbmag1","Black-billed Magpie","Pica hudsonia","L54086992","47035–47331 SH-13, Meeker US-CO 40.13071, -107.84402","2025-10-15 15:57",7,40.130705,-107.844017,TRUE,FALSE,TRUE,"S279596725"
"2391","bkbmag1","Black-billed Magpie","Pica hudsonia","L13222818","WSU - Hog Lane/Animal Sciences Rd","2025-10-15 15:55",9,46.7318979,-117.148302,TRUE,FALSE,FALSE,"S279610157"
"2392","bkbmag1","Black-billed Magpie","Pica hudsonia","L2335940","Dadd Gulch Trail","2025-10-15 15:49",1,40.6949157,-105.5421328,TRUE,FALSE,FALSE,"S279702839"
"2393","bkbmag1","Black-billed Magpie","Pica hudsonia","L2928947","Blacktail Pond","2025-10-15 15:48",1,45.2231306,-112.6399255,TRUE,FALSE,FALSE,"S279596068"
"2394","bkbmag1","Black-billed Magpie","Pica hudsonia","L54086650","60722–60724 SH-13, Hamilton US-CO 40.22585, -107.80485","2025-10-15 15:38",1,40.22585,-107.804854,TRUE,FALSE,TRUE,"S279595158"
"2395","bkbmag1","Black-billed Magpie","Pica hudsonia","L54293043","Koochiching Co","2025-10-15 15:38",1,48.101998,-93.812158,TRUE,FALSE,TRUE,"S280561849"
"2396","bkbmag1","Black-billed Magpie","Pica hudsonia","L268769","Ireland Reservoir #5","2025-10-15 15:34",3,40.0832595,-104.6026325,TRUE,FALSE,FALSE,"S279597073"
"2397","bkbmag1","Black-billed Magpie","Pica hudsonia","L54085497","10001 County Road 308, Casper, Wyoming, US (42.764, -106.493)","2025-10-15 15:34",1,42.7642528,-106.4926757,TRUE,FALSE,TRUE,"S279589540"
"2398","bkbmag1","Black-billed Magpie","Pica hudsonia","L376847","Beltrami Island SF (Roseau Co.)","2025-10-15 15:30",2,48.7354743,-95.1330185,TRUE,FALSE,FALSE,"S279625087"
"2399","bkbmag1","Black-billed Magpie","Pica hudsonia","L1542574","Canyonlands NP--Pothole Point","2025-10-15 15:29",2,38.1702608,-109.8063097,TRUE,FALSE,FALSE,"S279761640"
"2400","bkbmag1","Black-billed Magpie","Pica hudsonia","L54085779","23920–23928 SH-13, Craig US-CO 40.44276, -107.63779","2025-10-15 15:27",6,40.442758,-107.63779,TRUE,FALSE,TRUE,"S279590872"
"2401","bkbmag1","Black-billed Magpie","Pica hudsonia","L10995086","Rio Grande Trail--ACES Rock Bottom Ranch to Main St Carbondale","2025-10-15 15:23",8,39.3990917,-107.1602671,TRUE,FALSE,FALSE,"S279601741"
"2402","bkbmag1","Black-billed Magpie","Pica hudsonia","L1408361","Riverdale Trail -- Hwy 26 to Interstate 84","2025-10-15 15:20",1,41.1762536,-111.9942345,TRUE,FALSE,FALSE,"S279595099"
"2403","bkbmag1","Black-billed Magpie","Pica hudsonia","L54084874","611 Park River Pl, Estes Park US-CO (40.3686,-105.5319)","2025-10-15 15:11",13,40.368617,-105.531938,TRUE,FALSE,TRUE,"S279586252"
"2404","bkbmag1","Black-billed Magpie","Pica hudsonia","L477914","Hyatt Hidden Lakes Reserve","2025-10-15 15:10",1,43.652744,-116.2965488,TRUE,FALSE,FALSE,"S279620927"
"2405","bkbmag1","Black-billed Magpie","Pica hudsonia","L54091070","Chatfield State Park, Paddlecraft Point, Littleton US-CO (39.5206,-105.0835)","2025-10-15 15:08",1,39.520567,-105.083545,TRUE,FALSE,TRUE,"S279617662"
"2406","bkbmag1","Black-billed Magpie","Pica hudsonia","L54084669","10995 S US Highway 89, Jackson US-WY 43.32482, -110.72988","2025-10-15 15:03",2,43.324823,-110.729877,TRUE,FALSE,TRUE,"S279585190"
"2407","bkbmag1","Black-billed Magpie","Pica hudsonia","L44275982","Mudd Creek Divide west side","2025-10-15 15:01",1,47.628804,-114.903162,TRUE,FALSE,TRUE,"S279620659"
"2408","bkbmag1","Black-billed Magpie","Pica hudsonia","L53546120","Ramhorn Springs Campground","2025-10-15 15:00",5,40.7073979,-120.2534011,TRUE,FALSE,TRUE,"S280430227"
"2409","bkbmag1","Black-billed Magpie","Pica hudsonia","L1288962","Hwy A24 (SIE Co.)","2025-10-15 14:57",7,39.6899504,-120.2496529,TRUE,FALSE,FALSE,"S279616236"
"2410","bkbmag1","Black-billed Magpie","Pica hudsonia","L4444272","Chief Plenty Coups SP","2025-10-15 14:56",2,45.4299149,-108.5485572,TRUE,FALSE,FALSE,"S279956976"
"2411","bkbmag1","Black-billed Magpie","Pica hudsonia","L47465617","Ranch Ponds","2025-10-15 14:51",1,39.8473685,-105.3635055,TRUE,FALSE,TRUE,"S279785130"
"2412","bkbmag1","Black-billed Magpie","Pica hudsonia","L3354428","Green Ridge Campground area","2025-10-15 14:49",1,40.2055581,-105.8481932,TRUE,FALSE,FALSE,"S279586220"
"2413","bkbmag1","Black-billed Magpie","Pica hudsonia","L5805913","Naturita Creek Bridge","2025-10-15 14:47",1,38.14826,-108.33528,TRUE,FALSE,TRUE,"S279616218"
"2414","bkbmag1","Black-billed Magpie","Pica hudsonia","L54083939","351 SR-196, Grantsville US-UT 40.43384, -112.74866","2025-10-15 14:35",1,40.43384,-112.748664,TRUE,FALSE,TRUE,"S279581418"
"2415","bkbmag1","Black-billed Magpie","Pica hudsonia","L4560077","Adamsville","2025-10-15 14:34",1,38.258268,-112.798966,TRUE,FALSE,TRUE,"S279583920"
"2416","bkbmag1","Black-billed Magpie","Pica hudsonia","L10024057","SW Boise Home","2025-10-15 14:34",3,43.583185,-116.319601,TRUE,FALSE,TRUE,"S279585748"
"2417","bkbmag1","Black-billed Magpie","Pica hudsonia","L5239478","Golden Gate Canyon SP--Black Bear Trail","2025-10-15 14:33",1,39.8352792,-105.4101491,TRUE,FALSE,FALSE,"S279785165"
"2418","bkbmag1","Black-billed Magpie","Pica hudsonia","L54084518","Unnamed Road, Walden, Colorado, US (40.609, -106.282)","2025-10-15 14:27",3,40.6085298,-106.281716,TRUE,FALSE,TRUE,"S279584467"
"2419","bkbmag1","Black-billed Magpie","Pica hudsonia","L6464259","Clark's Bay Recreation Site","2025-10-15 14:24",1,46.6942808,-111.8140005,TRUE,FALSE,FALSE,"S279590757"
"2420","bkbmag1","Black-billed Magpie","Pica hudsonia","L37443146","4123 S Evergreen Rd, Veradale US-WA 47.61712, -117.21780","2025-10-15 14:24",1,47.61712,-117.2178,TRUE,FALSE,TRUE,"S279593730"
"2421","bkbmag1","Black-billed Magpie","Pica hudsonia","L4907446","Ship Creek Overlook Park","2025-10-15 14:21",2,61.2242595,-149.8796403,TRUE,FALSE,FALSE,"S279597470"
"2422","bkbmag1","Black-billed Magpie","Pica hudsonia","L212742","White Ranch Park--Lower Trails","2025-10-15 14:13",1,39.8021042,-105.2534191,TRUE,FALSE,FALSE,"S279684646"
"2423","bkbmag1","Black-billed Magpie","Pica hudsonia","L1361104","Warm Springs Ponds--overlook","2025-10-15 14:08",3,39.6298147,-120.3615082,TRUE,FALSE,FALSE,"S279615975"
"2424","bkbmag1","Black-billed Magpie","Pica hudsonia","L12914960","Private","2025-10-15 13:50",1,37.3233241,-108.7176891,TRUE,FALSE,TRUE,"S279594358"
"2425","bkbmag1","Black-billed Magpie","Pica hudsonia","L54113300","Highway 89, Duck Creek Village, Utah, US (37.517, -112.497)","2025-10-15 13:47",4,37.5165788,-112.4972305,TRUE,FALSE,TRUE,"S279732867"
"2426","bkbmag1","Black-billed Magpie","Pica hudsonia","L41924544","Auto selected 43.42281, -103.48089","2025-10-15 13:29",4,43.422812,-103.480892,TRUE,FALSE,TRUE,"S279573008"
"2427","bkbmag1","Black-billed Magpie","Pica hudsonia","L54082335","10655–11745 N St Vrain Dr, Lyons US-CO 40.28413, -105.36760","2025-10-15 13:25",1,40.284133,-105.367605,TRUE,FALSE,TRUE,"S279573935"
"2428","bkbmag1","Black-billed Magpie","Pica hudsonia","L16757231","13500–13672 Lowell Point Rd, Seward US-AK 60.09610, -149.44566","2025-10-15 13:23",3,60.096103,-149.445656,TRUE,FALSE,TRUE,"S279588063"
"2429","bkbmag1","Black-billed Magpie","Pica hudsonia","L53513118","Fort Missoula","2025-10-15 13:18",2,46.841704,-114.065508,TRUE,FALSE,TRUE,"S279582396"
"2430","bkbmag1","Black-billed Magpie","Pica hudsonia","L8047283","Paradise Path--S. Main St. (US 95) to 6th Street","2025-10-15 13:09",1,46.7273458,-117.0044501,TRUE,FALSE,FALSE,"S279580831"
"2431","bkbmag1","Black-billed Magpie","Pica hudsonia","L54083206","Helena Valley Regulating Reservoir Northeast","2025-10-15 13:08",2,46.65006,-111.868838,TRUE,FALSE,TRUE,"S279578012"
"2432","bkbmag1","Black-billed Magpie","Pica hudsonia","L37451529","Orvis Hot Springs","2025-10-15 13:05",1,38.1335492,-107.7348914,TRUE,FALSE,TRUE,"S279592103"
"2433","bkbmag1","Black-billed Magpie","Pica hudsonia","L1105351","Seward--Spring Creek Campground","2025-10-15 13:03",1,60.088325,-149.3558264,TRUE,FALSE,FALSE,"S279597467"
"2434","bkbmag1","Black-billed Magpie","Pica hudsonia","L7717862","Badlands NP--Saddle Pass Trail","2025-10-15 13:01",2,43.7579528,-101.9749904,TRUE,FALSE,FALSE,"S279574547"
"2435","bkbmag1","Black-billed Magpie","Pica hudsonia","L1017276","CJ Strike WMA--Bruneau Duck Ponds","2025-10-15 13:00",2,42.927,-115.719,TRUE,FALSE,FALSE,"S279572479"
"2436","bkbmag1","Black-billed Magpie","Pica hudsonia","L996725","Pete's Pond","2025-10-15 13:00",1,45.4207146,-117.2839022,TRUE,FALSE,FALSE,"S279577413"
"2437","bkbmag1","Black-billed Magpie","Pica hudsonia","L4682626","Montpelier Airport Rd.","2025-10-15 13:00",7,42.290459,-111.355872,TRUE,FALSE,FALSE,"S279734928"
"2438","bkbmag1","Black-billed Magpie","Pica hudsonia","L12325949","Fort Missoula Native Plant Garden","2025-10-15 12:55",3,46.8404167,-114.0631538,TRUE,FALSE,TRUE,"S279602173"
"2439","bkbmag1","Black-billed Magpie","Pica hudsonia","L54092221","Over Dam Through Foote Park, Boise, Idaho, US (43.529, -116.05)","2025-10-15 12:51",3,43.5293299,-116.0495812,TRUE,FALSE,TRUE,"S279623332"
"2440","bkbmag1","Black-billed Magpie","Pica hudsonia","L46885258","MC 41 (N of Bauer Lake)","2025-10-15 12:45",1,37.3971,-108.2979897,TRUE,FALSE,TRUE,"S279589238"
"2441","bkbmag1","Black-billed Magpie","Pica hudsonia","L3274706","Mayberry Park","2025-10-15 12:42",1,39.5027249,-119.8962555,TRUE,FALSE,FALSE,"S279587655"
"2442","bkbmag1","Black-billed Magpie","Pica hudsonia","L358359","Fraser River Trail","2025-10-15 12:26",2,39.9354078,-105.7900572,TRUE,FALSE,FALSE,"S279595071"
"2443","bkbmag1","Black-billed Magpie","Pica hudsonia","L1347584","Rocky Mountain NP--Sheep Lakes","2025-10-15 12:22",3,40.4040445,-105.6209724,TRUE,FALSE,FALSE,"S279572333"
"2444","bkbmag1","Black-billed Magpie","Pica hudsonia","L27902593","FOOTES 13–41 Valley Vista Dr, Garden Valley US-ID 44.09407, -115.95382","2025-10-15 12:20",2,44.094069,-115.953819,TRUE,FALSE,TRUE,"S279566784"
"2445","bkbmag1","Black-billed Magpie","Pica hudsonia","L559015","Lander--Water Treatment Ponds","2025-10-15 12:18",1,42.8463472,-108.7231493,TRUE,FALSE,FALSE,"S279570659"
"2446","bkbmag1","Black-billed Magpie","Pica hudsonia","L18619245","Corral Lake public fishing access road","2025-10-15 12:15",3,46.96388,-119.30786,TRUE,FALSE,TRUE,"S279584917"
"2447","bkbmag1","Black-billed Magpie","Pica hudsonia","L54079311","2101–2177 22nd Ave NE, Mekinock US-ND 47.99099, -97.29014","2025-10-15 12:10",2,47.990988,-97.290144,TRUE,FALSE,TRUE,"S279559769"
"2448","bkbmag1","Black-billed Magpie","Pica hudsonia","L876760","Lucky Peak SP--Sandy Point","2025-10-15 12:10",26,43.5304425,-116.0585833,TRUE,FALSE,FALSE,"S279623094"
"2449","bkbmag1","Black-billed Magpie","Pica hudsonia","L3528174","Skagway--Small Boat Harbor","2025-10-15 12:10",2,59.449529,-135.3205175,TRUE,FALSE,FALSE,"S279948157"
"2450","bkbmag1","Black-billed Magpie","Pica hudsonia","L54354245","Toats Coulee Rd, Loomis US-WA 48.84220, -119.66334","2025-10-15 12:04",1,48.8422,-119.663336,TRUE,FALSE,TRUE,"S280863010"
"2451","bkbmag1","Black-billed Magpie","Pica hudsonia","L721630","University of Idaho Arboretum and Botanical Gardens","2025-10-15 12:02",1,46.7213142,-117.015735,TRUE,FALSE,FALSE,"S279579108"
"2452","bkbmag1","Black-billed Magpie","Pica hudsonia","L778997","State Hwy 51 at Snake River (Elmore Co. side)","2025-10-15 12:00",6,42.9393567,-115.7510519,TRUE,FALSE,FALSE,"S279572547"
"2453","bkbmag1","Black-billed Magpie","Pica hudsonia","L3540366","Bauer Reservoir","2025-10-15 12:00",1,37.3821878,-108.3029008,TRUE,FALSE,FALSE,"S279588712"
"2454","bkbmag1","Black-billed Magpie","Pica hudsonia","L2972212","Wadsworth Drive","2025-10-15 11:56",3,43.6379698,-116.2924182,TRUE,FALSE,TRUE,"S279599007"
"2455","bkbmag1","Black-billed Magpie","Pica hudsonia","L6136876","Rocky Mountain NP--Endovalley Picnic Area","2025-10-15 11:56",1,40.4133327,-105.6588435,TRUE,FALSE,FALSE,"S279582762"
"2456","bkbmag1","Black-billed Magpie","Pica hudsonia","L39086859","Cross Ridge Park, Lafayette US-CO 40.01493, -105.13121","2025-10-15 11:56",1,40.014927,-105.13121,TRUE,FALSE,TRUE,"S279560422"
"2457","bkbmag1","Black-billed Magpie","Pica hudsonia","L54082652","Blackmore Ski Trails","2025-10-15 11:54",2,45.4892826,-110.9829567,TRUE,FALSE,TRUE,"S279575436"
"2458","bkbmag1","Black-billed Magpie","Pica hudsonia","L251918","Lucky Peak SP--Discovery Unit","2025-10-15 11:53",1,43.5252151,-116.0651493,TRUE,FALSE,FALSE,"S279622510"
"2459","bkbmag1","Black-billed Magpie","Pica hudsonia","L8307535","Mom and Dad's house","2025-10-15 11:50",1,46.7457433,-111.9133962,TRUE,FALSE,TRUE,"S279560994"
"2460","bkbmag1","Black-billed Magpie","Pica hudsonia","L17165978","Coastal Trail - Woronzof Park 99502, Anchorage US-AK 61.18360, -150.02728","2025-10-15 11:49",2,61.183603,-150.027277,TRUE,FALSE,TRUE,"S279579700"
"2461","bkbmag1","Black-billed Magpie","Pica hudsonia","L3942525","Weed Draw","2025-10-15 11:45",2,42.6941125,-108.7065223,TRUE,FALSE,TRUE,"S279579072"
"2462","bkbmag1","Black-billed Magpie","Pica hudsonia","L54182042","82642, Lysite US-WY 43.36586, -107.32121","2025-10-15 11:40",3,43.365856,-107.321206,TRUE,FALSE,TRUE,"S280052050"
"2463","bkbmag1","Black-billed Magpie","Pica hudsonia","L1151323","Chester Creek Trail--C St. to Seward Hwy.","2025-10-15 11:37",12,61.2026765,-149.8806579,TRUE,FALSE,FALSE,"S279574020"
"2464","bkbmag1","Black-billed Magpie","Pica hudsonia","L4682665","Bear Lake NWR--Dingle Unit","2025-10-15 11:36",5,42.2321105,-111.3492626,TRUE,FALSE,FALSE,"S279733992"
"2465","bkbmag1","Black-billed Magpie","Pica hudsonia","L9404154","Golden Gate Canyon SP--Mule Deer Trail","2025-10-15 11:36",2,39.8521971,-105.4443409,TRUE,FALSE,FALSE,"S279623812"
"2466","bkbmag1","Black-billed Magpie","Pica hudsonia","L18367560","East Pet Haven Lane, Boise, Idaho, US (43.551, -116.099)","2025-10-15 11:23",2,43.5509315,-116.0989233,TRUE,FALSE,TRUE,"S279616867"
"2467","bkbmag1","Black-billed Magpie","Pica hudsonia","L21638567","Magnolia Park","2025-10-15 11:23",2,43.6813898,-116.293556,TRUE,FALSE,FALSE,"S279692504"
"2468","bkbmag1","Black-billed Magpie","Pica hudsonia","L359015","Trailmark Lake (aka Fairview Reservoir)","2025-10-15 11:22",1,39.537948,-105.0976932,TRUE,FALSE,FALSE,"S279566521"
"2469","bkbmag1","Black-billed Magpie","Pica hudsonia","L54077879","McKenzie Butte","2025-10-15 11:22",1,38.2596848,-107.7909623,TRUE,FALSE,TRUE,"S279555102"
"2470","bkbmag1","Black-billed Magpie","Pica hudsonia","L54081168","8819 County Road 27, Bellvue, Colorado, US (40.68, -105.387)","2025-10-15 11:19",1,40.680355,-105.3874873,TRUE,FALSE,TRUE,"S279568388"
"2471","bkbmag1","Black-billed Magpie","Pica hudsonia","L21977032","Washoe Park","2025-10-15 11:08",1,46.1350027,-112.9652452,TRUE,FALSE,FALSE,"S279572014"
"2472","bkbmag1","Black-billed Magpie","Pica hudsonia","L10098984","Ivy Glades, Pasco","2025-10-15 11:07",1,46.2415392,-119.1892784,TRUE,FALSE,TRUE,"S279576993"
"2473","bkbmag1","Black-billed Magpie","Pica hudsonia","L24805188","2559 E Haystacker Dr, Eagle US-CO 39.62363, -106.79992","2025-10-15 11:07",6,39.623629,-106.79992,TRUE,FALSE,TRUE,"S279563726"
"2474","bkbmag1","Black-billed Magpie","Pica hudsonia","L50289437","Wallen road","2025-10-15 11:06",1,46.744415,-116.926189,TRUE,FALSE,TRUE,"S279570924"
"2475","bkbmag1","Black-billed Magpie","Pica hudsonia","L7804920","Old Freight Rd at Post Cr. (private)","2025-10-15 11:05",2,47.3678685,-114.1471222,TRUE,FALSE,TRUE,"S279556215"
"2476","bkbmag1","Black-billed Magpie","Pica hudsonia","L54078878","Double Tree Hilton, 501 Camino del Rio, Durango US-CO (37.2698,-107.8856)","2025-10-15 11:02",1,37.269754,-107.885595,TRUE,FALSE,TRUE,"S279557543"
"2477","bkbmag1","Black-billed Magpie","Pica hudsonia","L15799091","Kincaid Park, Anchorage US-AK 61.16694, -150.06030","2025-10-15 11:00",1,61.166939,-150.060299,TRUE,FALSE,TRUE,"S279575121"
"2478","bkbmag1","Black-billed Magpie","Pica hudsonia","L5714370","Birdsall House Quail Hollow Fort collins","2025-10-15 11:00",3,40.546211,-105.1307166,TRUE,FALSE,TRUE,"S279568802"
"2479","bkbmag1","Black-billed Magpie","Pica hudsonia","L12279440","Upper Cheesman Canyon Trail","2025-10-15 11:00",1,39.2224012,-105.2764946,TRUE,FALSE,FALSE,"S279600992"
"2480","bkbmag1","Black-billed Magpie","Pica hudsonia","L54079044","Alta Vista Park","2025-10-15 10:54",1,39.690759,-104.791759,TRUE,FALSE,TRUE,"S279558385"
"2481","bkbmag1","Black-billed Magpie","Pica hudsonia","L977704","Bear Lake Overlook Rest Area","2025-10-15 10:53",1,41.9213431,-111.4575595,TRUE,FALSE,FALSE,"S279731556"
"2482","bkbmag1","Black-billed Magpie","Pica hudsonia","L13491029","Eagle Beach","2025-10-15 10:50",1,58.5280912,-134.8249032,TRUE,FALSE,TRUE,"S280147266"
"2483","bkbmag1","Black-billed Magpie","Pica hudsonia","L338570","Lewistown--Brewery Flats FAS","2025-10-15 10:46",3,47.0468375,-109.4122791,TRUE,FALSE,FALSE,"S279567547"
"2484","bkbmag1","Black-billed Magpie","Pica hudsonia","L54080144","1132 Banks Lowman Rd, Garden Valley US-ID 44.08313, -115.94758","2025-10-15 10:45",2,44.083134,-115.947582,TRUE,FALSE,TRUE,"S279563621"
"2485","bkbmag1","Black-billed Magpie","Pica hudsonia","L54077546","15 Paonia, Littleton US-CO 39.57787, -105.16553","2025-10-15 10:45",3,39.57787,-105.165525,TRUE,FALSE,TRUE,"S279550864"
"2486","bkbmag1","Black-billed Magpie","Pica hudsonia","L5237459","Galen Road--Highway 273","2025-10-15 10:43",2,46.237565,-112.8255987,TRUE,FALSE,TRUE,"S279553582"
"2487","bkbmag1","Black-billed Magpie","Pica hudsonia","L1235636","Douglas Pass Area","2025-10-15 10:41",1,39.5976201,-108.8050747,TRUE,FALSE,FALSE,"S279569522"
"2488","bkbmag1","Black-billed Magpie","Pica hudsonia","L269369","World Center for Birds of Prey","2025-10-15 10:36",2,43.517728,-116.2555432,TRUE,FALSE,FALSE,"S279560412"
"2489","bkbmag1","Black-billed Magpie","Pica hudsonia","L23102114","Fruitgrowers Reservoir, Dam section,Eckert US-CO 38.82548, -107.95125","2025-10-15 10:36",1,38.825483,-107.951251,TRUE,FALSE,TRUE,"S279752656"
"2490","bkbmag1","Black-billed Magpie","Pica hudsonia","L5697878","Hyrum--500N Fields","2025-10-15 10:33",10,41.6442797,-111.8454037,TRUE,FALSE,FALSE,"S279550358"
"2491","bkbmag1","Black-billed Magpie","Pica hudsonia","L36548243","22nd St Hill","2025-10-15 10:31",2,61.2010559,-149.8935033,TRUE,FALSE,TRUE,"S279570598"
"2492","bkbmag1","Black-billed Magpie","Pica hudsonia","L26119167","Old Shadybrook Community Hike West","2025-10-15 10:30",2,45.281009,-121.27659,TRUE,FALSE,TRUE,"S279572365"
"2493","bkbmag1","Black-billed Magpie","Pica hudsonia","L390227","Eagle Beach SRA","2025-10-15 10:23",1,58.5283716,-134.8270512,TRUE,FALSE,FALSE,"S279614240"
"2494","bkbmag1","Black-billed Magpie","Pica hudsonia","L4023845","Wheat Ridge Greenbelt--West Lake","2025-10-15 10:22",5,39.7733347,-105.1380765,TRUE,FALSE,FALSE,"S279557530"
"2495","bkbmag1","Black-billed Magpie","Pica hudsonia","L24710667","Devil's Tower NM--Red Beds Trail","2025-10-15 10:22",2,44.5886168,-104.713614,TRUE,FALSE,FALSE,"S279545039"
"2496","bkbmag1","Black-billed Magpie","Pica hudsonia","L4257025","McCowin Park","2025-10-15 10:21",3,43.4762983,-111.9705534,TRUE,FALSE,FALSE,"S279549707"
"2497","bkbmag1","Black-billed Magpie","Pica hudsonia","L28305609","Clay Street, Walla Walla, Washington, US (46.053, -118.317)","2025-10-15 10:20",4,46.0530382,-118.316875,TRUE,FALSE,TRUE,"S279566219"
"2498","bkbmag1","Black-billed Magpie","Pica hudsonia","L36382416","Upper Como Campground Rd, Darby US-MT 46.06840, -114.23962","2025-10-15 10:20",1,46.0684,-114.239625,TRUE,FALSE,TRUE,"S279558755"
"2499","bkbmag1","Black-billed Magpie","Pica hudsonia","L2502153","Riverview Park","2025-10-15 10:18",1,39.1603056,-119.7078037,TRUE,FALSE,FALSE,"S279561770"
"2500","bkbmag1","Black-billed Magpie","Pica hudsonia","L28751742","Hwy 139 bridge near MP 15","2025-10-15 10:15",1,39.4026707,-108.8139139,TRUE,FALSE,TRUE,"S279569146"
"2501","bkbmag1","Black-billed Magpie","Pica hudsonia","L29767266","Burly Bear Trail","2025-10-15 10:15",1,48.40916,-114.261836,TRUE,FALSE,TRUE,"S279545492"
"2502","bkbmag1","Black-billed Magpie","Pica hudsonia","L1615538","Boulder Valley Ranch","2025-10-15 10:15",4,40.0798463,-105.2620945,TRUE,FALSE,FALSE,"S279573092"
"2503","bkbmag1","Black-billed Magpie","Pica hudsonia","L54076175","6638 South Nome Street, Centennial, Colorado, US (39.597, -104.854)","2025-10-15 10:13",1,39.5970959,-104.8536548,TRUE,FALSE,TRUE,"S279544149"
"2504","bkbmag1","Black-billed Magpie","Pica hudsonia","L12251292","11322 E Ida Ct, Englewood US-CO 39.61033, -104.85699","2025-10-15 10:11",2,39.610328,-104.856991,TRUE,FALSE,TRUE,"S279545347"
"2505","bkbmag1","Black-billed Magpie","Pica hudsonia","L2753466","Sand Creek Park (Adams Co.)","2025-10-15 10:11",1,39.7560991,-104.8419793,TRUE,FALSE,FALSE,"S279546981"
"2506","bkbmag1","Black-billed Magpie","Pica hudsonia","L27237961","Amalga Harbor Boat Launch","2025-10-15 10:11",1,58.4913821,-134.7876087,TRUE,FALSE,FALSE,"S279579845"
"2507","bkbmag1","Black-billed Magpie","Pica hudsonia","L54079149","2–90 Foster Rd, Harlowton US-MT 46.37961, -109.75833","2025-10-15 10:10",3,46.379608,-109.758331,TRUE,FALSE,TRUE,"S279558955"
"2508","bkbmag1","Black-billed Magpie","Pica hudsonia","L54081446","1314 Dixie Ln, Walla Walla US-WA 46.05004, -118.35463","2025-10-15 10:03",8,46.050036,-118.354633,TRUE,FALSE,TRUE,"S279569653"
"2509","bkbmag1","Black-billed Magpie","Pica hudsonia","L1639686","La Sal/Deer Creek Wetlands","2025-10-15 10:02",1,38.325866,-109.1239503,TRUE,FALSE,FALSE,"S279553107"
"2510","bkbmag1","Black-billed Magpie","Pica hudsonia","L21290082","2647 N Chelton Rd, Colorado Springs US-CO 38.87040, -104.77515","2025-10-15 10:00",1,38.870399,-104.775152,TRUE,FALSE,TRUE,"S279546653"
"2511","bkbmag1","Black-billed Magpie","Pica hudsonia","L1025201","Eldorado Mountain Open Space--Goshawk Ridge Trail","2025-10-15 09:57",2,39.9205326,-105.2768326,TRUE,FALSE,FALSE,"S279562574"
"2512","bkbmag1","Black-billed Magpie","Pica hudsonia","L6207404","Happy Haven (my Aurora backyard)","2025-10-15 09:55",1,39.691215,-104.793025,TRUE,FALSE,TRUE,"S279540946"
"2513","bkbmag1","Black-billed Magpie","Pica hudsonia","L54076461","Interstate 90, Moorcroft, Wyoming, US (44.289, -104.663)","2025-10-15 09:50",1,44.2892198,-104.6625176,TRUE,FALSE,TRUE,"S279545616"
"2514","bkbmag1","Black-billed Magpie","Pica hudsonia","L1124618","Red River Fish Hatchery","2025-10-15 09:48",1,36.6832192,-105.6526852,TRUE,FALSE,FALSE,"S279546379"
"2515","bkbmag1","Black-billed Magpie","Pica hudsonia","L282520","Lagerman Agricultural Preserve--Lagerman Reservoir","2025-10-15 09:45",1,40.1348086,-105.1888925,TRUE,FALSE,FALSE,"S279543947"
"2516","bkbmag1","Black-billed Magpie","Pica hudsonia","L5383864","Cherry Creek SP--Butterfly Hill area","2025-10-15 09:43",7,39.6292054,-104.8624568,TRUE,FALSE,FALSE,"S279542921"
"2517","bkbmag1","Black-billed Magpie","Pica hudsonia","L37860469","W 126th Dr","2025-10-15 09:42",1,39.9240732,-105.0286748,TRUE,FALSE,TRUE,"S279606848"
"2518","bkbmag1","Black-billed Magpie","Pica hudsonia","L2253146","Rocky Mountain NP--Bear Lake Rd.","2025-10-15 09:38",5,40.3327728,-105.5993843,TRUE,FALSE,FALSE,"S279581917"
"2519","bkbmag1","Black-billed Magpie","Pica hudsonia","L2368464","Moab -- Mill Creek Walkway East of US191","2025-10-15 09:37",1,38.5654317,-109.5444417,TRUE,FALSE,FALSE,"S279543963"
"2520","bkbmag1","Black-billed Magpie","Pica hudsonia","L54074726","655–673 Moraine Ave, Estes Park US-CO 40.36746, -105.53590","2025-10-15 09:37",1,40.367458,-105.535898,TRUE,FALSE,TRUE,"S279536586"
"2521","bkbmag1","Black-billed Magpie","Pica hudsonia","L14201198","Z42 Rd","2025-10-15 09:35",6,38.1306033,-108.3019267,TRUE,FALSE,TRUE,"S279615973"
"2522","bkbmag1","Black-billed Magpie","Pica hudsonia","L25304519","359 W 2900 N, Pleasant Grove US-UT 40.39501, -111.74617","2025-10-15 09:35",1,40.395006,-111.746166,TRUE,FALSE,TRUE,"S279536152"
"2523","bkbmag1","Black-billed Magpie","Pica hudsonia","L54076083","1816 Jerome Place, Helena, Montana, US (46.583, -112.008)","2025-10-15 09:25",NA,46.5826811,-112.0079022,TRUE,FALSE,TRUE,"S279543688"
"2524","bkbmag1","Black-billed Magpie","Pica hudsonia","L51037825","Trading Post Trail, Morrison US-CO 39.65661, -105.20098","2025-10-15 09:20",2,39.656608,-105.200983,TRUE,FALSE,TRUE,"S279872156"
"2525","bkbmag1","Black-billed Magpie","Pica hudsonia","L6008848","Riverside Park","2025-10-15 09:20",3,46.7749957,-114.0705697,TRUE,FALSE,FALSE,"S279783846"
"2526","bkbmag1","Black-billed Magpie","Pica hudsonia","L1772244","Flathead House","2025-10-15 09:19",2,48.1768708,-114.1377721,TRUE,FALSE,TRUE,"S279555344"
"2527","bkbmag1","Black-billed Magpie","Pica hudsonia","L30667359","Point Woronzof Park, Anchorage US-AK (61.2006,-150.0198)","2025-10-15 09:15",1,61.200567,-150.0198,TRUE,FALSE,TRUE,"S279564013"
"2528","bkbmag1","Black-billed Magpie","Pica hudsonia","L44793949","North Contour Way, Boise, Idaho, US (43.664, -116.25) To Lake Harbour","2025-10-15 09:12",1,43.6638768,-116.2499903,TRUE,FALSE,TRUE,"S279615917"
"2529","bkbmag1","Black-billed Magpie","Pica hudsonia","L2809348","Washington State University Campus","2025-10-15 09:11",2,46.7308073,-117.1540289,TRUE,FALSE,FALSE,"S279555313"
"2530","bkbmag1","Black-billed Magpie","Pica hudsonia","L54092080","Eden US-UT 41.31235, -111.85682","2025-10-15 09:07",2,41.312349,-111.856817,TRUE,FALSE,TRUE,"S279622719"
"2531","bkbmag1","Black-billed Magpie","Pica hudsonia","L1435855","Welch Park","2025-10-15 09:07",5,39.6810179,-104.8838773,TRUE,FALSE,TRUE,"S279540838"
"2532","bkbmag1","Black-billed Magpie","Pica hudsonia","L2677722","Ken Caryl Valley - Buckthorn Drive (north half)","2025-10-15 09:03",1,39.576536,-105.1615942,TRUE,FALSE,TRUE,"S279526564"
"2533","bkbmag1","Black-billed Magpie","Pica hudsonia","L37374202","7007 Bayou Gulch Rd, Parker US-CO 39.43774, -104.75447","2025-10-15 09:03",1,39.43774,-104.754468,TRUE,FALSE,TRUE,"S279528947"
"2534","bkbmag1","Black-billed Magpie","Pica hudsonia","L18476440","Ochoco Preserve (restricted access)","2025-10-15 09:00",15,44.3236826,-120.8933318,TRUE,FALSE,FALSE,"S279607767"
"2535","bkbmag1","Black-billed Magpie","Pica hudsonia","L10832724","Point Woronzof Rd. & Airport Perimeter","2025-10-15 08:59",4,61.19046,-150.0145158,TRUE,FALSE,FALSE,"S279581556"
"2536","bkbmag1","Black-billed Magpie","Pica hudsonia","L53707429","CB South","2025-10-15 08:56",2,38.813267,-106.882022,TRUE,FALSE,TRUE,"S279557839"
"2537","bkbmag1","Black-billed Magpie","Pica hudsonia","L12761245","Cherry Creek State Park, Englewood US-CO 39.62431, -104.86947","2025-10-15 08:55",6,39.624308,-104.869475,TRUE,FALSE,TRUE,"S279527731"
"2538","bkbmag1","Black-billed Magpie","Pica hudsonia","L5884131","Rocky Mountain NP--Coyote Valley Trail","2025-10-15 08:54",1,40.3445489,-105.8606315,TRUE,FALSE,FALSE,"S279883250"
"2539","bkbmag1","Black-billed Magpie","Pica hudsonia","L23953834","CR-80 (West of CR-70)","2025-10-15 08:49",6,40.5168526,-107.2427773,TRUE,FALSE,TRUE,"S279541701"
"2540","bkbmag1","Black-billed Magpie","Pica hudsonia","L5954603","Maple Grove and Lake Hazel Roads","2025-10-15 08:49",1,43.5468789,-116.2938813,TRUE,FALSE,TRUE,"S279529667"
"2541","bkbmag1","Black-billed Magpie","Pica hudsonia","L456475","Lory SP","2025-10-15 08:46",2,40.564245,-105.1747048,TRUE,FALSE,FALSE,"S279566654"
"2542","bkbmag1","Black-billed Magpie","Pica hudsonia","L54072795","Park City Golf Course","2025-10-15 08:45",1,40.692515,-111.551431,TRUE,FALSE,TRUE,"S279519644"
"2543","bkbmag1","Black-billed Magpie","Pica hudsonia","L8967671","Bramble Bush wetlands","2025-10-15 08:43",1,39.6512874,-106.6183598,TRUE,FALSE,FALSE,"S279723702"
"2544","bkbmag1","Black-billed Magpie","Pica hudsonia","L54076158","1810 Winne Avenue, Helena, Montana, US (46.582, -112.008)","2025-10-15 08:43",4,46.5816613,-112.0084815,TRUE,FALSE,TRUE,"S279544021"
"2545","bkbmag1","Black-billed Magpie","Pica hudsonia","L2652776","Hondo Avenue (Teller County)","2025-10-15 08:43",1,38.9348062,-105.0284587,TRUE,FALSE,TRUE,"S279652075"
"2546","bkbmag1","Black-billed Magpie","Pica hudsonia","L54091575","Freeze Out, Bighorn National Forest","2025-10-15 08:35",1,44.860582,-107.442086,TRUE,FALSE,TRUE,"S279735128"
"2547","bkbmag1","Black-billed Magpie","Pica hudsonia","L6806746","Rocky Mountain Arsenal NWR-- East Auto Tour","2025-10-15 08:34",1,39.8271985,-104.8160441,TRUE,FALSE,FALSE,"S279545560"
"2548","bkbmag1","Black-billed Magpie","Pica hudsonia","L4227946","Hammer Creek Recreation Site","2025-10-15 08:33",1,45.764383,-116.325169,TRUE,FALSE,FALSE,"S279542113"
"2549","bkbmag1","Black-billed Magpie","Pica hudsonia","L6579429","Confluence Fishing Access","2025-10-15 08:33",1,46.4297742,-117.034564,TRUE,FALSE,FALSE,"S280361186"
"2550","bkbmag1","Black-billed Magpie","Pica hudsonia","L3599017","Bear Creek Trail--Bear Creek Lake Dam to S Kipling Blvd","2025-10-15 08:32",2,39.6616222,-105.1186895,TRUE,FALSE,FALSE,"S279537945"
"2551","bkbmag1","Black-billed Magpie","Pica hudsonia","L12630174","Mo Z Trail (Mt. Sentinel)","2025-10-15 08:31",2,46.8343615,-113.9888191,TRUE,FALSE,TRUE,"S279540033"
"2552","bkbmag1","Black-billed Magpie","Pica hudsonia","L1370498","Littleton Backyard","2025-10-15 08:22",1,39.5891826,-105.086001,TRUE,FALSE,TRUE,"S279559480"
"2553","bkbmag1","Black-billed Magpie","Pica hudsonia","L516839","Elk Meadow Park","2025-10-15 08:19",1,39.672,-105.37,TRUE,FALSE,FALSE,"S279545559"
"2554","bkbmag1","Black-billed Magpie","Pica hudsonia","L31928362","CCL","2025-10-15 08:13",1,38.815808,-104.8418,TRUE,FALSE,TRUE,"S279514989"
"2555","bkbmag1","Black-billed Magpie","Pica hudsonia","L5700818","Old Farm","2025-10-15 08:00",1,38.9055092,-104.7296791,TRUE,FALSE,TRUE,"S279521007"
"2556","bkbmag1","Black-billed Magpie","Pica hudsonia","L19828940","Starks Trail (between Two Creeks and Tom Blake)","2025-10-15 07:58",1,39.204006,-106.932194,TRUE,FALSE,TRUE,"S279528420"
"2557","bkbmag1","Black-billed Magpie","Pica hudsonia","L7142467","Red-tailed Hawk Park","2025-10-15 07:58",3,39.5827131,-104.7128177,TRUE,FALSE,FALSE,"S279541827"
"2558","bkbmag1","Black-billed Magpie","Pica hudsonia","L54242600","AdventHealth Littleton, Littleton US-CO","2025-10-15 07:50",3,39.577852,-104.988329,TRUE,FALSE,TRUE,"S280326263"
"2559","bkbmag1","Black-billed Magpie","Pica hudsonia","L8759895","Road 6 NW, Quincy US-WA (47.1667,-119.9771)","2025-10-15 07:48",7,47.166688,-119.977053,TRUE,FALSE,TRUE,"S279522876"
"2560","bkbmag1","Black-billed Magpie","Pica hudsonia","L1043840","Mendon Road Management Area","2025-10-15 07:45",1,41.7191196,-111.9449329,TRUE,FALSE,FALSE,"S279801818"
"2561","bkbmag1","Black-billed Magpie","Pica hudsonia","L2844654","Vista Pond","2025-10-15 07:45",3,37.2474283,-107.0945334,TRUE,FALSE,FALSE,"S279514025"
"2562","bkbmag1","Black-billed Magpie","Pica hudsonia","L51070177","Camas NWR Observation Tower","2025-10-15 07:45",1,43.92829,-112.270032,TRUE,FALSE,TRUE,"S279579038"
"2563","bkbmag1","Black-billed Magpie","Pica hudsonia","L53655474","Cherry Creek SP","2025-10-15 07:38",2,39.6363574,-104.8430343,TRUE,FALSE,TRUE,"S279551578"
"2564","bkbmag1","Black-billed Magpie","Pica hudsonia","L15031065","Thief Lake WMA","2025-10-15 07:33",5,48.477252,-95.925921,TRUE,FALSE,FALSE,"S279624829"
"2565","bkbmag1","Black-billed Magpie","Pica hudsonia","L2368961","Tetilla Peak Recreation Area","2025-10-15 07:32",1,35.646765,-106.3061571,TRUE,FALSE,FALSE,"S279545453"
"2566","bkbmag1","Black-billed Magpie","Pica hudsonia","L46843581","Hobbes Reservoir","2025-10-15 07:23",1,41.1006469,-111.9176793,TRUE,FALSE,TRUE,"S279499400"
"2567","bkbmag1","Black-billed Magpie","Pica hudsonia","L45724882","My backyard","2025-10-15 07:22",2,39.552628,-104.943629,TRUE,FALSE,TRUE,"S279515176"
"2568","bkbmag1","Black-billed Magpie","Pica hudsonia","L9896564","Rocky Mountain Arsenal NWR-- Visitor Center","2025-10-15 07:21",2,39.8151529,-104.8804578,TRUE,FALSE,FALSE,"S279512924"
"2569","bkbmag1","Black-billed Magpie","Pica hudsonia","L19613301","North Cottonwood Creek","2025-10-15 07:21",5,38.0436156,-109.5813844,TRUE,FALSE,FALSE,"S280706449"
"2570","bkbmag1","Black-billed Magpie","Pica hudsonia","L54070935","Chama—River Bend Lodge","2025-10-15 07:13",3,36.873238,-106.58362,TRUE,FALSE,TRUE,"S279506060"
"2571","bkbmag1","Black-billed Magpie","Pica hudsonia","L54071588","US-395 N, Lee Vining US-CA 37.86540, -119.08673","2025-10-15 07:13",3,37.865402,-119.086727,TRUE,FALSE,TRUE,"S279510145"
"2572","bkbmag1","Black-billed Magpie","Pica hudsonia","L52835344","ACNP Banding Station (private property)","2025-10-15 07:11",1,40.174765,-105.248343,TRUE,FALSE,TRUE,"S280990837"
"2573","bkbmag1","Black-billed Magpie","Pica hudsonia","L26967778","WyoBIRD fall migration banding station (restricted access)","2025-10-15 07:10",1,41.329636,-105.603961,TRUE,FALSE,FALSE,"S279569463"
"2574","bkbmag1","Black-billed Magpie","Pica hudsonia","L54185554","Elk Scouting day 1","2025-10-15 07:00",6,41.190712,-107.326314,TRUE,FALSE,TRUE,"S280070960"
"2575","bkbmag1","Black-billed Magpie","Pica hudsonia","L54089102","C And a Wedding","2025-10-15 07:00",10,40.089364,-105.302626,TRUE,FALSE,TRUE,"S279607915"
"2576","bkbmag1","Black-billed Magpie","Pica hudsonia","L666232","Mt. Spokane Foothills--Madison/Holcomb Roads","2025-10-15 07:00",2,47.8299177,-117.2076309,TRUE,FALSE,FALSE,"S279589961"
"2577","bkbmag1","Black-billed Magpie","Pica hudsonia","L54184975","Elk Hunt Day 1","2025-10-15 06:45",8,41.145486,-107.314521,TRUE,FALSE,TRUE,"S280068097"
"2578","bkbmag1","Black-billed Magpie","Pica hudsonia","L2959574","Blodgett Peak Open Space","2025-10-15 06:42",3,38.9487044,-104.8916245,TRUE,FALSE,FALSE,"S280183684"
"2579","bkbmag1","Black-billed Magpie","Pica hudsonia","L39080627","Pogue Flats, Omak, WA","2025-10-15 06:42",1,48.4225,-119.54361,TRUE,FALSE,TRUE,"S279678499"
